date,stop,seq,direction,hour,boardings,weekday,week_num,semester,sem_num,is_exam,is_exam_mid,is_exam_fin,is_pre_exam,is_holiday,is_sat_1floor,is_sat_2floor,boardings_lag1,temp_avg,precip_mm,is_rainy,is_cold,is_hot
2025_03_05,사당역9번출구앞,32,arrive,7,69.0,2,1,2025_1,1,0,0,0,0,0,1,1,,3.5,0.2,0,1,0
2025_03_06,사당역9번출구앞,32,arrive,7,69.0,3,1,2025_1,1,0,0,0,0,0,1,1,69.0,3.4,0.0,0,1,0
2025_03_07,사당역9번출구앞,32,arrive,7,38.0,4,1,2025_1,1,0,0,0,0,0,0,0,69.0,2.8,0.0,0,1,0
2025_03_10,사당역9번출구앞,32,arrive,7,73.0,0,2,2025_1,1,0,0,0,0,0,1,1,38.0,6.0,0.0,0,0,0
2025_03_12,사당역9번출구앞,32,arrive,7,97.0,2,2,2025_1,1,0,0,0,0,0,1,1,73.0,7.3,0.1,0,0,0
2025_03_13,사당역9번출구앞,32,arrive,7,89.0,3,2,2025_1,1,0,0,0,0,0,1,1,97.0,6.6,0.0,0,0,0
2025_03_14,사당역9번출구앞,32,arrive,7,59.0,4,2,2025_1,1,0,0,0,0,0,1,0,89.0,10.4,0.0,0,0,0
2025_03_17,사당역9번출구앞,32,arrive,7,98.0,0,3,2025_1,1,0,0,0,0,0,1,1,59.0,0.3,0.1,0,1,0
2025_03_18,사당역9번출구앞,32,arrive,7,91.0,1,3,2025_1,1,0,0,0,0,0,1,1,98.0,0.7,4.5,1,1,0
2025_03_19,사당역9번출구앞,32,arrive,7,99.0,2,3,2025_1,1,0,0,0,0,0,1,1,91.0,-0.8,0.0,0,1,0
2025_03_20,사당역9번출구앞,32,arrive,7,92.0,3,3,2025_1,1,0,0,0,0,0,1,1,99.0,6.1,0.0,0,0,0
2025_03_21,사당역9번출구앞,32,arrive,7,73.0,4,3,2025_1,1,0,0,0,0,0,1,1,92.0,9.6,0.0,0,0,0
2025_03_24,사당역9번출구앞,32,arrive,7,96.0,0,4,2025_1,1,0,0,0,0,0,1,1,73.0,14.1,0.0,0,0,0
2025_03_25,사당역9번출구앞,32,arrive,7,99.0,1,4,2025_1,1,0,0,0,0,0,1,1,96.0,13.2,0.0,0,0,0
2025_03_26,사당역9번출구앞,32,arrive,7,97.0,2,4,2025_1,1,0,0,0,0,0,1,1,99.0,12.6,0.0,0,0,0
2025_03_27,사당역9번출구앞,32,arrive,7,91.0,3,4,2025_1,1,0,0,0,0,0,1,1,97.0,12.6,1.0,1,0,0
2025_03_28,사당역9번출구앞,32,arrive,7,98.0,4,4,2025_1,1,0,0,0,0,0,1,1,91.0,6.0,0.0,0,0,0
2025_03_31,사당역9번출구앞,32,arrive,7,98.0,0,5,2025_1,1,0,0,0,0,0,1,1,98.0,5.2,0.0,0,0,0
2025_04_01,사당역9번출구앞,32,arrive,7,69.0,1,5,2025_1,1,0,0,0,0,0,1,1,98.0,7.6,0.0,0,0,0
2025_04_02,사당역9번출구앞,32,arrive,7,70.0,2,5,2025_1,1,0,0,0,0,0,1,1,69.0,7.6,0.6,1,0,0
2025_04_03,사당역9번출구앞,32,arrive,7,70.0,3,5,2025_1,1,0,0,0,0,0,1,1,70.0,7.8,0.0,0,0,0
2025_04_04,사당역9번출구앞,32,arrive,7,35.0,4,5,2025_1,1,0,0,0,0,0,0,0,70.0,9.0,0.0,0,0,0
2025_04_07,사당역9번출구앞,32,arrive,7,69.0,0,6,2025_1,1,0,0,0,1,0,1,1,35.0,10.9,0.0,0,0,0
2025_04_08,사당역9번출구앞,32,arrive,7,41.0,1,6,2025_1,1,0,0,0,1,0,0,0,69.0,11.1,3.3,1,0,0
2025_04_09,사당역9번출구앞,32,arrive,7,70.0,2,6,2025_1,1,0,0,0,1,0,1,1,41.0,10.8,0.2,0,0,0
2025_04_10,사당역9번출구앞,32,arrive,7,60.0,3,6,2025_1,1,0,0,0,1,0,1,0,70.0,11.0,0.0,0,0,0
2025_04_11,사당역9번출구앞,32,arrive,7,38.0,4,6,2025_1,1,0,0,0,1,0,0,0,60.0,12.8,0.0,0,0,0
2025_04_14,사당역9번출구앞,32,arrive,7,41.0,0,7,2025_1,1,0,0,0,0,0,0,0,38.0,4.6,8.8,1,1,0
2025_04_15,사당역9번출구앞,32,arrive,7,69.0,1,7,2025_1,1,0,0,0,0,0,1,1,41.0,5.6,0.0,0,0,0
2025_04_16,사당역9번출구앞,32,arrive,7,41.0,2,7,2025_1,1,1,1,0,0,0,0,0,69.0,12.2,1.4,1,0,0
2025_04_17,사당역9번출구앞,32,arrive,7,49.0,3,7,2025_1,1,1,1,0,0,0,1,0,41.0,18.0,0.0,0,0,0
2025_04_18,사당역9번출구앞,32,arrive,7,39.0,4,7,2025_1,1,1,1,0,0,0,0,0,49.0,16.8,0.0,0,0,0
2025_04_21,사당역9번출구앞,32,arrive,7,41.0,0,8,2025_1,1,1,1,0,0,0,0,0,39.0,18.0,0.0,0,0,0
2025_04_22,사당역9번출구앞,32,arrive,7,70.0,1,8,2025_1,1,1,1,0,0,0,1,1,41.0,16.2,25.2,1,0,0
2025_04_23,사당역9번출구앞,32,arrive,7,65.0,2,8,2025_1,1,1,1,0,0,0,1,0,70.0,15.2,0.0,0,0,0
2025_04_24,사당역9번출구앞,32,arrive,7,49.0,3,8,2025_1,1,1,1,0,0,0,1,0,65.0,12.3,0.0,0,0,0
2025_04_25,사당역9번출구앞,32,arrive,7,33.0,4,8,2025_1,1,1,1,0,0,0,0,0,49.0,10.4,0.0,0,0,0
2025_04_28,사당역9번출구앞,32,arrive,7,56.0,0,9,2025_1,1,1,1,0,0,0,1,0,33.0,12.4,0.0,0,0,0
2025_04_29,사당역9번출구앞,32,arrive,7,69.0,1,9,2025_1,1,1,1,0,0,0,1,1,56.0,12.0,0.0,0,0,0
2025_04_30,사당역9번출구앞,32,arrive,7,48.0,2,9,2025_1,1,1,1,0,0,0,1,0,69.0,16.2,0.0,0,0,0
2025_05_01,사당역9번출구앞,32,arrive,7,19.0,3,9,2025_1,1,0,0,0,0,0,0,0,48.0,12.6,22.3,1,0,0
2025_05_02,사당역9번출구앞,32,arrive,7,31.0,4,9,2025_1,1,0,0,0,0,0,0,0,19.0,12.1,0.0,0,0,0
2025_05_05,사당역9번출구앞,32,arrive,7,6.0,0,10,2025_1,1,0,0,0,0,1,0,0,31.0,10.6,0.3,0,0,0
2025_05_06,사당역9번출구앞,32,arrive,7,9.0,1,10,2025_1,1,0,0,0,0,1,0,0,6.0,12.5,0.0,0,0,0
2025_05_07,사당역9번출구앞,32,arrive,7,69.0,2,10,2025_1,1,0,0,0,0,0,1,1,9.0,12.6,0.1,0,0,0
2025_05_08,사당역9번출구앞,32,arrive,7,49.0,3,10,2025_1,1,0,0,0,0,0,1,0,69.0,15.4,0.0,0,0,0
2025_05_09,사당역9번출구앞,32,arrive,7,46.0,4,10,2025_1,1,0,0,0,0,0,1,0,49.0,13.6,21.7,1,0,0
2025_05_12,사당역9번출구앞,32,arrive,7,70.0,0,11,2025_1,1,0,0,0,0,0,1,1,46.0,15.0,0.0,0,0,0
2025_05_13,사당역9번출구앞,32,arrive,7,70.0,1,11,2025_1,1,0,0,0,0,0,1,1,70.0,19.0,0.0,0,0,0
2025_05_14,사당역9번출구앞,32,arrive,7,68.0,2,11,2025_1,1,0,0,0,0,0,1,1,70.0,20.4,0.1,0,0,0
2025_05_15,사당역9번출구앞,32,arrive,7,70.0,3,11,2025_1,1,0,0,0,0,0,1,1,68.0,19.4,4.7,1,0,0
2025_05_16,사당역9번출구앞,32,arrive,7,33.0,4,11,2025_1,1,0,0,0,0,0,0,0,70.0,20.0,16.3,1,0,0
2025_05_19,사당역9번출구앞,32,arrive,7,69.0,0,12,2025_1,1,0,0,0,0,0,1,1,33.0,15.0,0.0,0,0,0
2025_05_20,사당역9번출구앞,32,arrive,7,69.0,1,12,2025_1,1,0,0,0,0,0,1,1,69.0,21.3,0.2,0,0,0
2025_05_21,사당역9번출구앞,32,arrive,7,52.0,2,12,2025_1,1,0,0,0,0,0,1,0,69.0,24.2,0.4,0,0,0
2025_05_22,사당역9번출구앞,32,arrive,7,69.0,3,12,2025_1,1,0,0,0,0,0,1,1,52.0,22.7,2.6,1,0,0
2025_05_23,사당역9번출구앞,32,arrive,7,46.0,4,12,2025_1,1,0,0,0,0,0,1,0,69.0,19.3,3.5,1,0,0
2025_05_26,사당역9번출구앞,32,arrive,7,49.0,0,13,2025_1,1,0,0,0,1,0,1,0,46.0,18.7,0.0,0,0,0
2025_05_27,사당역9번출구앞,32,arrive,7,57.0,1,13,2025_1,1,0,0,0,1,0,1,0,49.0,19.6,0.0,0,0,0
2025_05_28,사당역9번출구앞,32,arrive,7,41.0,2,13,2025_1,1,0,0,0,1,0,0,0,57.0,19.5,0.6,1,0,0
2025_05_29,사당역9번출구앞,32,arrive,7,44.0,3,13,2025_1,1,0,0,0,1,0,1,0,41.0,20.4,0.4,0,0,0
2025_05_30,사당역9번출구앞,32,arrive,7,37.0,4,13,2025_1,1,0,0,0,1,0,0,0,44.0,21.7,0.0,0,0,0
2025_06_02,사당역9번출구앞,32,arrive,7,70.0,0,14,2025_1,1,0,0,0,0,0,1,1,37.0,20.2,1.0,1,0,0
2025_06_03,사당역9번출구앞,32,arrive,7,8.0,1,14,2025_1,1,0,0,0,0,0,0,0,70.0,20.2,0.2,0,0,0
2025_06_04,사당역9번출구앞,32,arrive,7,70.0,2,14,2025_1,1,1,0,1,0,0,1,1,8.0,19.0,0.0,0,0,0
2025_06_05,사당역9번출구앞,32,arrive,7,69.0,3,14,2025_1,1,1,0,1,0,0,1,1,70.0,20.0,0.0,0,0,0
2025_06_06,사당역9번출구앞,32,arrive,7,8.0,4,14,2025_1,1,1,0,1,0,1,0,0,69.0,23.3,0.0,0,0,0
2025_06_09,사당역9번출구앞,32,arrive,7,41.0,0,15,2025_1,1,1,0,1,0,0,0,0,8.0,24.5,0.2,0,0,0
2025_06_10,사당역9번출구앞,32,arrive,7,55.0,1,15,2025_1,1,1,0,1,0,0,1,0,41.0,21.0,0.0,0,0,0
2025_06_11,사당역9번출구앞,32,arrive,7,63.0,2,15,2025_1,1,1,0,1,0,0,1,0,55.0,21.2,0.0,0,0,0
2025_06_12,사당역9번출구앞,32,arrive,7,40.0,3,15,2025_1,1,1,0,1,0,0,0,0,63.0,23.9,0.0,0,0,0
2025_06_13,사당역9번출구앞,32,arrive,7,39.0,4,15,2025_1,1,1,0,1,0,0,0,0,40.0,23.2,3.8,1,0,0
2025_06_16,사당역9번출구앞,32,arrive,7,57.0,0,16,2025_1,1,1,0,1,0,0,1,0,39.0,22.8,16.0,1,0,0
2025_06_17,사당역9번출구앞,32,arrive,7,58.0,1,16,2025_1,1,1,0,1,0,0,1,0,57.0,23.0,0.4,0,0,0
2025_06_18,사당역9번출구앞,32,arrive,7,19.0,2,16,2025_1,1,0,0,0,0,0,0,0,58.0,24.2,0.0,0,0,0
2025_06_19,사당역9번출구앞,32,arrive,7,30.0,3,16,2025_1,1,0,0,0,0,0,0,0,19.0,26.2,0.3,0,0,0
2025_06_20,사당역9번출구앞,32,arrive,7,26.0,4,16,2025_1,1,0,0,0,0,0,0,0,30.0,23.0,48.9,1,0,0
2025_06_23,사당역9번출구앞,32,arrive,7,45.0,0,17,2025_1,1,0,0,0,0,0,1,0,26.0,23.3,0.0,0,0,0
2025_08_25,사당역9번출구앞,32,arrive,7,70.0,0,1,2025_2,2,0,0,0,0,0,1,1,45.0,28.0,21.8,1,0,0
2025_08_26,사당역9번출구앞,32,arrive,7,69.0,1,1,2025_2,2,0,0,0,0,0,1,1,70.0,26.1,22.2,1,0,0
2025_08_27,사당역9번출구앞,32,arrive,7,41.0,2,1,2025_2,2,0,0,0,0,0,0,0,69.0,25.9,0.1,0,0,0
2025_08_28,사당역9번출구앞,32,arrive,7,41.0,3,1,2025_2,2,0,0,0,0,0,0,0,41.0,26.6,1.5,1,0,0
2025_08_29,사당역9번출구앞,32,arrive,7,35.0,4,1,2025_2,2,0,0,0,0,0,0,0,41.0,27.6,5.9,1,0,0
2025_09_01,사당역9번출구앞,32,arrive,7,70.0,0,2,2025_2,2,0,0,0,0,0,1,1,35.0,25.7,17.6,1,0,0
2025_09_02,사당역9번출구앞,32,arrive,7,40.0,1,2,2025_2,2,0,0,0,0,0,0,0,70.0,24.3,0.0,0,0,0
2025_09_03,사당역9번출구앞,32,arrive,7,70.0,2,2,2025_2,2,0,0,0,0,0,1,1,40.0,25.0,0.0,0,0,0
2025_09_05,사당역9번출구앞,32,arrive,7,49.0,4,2,2025_2,2,0,0,0,0,0,1,0,70.0,26.1,0.3,0,0,0
2025_09_08,사당역9번출구앞,32,arrive,7,66.0,0,3,2025_2,2,0,0,0,0,0,1,0,49.0,22.8,0.0,0,0,0
2025_09_09,사당역9번출구앞,32,arrive,7,41.0,1,3,2025_2,2,0,0,0,0,0,0,0,66.0,23.0,0.7,1,0,0
2025_09_10,사당역9번출구앞,32,arrive,7,69.0,2,3,2025_2,2,0,0,0,0,0,1,1,41.0,23.8,0.0,0,0,0
2025_09_11,사당역9번출구앞,32,arrive,7,65.0,3,3,2025_2,2,0,0,0,0,0,1,0,69.0,23.4,0.0,0,0,0
2025_09_12,사당역9번출구앞,32,arrive,7,24.0,4,3,2025_2,2,0,0,0,0,0,0,0,65.0,22.0,10.2,1,0,0
2026_03_04,사당역9번출구앞,32,arrive,7,69.0,2,1,2026_1,1,0,0,0,0,0,1,1,24.0,5.0,0.0,0,0,0
2026_03_05,사당역9번출구앞,32,arrive,7,67.0,3,1,2026_1,1,0,0,0,0,0,1,1,69.0,5.4,14.0,1,0,0
2026_03_06,사당역9번출구앞,32,arrive,7,47.0,4,1,2026_1,1,0,0,0,0,0,1,0,67.0,1.0,1.6,1,1,0
2026_03_09,사당역9번출구앞,32,arrive,7,70.0,0,2,2026_1,1,0,0,0,0,0,1,1,47.0,3.0,0.0,0,1,0
2026_03_10,사당역9번출구앞,32,arrive,7,69.0,1,2,2026_1,1,0,0,0,0,0,1,1,70.0,2.2,0.0,0,1,0
2026_03_11,사당역9번출구앞,32,arrive,7,69.0,2,2,2026_1,1,0,0,0,0,0,1,1,69.0,3.4,0.0,0,1,0
2026_03_12,사당역9번출구앞,32,arrive,7,44.0,3,2,2026_1,1,0,0,0,0,0,1,0,69.0,4.9,0.0,0,1,0
2026_03_13,사당역9번출구앞,32,arrive,7,36.0,4,2,2026_1,1,0,0,0,0,0,0,0,44.0,5.8,0.0,0,0,0
2026_03_16,사당역9번출구앞,32,arrive,7,49.0,0,3,2026_1,1,0,0,0,0,0,1,0,36.0,5.8,0.0,0,0,0
2026_03_17,사당역9번출구앞,32,arrive,7,41.0,1,3,2026_1,1,0,0,0,0,0,0,0,49.0,6.0,0.0,0,0,0
2026_03_23,사당역9번출구앞,32,arrive,7,68.0,0,4,2026_1,1,0,0,0,0,0,1,1,41.0,9.6,0.0,0,0,0
2026_03_24,사당역9번출구앞,32,arrive,7,70.0,1,4,2026_1,1,0,0,0,0,0,1,1,68.0,10.6,0.0,0,0,0
2026_03_25,사당역9번출구앞,32,arrive,7,70.0,2,4,2026_1,1,0,0,0,0,0,1,1,70.0,12.0,0.0,0,0,0
2026_03_26,사당역9번출구앞,32,arrive,7,69.0,3,4,2026_1,1,0,0,0,0,0,1,1,70.0,10.5,0.0,0,0,0
2026_03_30,사당역9번출구앞,32,arrive,7,69.0,0,5,2026_1,1,0,0,0,0,0,1,1,69.0,13.7,3.2,1,0,0
2026_03_31,사당역9번출구앞,32,arrive,7,69.0,1,5,2026_1,1,0,0,0,0,0,1,1,69.0,13.6,9.5,1,0,0
2026_04_01,사당역9번출구앞,32,arrive,7,44.0,2,5,2026_1,1,0,0,0,0,0,1,0,69.0,11.5,0.1,0,0,0
2026_04_02,사당역9번출구앞,32,arrive,7,70.0,3,5,2026_1,1,0,0,0,0,0,1,1,44.0,9.6,0.0,0,0,0
2026_04_03,사당역9번출구앞,32,arrive,7,45.0,4,5,2026_1,1,0,0,0,0,0,1,0,70.0,13.0,0.0,0,0,0
2026_04_06,사당역9번출구앞,32,arrive,7,56.0,0,6,2026_1,1,0,0,0,1,0,1,0,45.0,9.1,5.5,1,0,0
2026_04_07,사당역9번출구앞,32,arrive,7,70.0,1,6,2026_1,1,0,0,0,1,0,1,1,56.0,6.4,0.0,0,0,0
2026_04_08,사당역9번출구앞,32,arrive,7,44.0,2,6,2026_1,1,0,0,0,1,0,1,0,70.0,7.4,0.0,0,0,0
2026_04_09,사당역9번출구앞,32,arrive,7,44.0,3,6,2026_1,1,0,0,0,1,0,1,0,44.0,9.1,18.9,1,0,0
2026_04_10,사당역9번출구앞,32,arrive,7,49.0,4,6,2026_1,1,0,0,0,1,0,1,0,44.0,9.8,5.8,1,0,0
2026_04_13,사당역9번출구앞,32,arrive,7,49.0,0,7,2026_1,1,0,0,0,0,0,1,0,49.0,16.4,0.0,0,0,0
2026_04_14,사당역9번출구앞,32,arrive,7,70.0,1,7,2026_1,1,0,0,0,0,0,1,1,49.0,19.0,0.0,0,0,0
2026_04_15,사당역9번출구앞,32,arrive,7,69.0,2,7,2026_1,1,0,0,0,0,0,1,1,70.0,17.6,0.0,0,0,0
2026_04_16,사당역9번출구앞,32,arrive,7,44.0,3,7,2026_1,1,1,1,0,0,0,1,0,69.0,17.8,0.0,0,0,0
2026_04_17,사당역9번출구앞,32,arrive,7,22.0,4,7,2026_1,1,1,1,0,0,0,0,0,44.0,16.0,0.2,0,0,0
2026_04_20,사당역9번출구앞,32,arrive,7,65.0,0,8,2026_1,1,1,1,0,0,0,1,0,22.0,12.2,0.7,1,0,0
2026_04_21,사당역9번출구앞,32,arrive,7,45.0,1,8,2026_1,1,1,1,0,0,0,1,0,65.0,11.1,0.0,0,0,0
2026_04_22,사당역9번출구앞,32,arrive,7,59.0,2,8,2026_1,1,1,1,0,0,0,1,0,45.0,13.4,0.0,0,0,0
2026_04_23,사당역9번출구앞,32,arrive,7,70.0,3,8,2026_1,1,1,1,0,0,0,1,1,59.0,16.1,0.0,0,0,0
2026_04_24,사당역9번출구앞,32,arrive,7,33.0,4,8,2026_1,1,1,1,0,0,0,0,0,70.0,17.2,0.0,0,0,0
2025_03_05,사당역9번출구앞,32,arrive,8,69.0,2,1,2025_1,1,0,0,0,0,0,1,1,,3.5,0.2,0,1,0
2025_03_06,사당역9번출구앞,32,arrive,8,70.0,3,1,2025_1,1,0,0,0,0,0,1,1,69.0,3.4,0.0,0,1,0
2025_03_07,사당역9번출구앞,32,arrive,8,70.0,4,1,2025_1,1,0,0,0,0,0,1,1,70.0,2.8,0.0,0,1,0
2025_03_10,사당역9번출구앞,32,arrive,8,99.0,0,2,2025_1,1,0,0,0,0,0,1,1,70.0,6.0,0.0,0,0,0
2025_03_12,사당역9번출구앞,32,arrive,8,99.0,2,2,2025_1,1,0,0,0,0,0,1,1,99.0,7.3,0.1,0,0,0
2025_03_13,사당역9번출구앞,32,arrive,8,99.0,3,2,2025_1,1,0,0,0,0,0,1,1,99.0,6.6,0.0,0,0,0
2025_03_14,사당역9번출구앞,32,arrive,8,94.0,4,2,2025_1,1,0,0,0,0,0,1,1,99.0,10.4,0.0,0,0,0
2025_03_17,사당역9번출구앞,32,arrive,8,97.0,0,3,2025_1,1,0,0,0,0,0,1,1,94.0,0.3,0.1,0,1,0
2025_03_18,사당역9번출구앞,32,arrive,8,99.0,1,3,2025_1,1,0,0,0,0,0,1,1,97.0,0.7,4.5,1,1,0
2025_03_19,사당역9번출구앞,32,arrive,8,151.0,2,3,2025_1,1,0,0,0,0,0,1,1,99.0,-0.8,0.0,0,1,0
2025_03_20,사당역9번출구앞,32,arrive,8,156.0,3,3,2025_1,1,0,0,0,0,0,1,1,151.0,6.1,0.0,0,0,0
2025_03_21,사당역9번출구앞,32,arrive,8,97.0,4,3,2025_1,1,0,0,0,0,0,1,1,156.0,9.6,0.0,0,0,0
2025_03_24,사당역9번출구앞,32,arrive,8,99.0,0,4,2025_1,1,0,0,0,0,0,1,1,97.0,14.1,0.0,0,0,0
2025_03_25,사당역9번출구앞,32,arrive,8,97.0,1,4,2025_1,1,0,0,0,0,0,1,1,99.0,13.2,0.0,0,0,0
2025_03_26,사당역9번출구앞,32,arrive,8,97.0,2,4,2025_1,1,0,0,0,0,0,1,1,97.0,12.6,0.0,0,0,0
2025_03_27,사당역9번출구앞,32,arrive,8,99.0,3,4,2025_1,1,0,0,0,0,0,1,1,97.0,12.6,1.0,1,0,0
2025_03_28,사당역9번출구앞,32,arrive,8,92.0,4,4,2025_1,1,0,0,0,0,0,1,1,99.0,6.0,0.0,0,0,0
2025_03_31,사당역9번출구앞,32,arrive,8,104.0,0,5,2025_1,1,0,0,0,0,0,1,1,92.0,5.2,0.0,0,0,0
2025_04_01,사당역9번출구앞,32,arrive,8,69.0,1,5,2025_1,1,0,0,0,0,0,1,1,104.0,7.6,0.0,0,0,0
2025_04_02,사당역9번출구앞,32,arrive,8,70.0,2,5,2025_1,1,0,0,0,0,0,1,1,69.0,7.6,0.6,1,0,0
2025_04_03,사당역9번출구앞,32,arrive,8,69.0,3,5,2025_1,1,0,0,0,0,0,1,1,70.0,7.8,0.0,0,0,0
2025_04_04,사당역9번출구앞,32,arrive,8,46.0,4,5,2025_1,1,0,0,0,0,0,1,0,69.0,9.0,0.0,0,0,0
2025_04_07,사당역9번출구앞,32,arrive,8,65.0,0,6,2025_1,1,0,0,0,1,0,1,0,46.0,10.9,0.0,0,0,0
2025_04_08,사당역9번출구앞,32,arrive,8,70.0,1,6,2025_1,1,0,0,0,1,0,1,1,65.0,11.1,3.3,1,0,0
2025_04_09,사당역9번출구앞,32,arrive,8,62.0,2,6,2025_1,1,0,0,0,1,0,1,0,70.0,10.8,0.2,0,0,0
2025_04_10,사당역9번출구앞,32,arrive,8,70.0,3,6,2025_1,1,0,0,0,1,0,1,1,62.0,11.0,0.0,0,0,0
2025_04_11,사당역9번출구앞,32,arrive,8,53.0,4,6,2025_1,1,0,0,0,1,0,1,0,70.0,12.8,0.0,0,0,0
2025_04_14,사당역9번출구앞,32,arrive,8,66.0,0,7,2025_1,1,0,0,0,0,0,1,0,53.0,4.6,8.8,1,1,0
2025_04_15,사당역9번출구앞,32,arrive,8,70.0,1,7,2025_1,1,0,0,0,0,0,1,1,66.0,5.6,0.0,0,0,0
2025_04_16,사당역9번출구앞,32,arrive,8,70.0,2,7,2025_1,1,1,1,0,0,0,1,1,70.0,12.2,1.4,1,0,0
2025_04_17,사당역9번출구앞,32,arrive,8,68.0,3,7,2025_1,1,1,1,0,0,0,1,1,70.0,18.0,0.0,0,0,0
2025_04_18,사당역9번출구앞,32,arrive,8,39.0,4,7,2025_1,1,1,1,0,0,0,0,0,68.0,16.8,0.0,0,0,0
2025_04_21,사당역9번출구앞,32,arrive,8,70.0,0,8,2025_1,1,1,1,0,0,0,1,1,39.0,18.0,0.0,0,0,0
2025_04_22,사당역9번출구앞,32,arrive,8,65.0,1,8,2025_1,1,1,1,0,0,0,1,0,70.0,16.2,25.2,1,0,0
2025_04_23,사당역9번출구앞,32,arrive,8,68.0,2,8,2025_1,1,1,1,0,0,0,1,1,65.0,15.2,0.0,0,0,0
2025_04_24,사당역9번출구앞,32,arrive,8,63.0,3,8,2025_1,1,1,1,0,0,0,1,0,68.0,12.3,0.0,0,0,0
2025_04_25,사당역9번출구앞,32,arrive,8,46.0,4,8,2025_1,1,1,1,0,0,0,1,0,63.0,10.4,0.0,0,0,0
2025_04_28,사당역9번출구앞,32,arrive,8,60.0,0,9,2025_1,1,1,1,0,0,0,1,0,46.0,12.4,0.0,0,0,0
2025_04_29,사당역9번출구앞,32,arrive,8,69.0,1,9,2025_1,1,1,1,0,0,0,1,1,60.0,12.0,0.0,0,0,0
2025_04_30,사당역9번출구앞,32,arrive,8,70.0,2,9,2025_1,1,1,1,0,0,0,1,1,69.0,16.2,0.0,0,0,0
2025_05_01,사당역9번출구앞,32,arrive,8,19.0,3,9,2025_1,1,0,0,0,0,0,0,0,70.0,12.6,22.3,1,0,0
2025_05_02,사당역9번출구앞,32,arrive,8,37.0,4,9,2025_1,1,0,0,0,0,0,0,0,19.0,12.1,0.0,0,0,0
2025_05_05,사당역9번출구앞,32,arrive,8,8.0,0,10,2025_1,1,0,0,0,0,1,0,0,37.0,10.6,0.3,0,0,0
2025_05_06,사당역9번출구앞,32,arrive,8,6.0,1,10,2025_1,1,0,0,0,0,1,0,0,8.0,12.5,0.0,0,0,0
2025_05_07,사당역9번출구앞,32,arrive,8,69.0,2,10,2025_1,1,0,0,0,0,0,1,1,6.0,12.6,0.1,0,0,0
2025_05_08,사당역9번출구앞,32,arrive,8,68.0,3,10,2025_1,1,0,0,0,0,0,1,1,69.0,15.4,0.0,0,0,0
2025_05_09,사당역9번출구앞,32,arrive,8,41.0,4,10,2025_1,1,0,0,0,0,0,0,0,68.0,13.6,21.7,1,0,0
2025_05_12,사당역9번출구앞,32,arrive,8,51.0,0,11,2025_1,1,0,0,0,0,0,1,0,41.0,15.0,0.0,0,0,0
2025_05_13,사당역9번출구앞,32,arrive,8,69.0,1,11,2025_1,1,0,0,0,0,0,1,1,51.0,19.0,0.0,0,0,0
2025_05_14,사당역9번출구앞,32,arrive,8,70.0,2,11,2025_1,1,0,0,0,0,0,1,1,69.0,20.4,0.1,0,0,0
2025_05_15,사당역9번출구앞,32,arrive,8,65.0,3,11,2025_1,1,0,0,0,0,0,1,0,70.0,19.4,4.7,1,0,0
2025_05_16,사당역9번출구앞,32,arrive,8,51.0,4,11,2025_1,1,0,0,0,0,0,1,0,65.0,20.0,16.3,1,0,0
2025_05_19,사당역9번출구앞,32,arrive,8,70.0,0,12,2025_1,1,0,0,0,0,0,1,1,51.0,15.0,0.0,0,0,0
2025_05_20,사당역9번출구앞,32,arrive,8,70.0,1,12,2025_1,1,0,0,0,0,0,1,1,70.0,21.3,0.2,0,0,0
2025_05_21,사당역9번출구앞,32,arrive,8,70.0,2,12,2025_1,1,0,0,0,0,0,1,1,70.0,24.2,0.4,0,0,0
2025_05_22,사당역9번출구앞,32,arrive,8,54.0,3,12,2025_1,1,0,0,0,0,0,1,0,70.0,22.7,2.6,1,0,0
2025_05_23,사당역9번출구앞,32,arrive,8,44.0,4,12,2025_1,1,0,0,0,0,0,1,0,54.0,19.3,3.5,1,0,0
2025_05_26,사당역9번출구앞,32,arrive,8,69.0,0,13,2025_1,1,0,0,0,1,0,1,1,44.0,18.7,0.0,0,0,0
2025_05_27,사당역9번출구앞,32,arrive,8,65.0,1,13,2025_1,1,0,0,0,1,0,1,0,69.0,19.6,0.0,0,0,0
2025_05_28,사당역9번출구앞,32,arrive,8,70.0,2,13,2025_1,1,0,0,0,1,0,1,1,65.0,19.5,0.6,1,0,0
2025_05_29,사당역9번출구앞,32,arrive,8,69.0,3,13,2025_1,1,0,0,0,1,0,1,1,70.0,20.4,0.4,0,0,0
2025_05_30,사당역9번출구앞,32,arrive,8,41.0,4,13,2025_1,1,0,0,0,1,0,0,0,69.0,21.7,0.0,0,0,0
2025_06_02,사당역9번출구앞,32,arrive,8,55.0,0,14,2025_1,1,0,0,0,0,0,1,0,41.0,20.2,1.0,1,0,0
2025_06_03,사당역9번출구앞,32,arrive,8,19.0,1,14,2025_1,1,0,0,0,0,0,0,0,55.0,20.2,0.2,0,0,0
2025_06_04,사당역9번출구앞,32,arrive,8,70.0,2,14,2025_1,1,1,0,1,0,0,1,1,19.0,19.0,0.0,0,0,0
2025_06_05,사당역9번출구앞,32,arrive,8,63.0,3,14,2025_1,1,1,0,1,0,0,1,0,70.0,20.0,0.0,0,0,0
2025_06_06,사당역9번출구앞,32,arrive,8,9.0,4,14,2025_1,1,1,0,1,0,1,0,0,63.0,23.3,0.0,0,0,0
2025_06_09,사당역9번출구앞,32,arrive,8,69.0,0,15,2025_1,1,1,0,1,0,0,1,1,9.0,24.5,0.2,0,0,0
2025_06_10,사당역9번출구앞,32,arrive,8,69.0,1,15,2025_1,1,1,0,1,0,0,1,1,69.0,21.0,0.0,0,0,0
2025_06_11,사당역9번출구앞,32,arrive,8,69.0,2,15,2025_1,1,1,0,1,0,0,1,1,69.0,21.2,0.0,0,0,0
2025_06_12,사당역9번출구앞,32,arrive,8,69.0,3,15,2025_1,1,1,0,1,0,0,1,1,69.0,23.9,0.0,0,0,0
2025_06_13,사당역9번출구앞,32,arrive,8,50.0,4,15,2025_1,1,1,0,1,0,0,1,0,69.0,23.2,3.8,1,0,0
2025_06_16,사당역9번출구앞,32,arrive,8,70.0,0,16,2025_1,1,1,0,1,0,0,1,1,50.0,22.8,16.0,1,0,0
2025_06_17,사당역9번출구앞,32,arrive,8,65.0,1,16,2025_1,1,1,0,1,0,0,1,0,70.0,23.0,0.4,0,0,0
2025_06_18,사당역9번출구앞,32,arrive,8,21.0,2,16,2025_1,1,0,0,0,0,0,0,0,65.0,24.2,0.0,0,0,0
2025_06_19,사당역9번출구앞,32,arrive,8,29.0,3,16,2025_1,1,0,0,0,0,0,0,0,21.0,26.2,0.3,0,0,0
2025_06_20,사당역9번출구앞,32,arrive,8,28.0,4,16,2025_1,1,0,0,0,0,0,0,0,29.0,23.0,48.9,1,0,0
2025_06_23,사당역9번출구앞,32,arrive,8,32.0,0,17,2025_1,1,0,0,0,0,0,0,0,28.0,23.3,0.0,0,0,0
2025_08_25,사당역9번출구앞,32,arrive,8,68.0,0,1,2025_2,2,0,0,0,0,0,1,1,32.0,28.0,21.8,1,0,0
2025_08_26,사당역9번출구앞,32,arrive,8,49.0,1,1,2025_2,2,0,0,0,0,0,1,0,68.0,26.1,22.2,1,0,0
2025_08_27,사당역9번출구앞,32,arrive,8,67.0,2,1,2025_2,2,0,0,0,0,0,1,1,49.0,25.9,0.1,0,0,0
2025_08_28,사당역9번출구앞,32,arrive,8,70.0,3,1,2025_2,2,0,0,0,0,0,1,1,67.0,26.6,1.5,1,0,0
2025_08_29,사당역9번출구앞,32,arrive,8,24.0,4,1,2025_2,2,0,0,0,0,0,0,0,70.0,27.6,5.9,1,0,0
2025_09_01,사당역9번출구앞,32,arrive,8,70.0,0,2,2025_2,2,0,0,0,0,0,1,1,24.0,25.7,17.6,1,0,0
2025_09_02,사당역9번출구앞,32,arrive,8,70.0,1,2,2025_2,2,0,0,0,0,0,1,1,70.0,24.3,0.0,0,0,0
2025_09_03,사당역9번출구앞,32,arrive,8,68.0,2,2,2025_2,2,0,0,0,0,0,1,1,70.0,25.0,0.0,0,0,0
2025_09_05,사당역9번출구앞,32,arrive,8,37.0,4,2,2025_2,2,0,0,0,0,0,0,0,68.0,26.1,0.3,0,0,0
2025_09_08,사당역9번출구앞,32,arrive,8,69.0,0,3,2025_2,2,0,0,0,0,0,1,1,37.0,22.8,0.0,0,0,0
2025_09_09,사당역9번출구앞,32,arrive,8,70.0,1,3,2025_2,2,0,0,0,0,0,1,1,69.0,23.0,0.7,1,0,0
2025_09_10,사당역9번출구앞,32,arrive,8,70.0,2,3,2025_2,2,0,0,0,0,0,1,1,70.0,23.8,0.0,0,0,0
2025_09_11,사당역9번출구앞,32,arrive,8,69.0,3,3,2025_2,2,0,0,0,0,0,1,1,70.0,23.4,0.0,0,0,0
2025_09_12,사당역9번출구앞,32,arrive,8,54.0,4,3,2025_2,2,0,0,0,0,0,1,0,69.0,22.0,10.2,1,0,0
2026_03_04,사당역9번출구앞,32,arrive,8,69.0,2,1,2026_1,1,0,0,0,0,0,1,1,54.0,5.0,0.0,0,0,0
2026_03_05,사당역9번출구앞,32,arrive,8,70.0,3,1,2026_1,1,0,0,0,0,0,1,1,69.0,5.4,14.0,1,0,0
2026_03_06,사당역9번출구앞,32,arrive,8,55.0,4,1,2026_1,1,0,0,0,0,0,1,0,70.0,1.0,1.6,1,1,0
2026_03_09,사당역9번출구앞,32,arrive,8,70.0,0,2,2026_1,1,0,0,0,0,0,1,1,55.0,3.0,0.0,0,1,0
2026_03_10,사당역9번출구앞,32,arrive,8,70.0,1,2,2026_1,1,0,0,0,0,0,1,1,70.0,2.2,0.0,0,1,0
2026_03_11,사당역9번출구앞,32,arrive,8,70.0,2,2,2026_1,1,0,0,0,0,0,1,1,70.0,3.4,0.0,0,1,0
2026_03_12,사당역9번출구앞,32,arrive,8,70.0,3,2,2026_1,1,0,0,0,0,0,1,1,70.0,4.9,0.0,0,1,0
2026_03_13,사당역9번출구앞,32,arrive,8,69.0,4,2,2026_1,1,0,0,0,0,0,1,1,70.0,5.8,0.0,0,0,0
2026_03_16,사당역9번출구앞,32,arrive,8,48.0,0,3,2026_1,1,0,0,0,0,0,1,0,69.0,5.8,0.0,0,0,0
2026_03_17,사당역9번출구앞,32,arrive,8,69.0,1,3,2026_1,1,0,0,0,0,0,1,1,48.0,6.0,0.0,0,0,0
2026_03_23,사당역9번출구앞,32,arrive,8,69.0,0,4,2026_1,1,0,0,0,0,0,1,1,69.0,9.6,0.0,0,0,0
2026_03_24,사당역9번출구앞,32,arrive,8,60.0,1,4,2026_1,1,0,0,0,0,0,1,0,69.0,10.6,0.0,0,0,0
2026_03_25,사당역9번출구앞,32,arrive,8,70.0,2,4,2026_1,1,0,0,0,0,0,1,1,60.0,12.0,0.0,0,0,0
2026_03_26,사당역9번출구앞,32,arrive,8,69.0,3,4,2026_1,1,0,0,0,0,0,1,1,70.0,10.5,0.0,0,0,0
2026_03_30,사당역9번출구앞,32,arrive,8,68.0,0,5,2026_1,1,0,0,0,0,0,1,1,69.0,13.7,3.2,1,0,0
2026_03_31,사당역9번출구앞,32,arrive,8,69.0,1,5,2026_1,1,0,0,0,0,0,1,1,68.0,13.6,9.5,1,0,0
2026_04_01,사당역9번출구앞,32,arrive,8,69.0,2,5,2026_1,1,0,0,0,0,0,1,1,69.0,11.5,0.1,0,0,0
2026_04_02,사당역9번출구앞,32,arrive,8,67.0,3,5,2026_1,1,0,0,0,0,0,1,1,69.0,9.6,0.0,0,0,0
2026_04_03,사당역9번출구앞,32,arrive,8,34.0,4,5,2026_1,1,0,0,0,0,0,0,0,67.0,13.0,0.0,0,0,0
2026_04_06,사당역9번출구앞,32,arrive,8,68.0,0,6,2026_1,1,0,0,0,1,0,1,1,34.0,9.1,5.5,1,0,0
2026_04_07,사당역9번출구앞,32,arrive,8,70.0,1,6,2026_1,1,0,0,0,1,0,1,1,68.0,6.4,0.0,0,0,0
2026_04_08,사당역9번출구앞,32,arrive,8,70.0,2,6,2026_1,1,0,0,0,1,0,1,1,70.0,7.4,0.0,0,0,0
2026_04_09,사당역9번출구앞,32,arrive,8,69.0,3,6,2026_1,1,0,0,0,1,0,1,1,70.0,9.1,18.9,1,0,0
2026_04_10,사당역9번출구앞,32,arrive,8,44.0,4,6,2026_1,1,0,0,0,1,0,1,0,69.0,9.8,5.8,1,0,0
2026_04_13,사당역9번출구앞,32,arrive,8,68.0,0,7,2026_1,1,0,0,0,0,0,1,1,44.0,16.4,0.0,0,0,0
2026_04_14,사당역9번출구앞,32,arrive,8,69.0,1,7,2026_1,1,0,0,0,0,0,1,1,68.0,19.0,0.0,0,0,0
2026_04_15,사당역9번출구앞,32,arrive,8,44.0,2,7,2026_1,1,0,0,0,0,0,1,0,69.0,17.6,0.0,0,0,0
2026_04_16,사당역9번출구앞,32,arrive,8,70.0,3,7,2026_1,1,1,1,0,0,0,1,1,44.0,17.8,0.0,0,0,0
2026_04_17,사당역9번출구앞,32,arrive,8,51.0,4,7,2026_1,1,1,1,0,0,0,1,0,70.0,16.0,0.2,0,0,0
2026_04_20,사당역9번출구앞,32,arrive,8,44.0,0,8,2026_1,1,1,1,0,0,0,1,0,51.0,12.2,0.7,1,0,0
2026_04_21,사당역9번출구앞,32,arrive,8,69.0,1,8,2026_1,1,1,1,0,0,0,1,1,44.0,11.1,0.0,0,0,0
2026_04_22,사당역9번출구앞,32,arrive,8,52.0,2,8,2026_1,1,1,1,0,0,0,1,0,69.0,13.4,0.0,0,0,0
2026_04_23,사당역9번출구앞,32,arrive,8,44.0,3,8,2026_1,1,1,1,0,0,0,1,0,52.0,16.1,0.0,0,0,0
2026_04_24,사당역9번출구앞,32,arrive,8,48.0,4,8,2026_1,1,1,1,0,0,0,1,0,44.0,17.2,0.0,0,0,0
2025_03_05,사당역9번출구앞,32,arrive,9,70.0,2,1,2025_1,1,0,0,0,0,0,1,1,,3.5,0.2,0,1,0
2025_03_06,사당역9번출구앞,32,arrive,9,68.0,3,1,2025_1,1,0,0,0,0,0,1,1,70.0,3.4,0.0,0,1,0
2025_03_07,사당역9번출구앞,32,arrive,9,39.0,4,1,2025_1,1,0,0,0,0,0,0,0,68.0,2.8,0.0,0,1,0
2025_03_10,사당역9번출구앞,32,arrive,9,98.0,0,2,2025_1,1,0,0,0,0,0,1,1,39.0,6.0,0.0,0,0,0
2025_03_12,사당역9번출구앞,32,arrive,9,98.0,2,2,2025_1,1,0,0,0,0,0,1,1,98.0,7.3,0.1,0,0,0
2025_03_13,사당역9번출구앞,32,arrive,9,99.0,3,2,2025_1,1,0,0,0,0,0,1,1,98.0,6.6,0.0,0,0,0
2025_03_14,사당역9번출구앞,32,arrive,9,91.0,4,2,2025_1,1,0,0,0,0,0,1,1,99.0,10.4,0.0,0,0,0
2025_03_17,사당역9번출구앞,32,arrive,9,68.0,0,3,2025_1,1,0,0,0,0,0,1,1,91.0,0.3,0.1,0,1,0
2025_03_18,사당역9번출구앞,32,arrive,9,98.0,1,3,2025_1,1,0,0,0,0,0,1,1,68.0,0.7,4.5,1,1,0
2025_03_19,사당역9번출구앞,32,arrive,9,68.0,2,3,2025_1,1,0,0,0,0,0,1,1,98.0,-0.8,0.0,0,1,0
2025_03_20,사당역9번출구앞,32,arrive,9,59.0,3,3,2025_1,1,0,0,0,0,0,1,0,68.0,6.1,0.0,0,0,0
2025_03_21,사당역9번출구앞,32,arrive,9,79.0,4,3,2025_1,1,0,0,0,0,0,1,1,59.0,9.6,0.0,0,0,0
2025_03_24,사당역9번출구앞,32,arrive,9,83.0,0,4,2025_1,1,0,0,0,0,0,1,1,79.0,14.1,0.0,0,0,0
2025_03_25,사당역9번출구앞,32,arrive,9,96.0,1,4,2025_1,1,0,0,0,0,0,1,1,83.0,13.2,0.0,0,0,0
2025_03_26,사당역9번출구앞,32,arrive,9,90.0,2,4,2025_1,1,0,0,0,0,0,1,1,96.0,12.6,0.0,0,0,0
2025_03_27,사당역9번출구앞,32,arrive,9,98.0,3,4,2025_1,1,0,0,0,0,0,1,1,90.0,12.6,1.0,1,0,0
2025_03_28,사당역9번출구앞,32,arrive,9,82.0,4,4,2025_1,1,0,0,0,0,0,1,1,98.0,6.0,0.0,0,0,0
2025_03_31,사당역9번출구앞,32,arrive,9,61.0,0,5,2025_1,1,0,0,0,0,0,1,0,82.0,5.2,0.0,0,0,0
2025_04_01,사당역9번출구앞,32,arrive,9,60.0,1,5,2025_1,1,0,0,0,0,0,1,0,61.0,7.6,0.0,0,0,0
2025_04_02,사당역9번출구앞,32,arrive,9,60.0,2,5,2025_1,1,0,0,0,0,0,1,0,60.0,7.6,0.6,1,0,0
2025_04_03,사당역9번출구앞,32,arrive,9,41.0,3,5,2025_1,1,0,0,0,0,0,0,0,60.0,7.8,0.0,0,0,0
2025_04_04,사당역9번출구앞,32,arrive,9,45.0,4,5,2025_1,1,0,0,0,0,0,1,0,41.0,9.0,0.0,0,0,0
2025_04_07,사당역9번출구앞,32,arrive,9,57.0,0,6,2025_1,1,0,0,0,1,0,1,0,45.0,10.9,0.0,0,0,0
2025_04_08,사당역9번출구앞,32,arrive,9,57.0,1,6,2025_1,1,0,0,0,1,0,1,0,57.0,11.1,3.3,1,0,0
2025_04_09,사당역9번출구앞,32,arrive,9,67.0,2,6,2025_1,1,0,0,0,1,0,1,1,57.0,10.8,0.2,0,0,0
2025_04_10,사당역9번출구앞,32,arrive,9,55.0,3,6,2025_1,1,0,0,0,1,0,1,0,67.0,11.0,0.0,0,0,0
2025_04_11,사당역9번출구앞,32,arrive,9,40.0,4,6,2025_1,1,0,0,0,1,0,0,0,55.0,12.8,0.0,0,0,0
2025_04_14,사당역9번출구앞,32,arrive,9,53.0,0,7,2025_1,1,0,0,0,0,0,1,0,40.0,4.6,8.8,1,1,0
2025_04_15,사당역9번출구앞,32,arrive,9,53.0,1,7,2025_1,1,0,0,0,0,0,1,0,53.0,5.6,0.0,0,0,0
2025_04_16,사당역9번출구앞,32,arrive,9,59.0,2,7,2025_1,1,1,1,0,0,0,1,0,53.0,12.2,1.4,1,0,0
2025_04_17,사당역9번출구앞,32,arrive,9,43.0,3,7,2025_1,1,1,1,0,0,0,1,0,59.0,18.0,0.0,0,0,0
2025_04_18,사당역9번출구앞,32,arrive,9,62.0,4,7,2025_1,1,1,1,0,0,0,1,0,43.0,16.8,0.0,0,0,0
2025_04_21,사당역9번출구앞,32,arrive,9,34.0,0,8,2025_1,1,1,1,0,0,0,0,0,62.0,18.0,0.0,0,0,0
2025_04_22,사당역9번출구앞,32,arrive,9,70.0,1,8,2025_1,1,1,1,0,0,0,1,1,34.0,16.2,25.2,1,0,0
2025_04_23,사당역9번출구앞,32,arrive,9,64.0,2,8,2025_1,1,1,1,0,0,0,1,0,70.0,15.2,0.0,0,0,0
2025_04_24,사당역9번출구앞,32,arrive,9,61.0,3,8,2025_1,1,1,1,0,0,0,1,0,64.0,12.3,0.0,0,0,0
2025_04_25,사당역9번출구앞,32,arrive,9,48.0,4,8,2025_1,1,1,1,0,0,0,1,0,61.0,10.4,0.0,0,0,0
2025_04_28,사당역9번출구앞,32,arrive,9,63.0,0,9,2025_1,1,1,1,0,0,0,1,0,48.0,12.4,0.0,0,0,0
2025_04_29,사당역9번출구앞,32,arrive,9,51.0,1,9,2025_1,1,1,1,0,0,0,1,0,63.0,12.0,0.0,0,0,0
2025_04_30,사당역9번출구앞,32,arrive,9,57.0,2,9,2025_1,1,1,1,0,0,0,1,0,51.0,16.2,0.0,0,0,0
2025_05_01,사당역9번출구앞,32,arrive,9,31.0,3,9,2025_1,1,0,0,0,0,0,0,0,57.0,12.6,22.3,1,0,0
2025_05_02,사당역9번출구앞,32,arrive,9,48.0,4,9,2025_1,1,0,0,0,0,0,1,0,31.0,12.1,0.0,0,0,0
2025_05_05,사당역9번출구앞,32,arrive,9,10.0,0,10,2025_1,1,0,0,0,0,1,0,0,48.0,10.6,0.3,0,0,0
2025_05_06,사당역9번출구앞,32,arrive,9,8.0,1,10,2025_1,1,0,0,0,0,1,0,0,10.0,12.5,0.0,0,0,0
2025_05_07,사당역9번출구앞,32,arrive,9,49.0,2,10,2025_1,1,0,0,0,0,0,1,0,8.0,12.6,0.1,0,0,0
2025_05_08,사당역9번출구앞,32,arrive,9,70.0,3,10,2025_1,1,0,0,0,0,0,1,1,49.0,15.4,0.0,0,0,0
2025_05_09,사당역9번출구앞,32,arrive,9,61.0,4,10,2025_1,1,0,0,0,0,0,1,0,70.0,13.6,21.7,1,0,0
2025_05_12,사당역9번출구앞,32,arrive,9,40.0,0,11,2025_1,1,0,0,0,0,0,0,0,61.0,15.0,0.0,0,0,0
2025_05_13,사당역9번출구앞,32,arrive,9,58.0,1,11,2025_1,1,0,0,0,0,0,1,0,40.0,19.0,0.0,0,0,0
2025_05_14,사당역9번출구앞,32,arrive,9,41.0,2,11,2025_1,1,0,0,0,0,0,0,0,58.0,20.4,0.1,0,0,0
2025_05_15,사당역9번출구앞,32,arrive,9,59.0,3,11,2025_1,1,0,0,0,0,0,1,0,41.0,19.4,4.7,1,0,0
2025_05_16,사당역9번출구앞,32,arrive,9,61.0,4,11,2025_1,1,0,0,0,0,0,1,0,59.0,20.0,16.3,1,0,0
2025_05_19,사당역9번출구앞,32,arrive,9,49.0,0,12,2025_1,1,0,0,0,0,0,1,0,61.0,15.0,0.0,0,0,0
2025_05_20,사당역9번출구앞,32,arrive,9,70.0,1,12,2025_1,1,0,0,0,0,0,1,1,49.0,21.3,0.2,0,0,0
2025_05_21,사당역9번출구앞,32,arrive,9,56.0,2,12,2025_1,1,0,0,0,0,0,1,0,70.0,24.2,0.4,0,0,0
2025_05_22,사당역9번출구앞,32,arrive,9,67.0,3,12,2025_1,1,0,0,0,0,0,1,1,56.0,22.7,2.6,1,0,0
2025_05_23,사당역9번출구앞,32,arrive,9,57.0,4,12,2025_1,1,0,0,0,0,0,1,0,67.0,19.3,3.5,1,0,0
2025_05_26,사당역9번출구앞,32,arrive,9,44.0,0,13,2025_1,1,0,0,0,1,0,1,0,57.0,18.7,0.0,0,0,0
2025_05_27,사당역9번출구앞,32,arrive,9,70.0,1,13,2025_1,1,0,0,0,1,0,1,1,44.0,19.6,0.0,0,0,0
2025_05_28,사당역9번출구앞,32,arrive,9,68.0,2,13,2025_1,1,0,0,0,1,0,1,1,70.0,19.5,0.6,1,0,0
2025_05_29,사당역9번출구앞,32,arrive,9,55.0,3,13,2025_1,1,0,0,0,1,0,1,0,68.0,20.4,0.4,0,0,0
2025_05_30,사당역9번출구앞,32,arrive,9,41.0,4,13,2025_1,1,0,0,0,1,0,0,0,55.0,21.7,0.0,0,0,0
2025_06_02,사당역9번출구앞,32,arrive,9,41.0,0,14,2025_1,1,0,0,0,0,0,0,0,41.0,20.2,1.0,1,0,0
2025_06_03,사당역9번출구앞,32,arrive,9,17.0,1,14,2025_1,1,0,0,0,0,0,0,0,41.0,20.2,0.2,0,0,0
2025_06_04,사당역9번출구앞,32,arrive,9,69.0,2,14,2025_1,1,1,0,1,0,0,1,1,17.0,19.0,0.0,0,0,0
2025_06_05,사당역9번출구앞,32,arrive,9,49.0,3,14,2025_1,1,1,0,1,0,0,1,0,69.0,20.0,0.0,0,0,0
2025_06_06,사당역9번출구앞,32,arrive,9,11.0,4,14,2025_1,1,1,0,1,0,1,0,0,49.0,23.3,0.0,0,0,0
2025_06_09,사당역9번출구앞,32,arrive,9,53.0,0,15,2025_1,1,1,0,1,0,0,1,0,11.0,24.5,0.2,0,0,0
2025_06_10,사당역9번출구앞,32,arrive,9,51.0,1,15,2025_1,1,1,0,1,0,0,1,0,53.0,21.0,0.0,0,0,0
2025_06_11,사당역9번출구앞,32,arrive,9,63.0,2,15,2025_1,1,1,0,1,0,0,1,0,51.0,21.2,0.0,0,0,0
2025_06_12,사당역9번출구앞,32,arrive,9,52.0,3,15,2025_1,1,1,0,1,0,0,1,0,63.0,23.9,0.0,0,0,0
2025_06_13,사당역9번출구앞,32,arrive,9,58.0,4,15,2025_1,1,1,0,1,0,0,1,0,52.0,23.2,3.8,1,0,0
2025_06_16,사당역9번출구앞,32,arrive,9,49.0,0,16,2025_1,1,1,0,1,0,0,1,0,58.0,22.8,16.0,1,0,0
2025_06_17,사당역9번출구앞,32,arrive,9,60.0,1,16,2025_1,1,1,0,1,0,0,1,0,49.0,23.0,0.4,0,0,0
2025_06_18,사당역9번출구앞,32,arrive,9,24.0,2,16,2025_1,1,0,0,0,0,0,0,0,60.0,24.2,0.0,0,0,0
2025_06_19,사당역9번출구앞,32,arrive,9,20.0,3,16,2025_1,1,0,0,0,0,0,0,0,24.0,26.2,0.3,0,0,0
2025_06_20,사당역9번출구앞,32,arrive,9,33.0,4,16,2025_1,1,0,0,0,0,0,0,0,20.0,23.0,48.9,1,0,0
2025_06_23,사당역9번출구앞,32,arrive,9,17.0,0,17,2025_1,1,0,0,0,0,0,0,0,33.0,23.3,0.0,0,0,0
2025_08_25,사당역9번출구앞,32,arrive,9,33.0,0,1,2025_2,2,0,0,0,0,0,0,0,17.0,28.0,21.8,1,0,0
2025_08_26,사당역9번출구앞,32,arrive,9,68.0,1,1,2025_2,2,0,0,0,0,0,1,1,33.0,26.1,22.2,1,0,0
2025_08_27,사당역9번출구앞,32,arrive,9,50.0,2,1,2025_2,2,0,0,0,0,0,1,0,68.0,25.9,0.1,0,0,0
2025_08_28,사당역9번출구앞,32,arrive,9,40.0,3,1,2025_2,2,0,0,0,0,0,0,0,50.0,26.6,1.5,1,0,0
2025_08_29,사당역9번출구앞,32,arrive,9,24.0,4,1,2025_2,2,0,0,0,0,0,0,0,40.0,27.6,5.9,1,0,0
2025_09_01,사당역9번출구앞,32,arrive,9,68.0,0,2,2025_2,2,0,0,0,0,0,1,1,24.0,25.7,17.6,1,0,0
2025_09_02,사당역9번출구앞,32,arrive,9,70.0,1,2,2025_2,2,0,0,0,0,0,1,1,68.0,24.3,0.0,0,0,0
2025_09_03,사당역9번출구앞,32,arrive,9,54.0,2,2,2025_2,2,0,0,0,0,0,1,0,70.0,25.0,0.0,0,0,0
2025_09_05,사당역9번출구앞,32,arrive,9,45.0,4,2,2025_2,2,0,0,0,0,0,1,0,54.0,26.1,0.3,0,0,0
2025_09_08,사당역9번출구앞,32,arrive,9,43.0,0,3,2025_2,2,0,0,0,0,0,1,0,45.0,22.8,0.0,0,0,0
2025_09_09,사당역9번출구앞,32,arrive,9,58.0,1,3,2025_2,2,0,0,0,0,0,1,0,43.0,23.0,0.7,1,0,0
2025_09_10,사당역9번출구앞,32,arrive,9,44.0,2,3,2025_2,2,0,0,0,0,0,1,0,58.0,23.8,0.0,0,0,0
2025_09_11,사당역9번출구앞,32,arrive,9,41.0,3,3,2025_2,2,0,0,0,0,0,0,0,44.0,23.4,0.0,0,0,0
2025_09_12,사당역9번출구앞,32,arrive,9,27.0,4,3,2025_2,2,0,0,0,0,0,0,0,41.0,22.0,10.2,1,0,0
2026_03_04,사당역9번출구앞,32,arrive,9,68.0,2,1,2026_1,1,0,0,0,0,0,1,1,27.0,5.0,0.0,0,0,0
2026_03_05,사당역9번출구앞,32,arrive,9,34.0,3,1,2026_1,1,0,0,0,0,0,0,0,68.0,5.4,14.0,1,0,0
2026_03_06,사당역9번출구앞,32,arrive,9,57.0,4,1,2026_1,1,0,0,0,0,0,1,0,34.0,1.0,1.6,1,1,0
2026_03_09,사당역9번출구앞,32,arrive,9,70.0,0,2,2026_1,1,0,0,0,0,0,1,1,57.0,3.0,0.0,0,1,0
2026_03_10,사당역9번출구앞,32,arrive,9,70.0,1,2,2026_1,1,0,0,0,0,0,1,1,70.0,2.2,0.0,0,1,0
2026_03_11,사당역9번출구앞,32,arrive,9,61.0,2,2,2026_1,1,0,0,0,0,0,1,0,70.0,3.4,0.0,0,1,0
2026_03_12,사당역9번출구앞,32,arrive,9,48.0,3,2,2026_1,1,0,0,0,0,0,1,0,61.0,4.9,0.0,0,1,0
2026_03_13,사당역9번출구앞,32,arrive,9,63.0,4,2,2026_1,1,0,0,0,0,0,1,0,48.0,5.8,0.0,0,0,0
2026_03_16,사당역9번출구앞,32,arrive,9,70.0,0,3,2026_1,1,0,0,0,0,0,1,1,63.0,5.8,0.0,0,0,0
2026_03_17,사당역9번출구앞,32,arrive,9,53.0,1,3,2026_1,1,0,0,0,0,0,1,0,70.0,6.0,0.0,0,0,0
2026_03_23,사당역9번출구앞,32,arrive,9,68.0,0,4,2026_1,1,0,0,0,0,0,1,1,53.0,9.6,0.0,0,0,0
2026_03_24,사당역9번출구앞,32,arrive,9,45.0,1,4,2026_1,1,0,0,0,0,0,1,0,68.0,10.6,0.0,0,0,0
2026_03_25,사당역9번출구앞,32,arrive,9,49.0,2,4,2026_1,1,0,0,0,0,0,1,0,45.0,12.0,0.0,0,0,0
2026_03_26,사당역9번출구앞,32,arrive,9,51.0,3,4,2026_1,1,0,0,0,0,0,1,0,49.0,10.5,0.0,0,0,0
2026_03_30,사당역9번출구앞,32,arrive,9,34.0,0,5,2026_1,1,0,0,0,0,0,0,0,51.0,13.7,3.2,1,0,0
2026_03_31,사당역9번출구앞,32,arrive,9,41.0,1,5,2026_1,1,0,0,0,0,0,0,0,34.0,13.6,9.5,1,0,0
2026_04_01,사당역9번출구앞,32,arrive,9,51.0,2,5,2026_1,1,0,0,0,0,0,1,0,41.0,11.5,0.1,0,0,0
2026_04_02,사당역9번출구앞,32,arrive,9,43.0,3,5,2026_1,1,0,0,0,0,0,1,0,51.0,9.6,0.0,0,0,0
2026_04_03,사당역9번출구앞,32,arrive,9,45.0,4,5,2026_1,1,0,0,0,0,0,1,0,43.0,13.0,0.0,0,0,0
2026_04_06,사당역9번출구앞,32,arrive,9,46.0,0,6,2026_1,1,0,0,0,1,0,1,0,45.0,9.1,5.5,1,0,0
2026_04_07,사당역9번출구앞,32,arrive,9,59.0,1,6,2026_1,1,0,0,0,1,0,1,0,46.0,6.4,0.0,0,0,0
2026_04_08,사당역9번출구앞,32,arrive,9,49.0,2,6,2026_1,1,0,0,0,1,0,1,0,59.0,7.4,0.0,0,0,0
2026_04_09,사당역9번출구앞,32,arrive,9,54.0,3,6,2026_1,1,0,0,0,1,0,1,0,49.0,9.1,18.9,1,0,0
2026_04_10,사당역9번출구앞,32,arrive,9,46.0,4,6,2026_1,1,0,0,0,1,0,1,0,54.0,9.8,5.8,1,0,0
2026_04_13,사당역9번출구앞,32,arrive,9,48.0,0,7,2026_1,1,0,0,0,0,0,1,0,46.0,16.4,0.0,0,0,0
2026_04_14,사당역9번출구앞,32,arrive,9,55.0,1,7,2026_1,1,0,0,0,0,0,1,0,48.0,19.0,0.0,0,0,0
2026_04_15,사당역9번출구앞,32,arrive,9,36.0,2,7,2026_1,1,0,0,0,0,0,0,0,55.0,17.6,0.0,0,0,0
2026_04_16,사당역9번출구앞,32,arrive,9,41.0,3,7,2026_1,1,1,1,0,0,0,0,0,36.0,17.8,0.0,0,0,0
2026_04_17,사당역9번출구앞,32,arrive,9,41.0,4,7,2026_1,1,1,1,0,0,0,0,0,41.0,16.0,0.2,0,0,0
2026_04_20,사당역9번출구앞,32,arrive,9,31.0,0,8,2026_1,1,1,1,0,0,0,0,0,41.0,12.2,0.7,1,0,0
2026_04_21,사당역9번출구앞,32,arrive,9,68.0,1,8,2026_1,1,1,1,0,0,0,1,1,31.0,11.1,0.0,0,0,0
2026_04_22,사당역9번출구앞,32,arrive,9,44.0,2,8,2026_1,1,1,1,0,0,0,1,0,68.0,13.4,0.0,0,0,0
2026_04_23,사당역9번출구앞,32,arrive,9,34.0,3,8,2026_1,1,1,1,0,0,0,0,0,44.0,16.1,0.0,0,0,0
2026_04_24,사당역9번출구앞,32,arrive,9,56.0,4,8,2026_1,1,1,1,0,0,0,1,0,34.0,17.2,0.0,0,0,0
2025_03_05,사당역9번출구앞,32,arrive,10,40.0,2,1,2025_1,1,0,0,0,0,0,0,0,,3.5,0.2,0,1,0
2025_03_06,사당역9번출구앞,32,arrive,10,39.0,3,1,2025_1,1,0,0,0,0,0,0,0,40.0,3.4,0.0,0,1,0
2025_03_07,사당역9번출구앞,32,arrive,10,34.0,4,1,2025_1,1,0,0,0,0,0,0,0,39.0,2.8,0.0,0,1,0
2025_03_10,사당역9번출구앞,32,arrive,10,82.0,0,2,2025_1,1,0,0,0,0,0,1,1,34.0,6.0,0.0,0,0,0
2025_03_12,사당역9번출구앞,32,arrive,10,138.0,2,2,2025_1,1,0,0,0,0,0,1,1,82.0,7.3,0.1,0,0,0
2025_03_13,사당역9번출구앞,32,arrive,10,79.0,3,2,2025_1,1,0,0,0,0,0,1,1,138.0,6.6,0.0,0,0,0
2025_03_14,사당역9번출구앞,32,arrive,10,31.0,4,2,2025_1,1,0,0,0,0,0,0,0,79.0,10.4,0.0,0,0,0
2025_03_17,사당역9번출구앞,32,arrive,10,95.0,0,3,2025_1,1,0,0,0,0,0,1,1,31.0,0.3,0.1,0,1,0
2025_03_18,사당역9번출구앞,32,arrive,10,52.0,1,3,2025_1,1,0,0,0,0,0,1,0,95.0,0.7,4.5,1,1,0
2025_03_19,사당역9번출구앞,32,arrive,10,69.0,2,3,2025_1,1,0,0,0,0,0,1,1,52.0,-0.8,0.0,0,1,0
2025_03_20,사당역9번출구앞,32,arrive,10,56.0,3,3,2025_1,1,0,0,0,0,0,1,0,69.0,6.1,0.0,0,0,0
2025_03_21,사당역9번출구앞,32,arrive,10,45.0,4,3,2025_1,1,0,0,0,0,0,1,0,56.0,9.6,0.0,0,0,0
2025_03_24,사당역9번출구앞,32,arrive,10,60.0,0,4,2025_1,1,0,0,0,0,0,1,0,45.0,14.1,0.0,0,0,0
2025_03_25,사당역9번출구앞,32,arrive,10,80.0,1,4,2025_1,1,0,0,0,0,0,1,1,60.0,13.2,0.0,0,0,0
2025_03_26,사당역9번출구앞,32,arrive,10,62.0,2,4,2025_1,1,0,0,0,0,0,1,0,80.0,12.6,0.0,0,0,0
2025_03_27,사당역9번출구앞,32,arrive,10,31.0,3,4,2025_1,1,0,0,0,0,0,0,0,62.0,12.6,1.0,1,0,0
2025_03_28,사당역9번출구앞,32,arrive,10,27.0,4,4,2025_1,1,0,0,0,0,0,0,0,31.0,6.0,0.0,0,0,0
2025_03_31,사당역9번출구앞,32,arrive,10,83.0,0,5,2025_1,1,0,0,0,0,0,1,1,27.0,5.2,0.0,0,0,0
2025_04_01,사당역9번출구앞,32,arrive,10,52.0,1,5,2025_1,1,0,0,0,0,0,1,0,83.0,7.6,0.0,0,0,0
2025_04_02,사당역9번출구앞,32,arrive,10,53.0,2,5,2025_1,1,0,0,0,0,0,1,0,52.0,7.6,0.6,1,0,0
2025_04_03,사당역9번출구앞,32,arrive,10,34.0,3,5,2025_1,1,0,0,0,0,0,0,0,53.0,7.8,0.0,0,0,0
2025_04_04,사당역9번출구앞,32,arrive,10,23.0,4,5,2025_1,1,0,0,0,0,0,0,0,34.0,9.0,0.0,0,0,0
2025_04_07,사당역9번출구앞,32,arrive,10,33.0,0,6,2025_1,1,0,0,0,1,0,0,0,23.0,10.9,0.0,0,0,0
2025_04_08,사당역9번출구앞,32,arrive,10,44.0,1,6,2025_1,1,0,0,0,1,0,1,0,33.0,11.1,3.3,1,0,0
2025_04_09,사당역9번출구앞,32,arrive,10,39.0,2,6,2025_1,1,0,0,0,1,0,0,0,44.0,10.8,0.2,0,0,0
2025_04_10,사당역9번출구앞,32,arrive,10,26.0,3,6,2025_1,1,0,0,0,1,0,0,0,39.0,11.0,0.0,0,0,0
2025_04_11,사당역9번출구앞,32,arrive,10,22.0,4,6,2025_1,1,0,0,0,1,0,0,0,26.0,12.8,0.0,0,0,0
2025_04_14,사당역9번출구앞,32,arrive,10,37.0,0,7,2025_1,1,0,0,0,0,0,0,0,22.0,4.6,8.8,1,1,0
2025_04_15,사당역9번출구앞,32,arrive,10,41.0,1,7,2025_1,1,0,0,0,0,0,0,0,37.0,5.6,0.0,0,0,0
2025_04_16,사당역9번출구앞,32,arrive,10,60.0,2,7,2025_1,1,1,1,0,0,0,1,0,41.0,12.2,1.4,1,0,0
2025_04_17,사당역9번출구앞,32,arrive,10,39.0,3,7,2025_1,1,1,1,0,0,0,0,0,60.0,18.0,0.0,0,0,0
2025_04_18,사당역9번출구앞,32,arrive,10,33.0,4,7,2025_1,1,1,1,0,0,0,0,0,39.0,16.8,0.0,0,0,0
2025_04_21,사당역9번출구앞,32,arrive,10,32.0,0,8,2025_1,1,1,1,0,0,0,0,0,33.0,18.0,0.0,0,0,0
2025_04_22,사당역9번출구앞,32,arrive,10,29.0,1,8,2025_1,1,1,1,0,0,0,0,0,32.0,16.2,25.2,1,0,0
2025_04_23,사당역9번출구앞,32,arrive,10,42.0,2,8,2025_1,1,1,1,0,0,0,0,0,29.0,15.2,0.0,0,0,0
2025_04_24,사당역9번출구앞,32,arrive,10,39.0,3,8,2025_1,1,1,1,0,0,0,0,0,42.0,12.3,0.0,0,0,0
2025_04_25,사당역9번출구앞,32,arrive,10,20.0,4,8,2025_1,1,1,1,0,0,0,0,0,39.0,10.4,0.0,0,0,0
2025_04_28,사당역9번출구앞,32,arrive,10,33.0,0,9,2025_1,1,1,1,0,0,0,0,0,20.0,12.4,0.0,0,0,0
2025_04_29,사당역9번출구앞,32,arrive,10,30.0,1,9,2025_1,1,1,1,0,0,0,0,0,33.0,12.0,0.0,0,0,0
2025_04_30,사당역9번출구앞,32,arrive,10,48.0,2,9,2025_1,1,1,1,0,0,0,1,0,30.0,16.2,0.0,0,0,0
2025_05_01,사당역9번출구앞,32,arrive,10,21.0,3,9,2025_1,1,0,0,0,0,0,0,0,48.0,12.6,22.3,1,0,0
2025_05_02,사당역9번출구앞,32,arrive,10,23.0,4,9,2025_1,1,0,0,0,0,0,0,0,21.0,12.1,0.0,0,0,0
2025_05_05,사당역9번출구앞,32,arrive,10,12.0,0,10,2025_1,1,0,0,0,0,1,0,0,23.0,10.6,0.3,0,0,0
2025_05_06,사당역9번출구앞,32,arrive,10,16.0,1,10,2025_1,1,0,0,0,0,1,0,0,12.0,12.5,0.0,0,0,0
2025_05_07,사당역9번출구앞,32,arrive,10,54.0,2,10,2025_1,1,0,0,0,0,0,1,0,16.0,12.6,0.1,0,0,0
2025_05_08,사당역9번출구앞,32,arrive,10,24.0,3,10,2025_1,1,0,0,0,0,0,0,0,54.0,15.4,0.0,0,0,0
2025_05_09,사당역9번출구앞,32,arrive,10,42.0,4,10,2025_1,1,0,0,0,0,0,0,0,24.0,13.6,21.7,1,0,0
2025_05_12,사당역9번출구앞,32,arrive,10,30.0,0,11,2025_1,1,0,0,0,0,0,0,0,42.0,15.0,0.0,0,0,0
2025_05_13,사당역9번출구앞,32,arrive,10,30.0,1,11,2025_1,1,0,0,0,0,0,0,0,30.0,19.0,0.0,0,0,0
2025_05_14,사당역9번출구앞,32,arrive,10,58.0,2,11,2025_1,1,0,0,0,0,0,1,0,30.0,20.4,0.1,0,0,0
2025_05_15,사당역9번출구앞,32,arrive,10,24.0,3,11,2025_1,1,0,0,0,0,0,0,0,58.0,19.4,4.7,1,0,0
2025_05_16,사당역9번출구앞,32,arrive,10,21.0,4,11,2025_1,1,0,0,0,0,0,0,0,24.0,20.0,16.3,1,0,0
2025_05_19,사당역9번출구앞,32,arrive,10,29.0,0,12,2025_1,1,0,0,0,0,0,0,0,21.0,15.0,0.0,0,0,0
2025_05_20,사당역9번출구앞,32,arrive,10,36.0,1,12,2025_1,1,0,0,0,0,0,0,0,29.0,21.3,0.2,0,0,0
2025_05_21,사당역9번출구앞,32,arrive,10,52.0,2,12,2025_1,1,0,0,0,0,0,1,0,36.0,24.2,0.4,0,0,0
2025_05_22,사당역9번출구앞,32,arrive,10,33.0,3,12,2025_1,1,0,0,0,0,0,0,0,52.0,22.7,2.6,1,0,0
2025_05_23,사당역9번출구앞,32,arrive,10,14.0,4,12,2025_1,1,0,0,0,0,0,0,0,33.0,19.3,3.5,1,0,0
2025_05_26,사당역9번출구앞,32,arrive,10,27.0,0,13,2025_1,1,0,0,0,1,0,0,0,14.0,18.7,0.0,0,0,0
2025_05_27,사당역9번출구앞,32,arrive,10,30.0,1,13,2025_1,1,0,0,0,1,0,0,0,27.0,19.6,0.0,0,0,0
2025_05_28,사당역9번출구앞,32,arrive,10,48.0,2,13,2025_1,1,0,0,0,1,0,1,0,30.0,19.5,0.6,1,0,0
2025_05_29,사당역9번출구앞,32,arrive,10,28.0,3,13,2025_1,1,0,0,0,1,0,0,0,48.0,20.4,0.4,0,0,0
2025_05_30,사당역9번출구앞,32,arrive,10,15.0,4,13,2025_1,1,0,0,0,1,0,0,0,28.0,21.7,0.0,0,0,0
2025_06_02,사당역9번출구앞,32,arrive,10,37.0,0,14,2025_1,1,0,0,0,0,0,0,0,15.0,20.2,1.0,1,0,0
2025_06_03,사당역9번출구앞,32,arrive,10,9.0,1,14,2025_1,1,0,0,0,0,0,0,0,37.0,20.2,0.2,0,0,0
2025_06_04,사당역9번출구앞,32,arrive,10,39.0,2,14,2025_1,1,1,0,1,0,0,0,0,9.0,19.0,0.0,0,0,0
2025_06_05,사당역9번출구앞,32,arrive,10,30.0,3,14,2025_1,1,1,0,1,0,0,0,0,39.0,20.0,0.0,0,0,0
2025_06_06,사당역9번출구앞,32,arrive,10,20.0,4,14,2025_1,1,1,0,1,0,1,0,0,30.0,23.3,0.0,0,0,0
2025_06_09,사당역9번출구앞,32,arrive,10,45.0,0,15,2025_1,1,1,0,1,0,0,1,0,20.0,24.5,0.2,0,0,0
2025_06_10,사당역9번출구앞,32,arrive,10,35.0,1,15,2025_1,1,1,0,1,0,0,0,0,45.0,21.0,0.0,0,0,0
2025_06_11,사당역9번출구앞,32,arrive,10,43.0,2,15,2025_1,1,1,0,1,0,0,1,0,35.0,21.2,0.0,0,0,0
2025_06_12,사당역9번출구앞,32,arrive,10,34.0,3,15,2025_1,1,1,0,1,0,0,0,0,43.0,23.9,0.0,0,0,0
2025_06_13,사당역9번출구앞,32,arrive,10,24.0,4,15,2025_1,1,1,0,1,0,0,0,0,34.0,23.2,3.8,1,0,0
2025_06_16,사당역9번출구앞,32,arrive,10,33.0,0,16,2025_1,1,1,0,1,0,0,0,0,24.0,22.8,16.0,1,0,0
2025_06_17,사당역9번출구앞,32,arrive,10,37.0,1,16,2025_1,1,1,0,1,0,0,0,0,33.0,23.0,0.4,0,0,0
2025_06_18,사당역9번출구앞,32,arrive,10,13.0,2,16,2025_1,1,0,0,0,0,0,0,0,37.0,24.2,0.0,0,0,0
2025_06_19,사당역9번출구앞,32,arrive,10,20.0,3,16,2025_1,1,0,0,0,0,0,0,0,13.0,26.2,0.3,0,0,0
2025_06_20,사당역9번출구앞,32,arrive,10,16.0,4,16,2025_1,1,0,0,0,0,0,0,0,20.0,23.0,48.9,1,0,0
2025_06_23,사당역9번출구앞,32,arrive,10,25.0,0,17,2025_1,1,0,0,0,0,0,0,0,16.0,23.3,0.0,0,0,0
2025_08_25,사당역9번출구앞,32,arrive,10,35.0,0,1,2025_2,2,0,0,0,0,0,0,0,25.0,28.0,21.8,1,0,0
2025_08_26,사당역9번출구앞,32,arrive,10,27.0,1,1,2025_2,2,0,0,0,0,0,0,0,35.0,26.1,22.2,1,0,0
2025_08_27,사당역9번출구앞,32,arrive,10,21.0,2,1,2025_2,2,0,0,0,0,0,0,0,27.0,25.9,0.1,0,0,0
2025_08_28,사당역9번출구앞,32,arrive,10,28.0,3,1,2025_2,2,0,0,0,0,0,0,0,21.0,26.6,1.5,1,0,0
2025_08_29,사당역9번출구앞,32,arrive,10,21.0,4,1,2025_2,2,0,0,0,0,0,0,0,28.0,27.6,5.9,1,0,0
2025_09_01,사당역9번출구앞,32,arrive,10,33.0,0,2,2025_2,2,0,0,0,0,0,0,0,21.0,25.7,17.6,1,0,0
2025_09_02,사당역9번출구앞,32,arrive,10,32.0,1,2,2025_2,2,0,0,0,0,0,0,0,33.0,24.3,0.0,0,0,0
2025_09_03,사당역9번출구앞,32,arrive,10,34.0,2,2,2025_2,2,0,0,0,0,0,0,0,32.0,25.0,0.0,0,0,0
2025_09_05,사당역9번출구앞,32,arrive,10,23.0,4,2,2025_2,2,0,0,0,0,0,0,0,34.0,26.1,0.3,0,0,0
2025_09_08,사당역9번출구앞,32,arrive,10,29.0,0,3,2025_2,2,0,0,0,0,0,0,0,23.0,22.8,0.0,0,0,0
2025_09_09,사당역9번출구앞,32,arrive,10,22.0,1,3,2025_2,2,0,0,0,0,0,0,0,29.0,23.0,0.7,1,0,0
2025_09_10,사당역9번출구앞,32,arrive,10,26.0,2,3,2025_2,2,0,0,0,0,0,0,0,22.0,23.8,0.0,0,0,0
2025_09_11,사당역9번출구앞,32,arrive,10,27.0,3,3,2025_2,2,0,0,0,0,0,0,0,26.0,23.4,0.0,0,0,0
2025_09_12,사당역9번출구앞,32,arrive,10,26.0,4,3,2025_2,2,0,0,0,0,0,0,0,27.0,22.0,10.2,1,0,0
2026_03_04,사당역9번출구앞,32,arrive,10,28.0,2,1,2026_1,1,0,0,0,0,0,0,0,26.0,5.0,0.0,0,0,0
2026_03_05,사당역9번출구앞,32,arrive,10,31.0,3,1,2026_1,1,0,0,0,0,0,0,0,28.0,5.4,14.0,1,0,0
2026_03_06,사당역9번출구앞,32,arrive,10,30.0,4,1,2026_1,1,0,0,0,0,0,0,0,31.0,1.0,1.6,1,1,0
2026_03_09,사당역9번출구앞,32,arrive,10,33.0,0,2,2026_1,1,0,0,0,0,0,0,0,30.0,3.0,0.0,0,1,0
2026_03_10,사당역9번출구앞,32,arrive,10,31.0,1,2,2026_1,1,0,0,0,0,0,0,0,33.0,2.2,0.0,0,1,0
2026_03_11,사당역9번출구앞,32,arrive,10,25.0,2,2,2026_1,1,0,0,0,0,0,0,0,31.0,3.4,0.0,0,1,0
2026_03_12,사당역9번출구앞,32,arrive,10,28.0,3,2,2026_1,1,0,0,0,0,0,0,0,25.0,4.9,0.0,0,1,0
2026_03_13,사당역9번출구앞,32,arrive,10,11.0,4,2,2026_1,1,0,0,0,0,0,0,0,28.0,5.8,0.0,0,0,0
2026_03_16,사당역9번출구앞,32,arrive,10,34.0,0,3,2026_1,1,0,0,0,0,0,0,0,11.0,5.8,0.0,0,0,0
2026_03_17,사당역9번출구앞,32,arrive,10,30.0,1,3,2026_1,1,0,0,0,0,0,0,0,34.0,6.0,0.0,0,0,0
2026_03_23,사당역9번출구앞,32,arrive,10,31.0,0,4,2026_1,1,0,0,0,0,0,0,0,30.0,9.6,0.0,0,0,0
2026_03_24,사당역9번출구앞,32,arrive,10,37.0,1,4,2026_1,1,0,0,0,0,0,0,0,31.0,10.6,0.0,0,0,0
2026_03_25,사당역9번출구앞,32,arrive,10,25.0,2,4,2026_1,1,0,0,0,0,0,0,0,37.0,12.0,0.0,0,0,0
2026_03_26,사당역9번출구앞,32,arrive,10,27.0,3,4,2026_1,1,0,0,0,0,0,0,0,25.0,10.5,0.0,0,0,0
2026_03_30,사당역9번출구앞,32,arrive,10,28.0,0,5,2026_1,1,0,0,0,0,0,0,0,27.0,13.7,3.2,1,0,0
2026_03_31,사당역9번출구앞,32,arrive,10,32.0,1,5,2026_1,1,0,0,0,0,0,0,0,28.0,13.6,9.5,1,0,0
2026_04_01,사당역9번출구앞,32,arrive,10,26.0,2,5,2026_1,1,0,0,0,0,0,0,0,32.0,11.5,0.1,0,0,0
2026_04_02,사당역9번출구앞,32,arrive,10,28.0,3,5,2026_1,1,0,0,0,0,0,0,0,26.0,9.6,0.0,0,0,0
2026_04_03,사당역9번출구앞,32,arrive,10,18.0,4,5,2026_1,1,0,0,0,0,0,0,0,28.0,13.0,0.0,0,0,0
2026_04_06,사당역9번출구앞,32,arrive,10,41.0,0,6,2026_1,1,0,0,0,1,0,0,0,18.0,9.1,5.5,1,0,0
2026_04_07,사당역9번출구앞,32,arrive,10,33.0,1,6,2026_1,1,0,0,0,1,0,0,0,41.0,6.4,0.0,0,0,0
2026_04_08,사당역9번출구앞,32,arrive,10,23.0,2,6,2026_1,1,0,0,0,1,0,0,0,33.0,7.4,0.0,0,0,0
2026_04_09,사당역9번출구앞,32,arrive,10,20.0,3,6,2026_1,1,0,0,0,1,0,0,0,23.0,9.1,18.9,1,0,0
2026_04_10,사당역9번출구앞,32,arrive,10,16.0,4,6,2026_1,1,0,0,0,1,0,0,0,20.0,9.8,5.8,1,0,0
2026_04_13,사당역9번출구앞,32,arrive,10,45.0,0,7,2026_1,1,0,0,0,0,0,1,0,16.0,16.4,0.0,0,0,0
2026_04_14,사당역9번출구앞,32,arrive,10,31.0,1,7,2026_1,1,0,0,0,0,0,0,0,45.0,19.0,0.0,0,0,0
2026_04_15,사당역9번출구앞,32,arrive,10,26.0,2,7,2026_1,1,0,0,0,0,0,0,0,31.0,17.6,0.0,0,0,0
2026_04_16,사당역9번출구앞,32,arrive,10,25.0,3,7,2026_1,1,1,1,0,0,0,0,0,26.0,17.8,0.0,0,0,0
2026_04_17,사당역9번출구앞,32,arrive,10,15.0,4,7,2026_1,1,1,1,0,0,0,0,0,25.0,16.0,0.2,0,0,0
2026_04_20,사당역9번출구앞,32,arrive,10,28.0,0,8,2026_1,1,1,1,0,0,0,0,0,15.0,12.2,0.7,1,0,0
2026_04_21,사당역9번출구앞,32,arrive,10,31.0,1,8,2026_1,1,1,1,0,0,0,0,0,28.0,11.1,0.0,0,0,0
2026_04_22,사당역9번출구앞,32,arrive,10,22.0,2,8,2026_1,1,1,1,0,0,0,0,0,31.0,13.4,0.0,0,0,0
2026_04_23,사당역9번출구앞,32,arrive,10,36.0,3,8,2026_1,1,1,1,0,0,0,0,0,22.0,16.1,0.0,0,0,0
2026_04_24,사당역9번출구앞,32,arrive,10,22.0,4,8,2026_1,1,1,1,0,0,0,0,0,36.0,17.2,0.0,0,0,0
2025_03_05,수원대입구,8,depart,13,37.0,2,1,2025_1,1,0,0,0,0,0,1,0,,3.5,0.2,0,1,0
2025_03_06,수원대입구,8,depart,13,29.0,3,1,2025_1,1,0,0,0,0,0,1,0,37.0,3.4,0.0,0,1,0
2025_03_07,수원대입구,8,depart,13,38.0,4,1,2025_1,1,0,0,0,0,0,1,0,29.0,2.8,0.0,0,1,0
2025_03_10,수원대입구,8,depart,13,31.0,0,2,2025_1,1,0,0,0,0,0,1,1,38.0,6.0,0.0,0,0,0
2025_03_12,수원대입구,8,depart,13,62.0,2,2,2025_1,1,0,0,0,0,0,1,1,31.0,7.3,0.1,0,0,0
2025_03_13,수원대입구,8,depart,13,43.0,3,2,2025_1,1,0,0,0,0,0,1,1,62.0,6.6,0.0,0,0,0
2025_03_14,수원대입구,8,depart,13,42.0,4,2,2025_1,1,0,0,0,0,0,1,1,43.0,10.4,0.0,0,0,0
2025_03_17,수원대입구,8,depart,13,19.0,0,3,2025_1,1,0,0,0,0,0,1,0,42.0,0.3,0.1,0,1,0
2025_03_18,수원대입구,8,depart,13,27.0,1,3,2025_1,1,0,0,0,0,0,1,0,19.0,0.7,4.5,1,1,0
2025_03_19,수원대입구,8,depart,13,32.0,2,3,2025_1,1,0,0,0,0,0,1,1,27.0,-0.8,0.0,0,1,0
2025_03_20,수원대입구,8,depart,13,40.0,3,3,2025_1,1,0,0,0,0,0,1,1,32.0,6.1,0.0,0,0,0
2025_03_21,수원대입구,8,depart,13,22.0,4,3,2025_1,1,0,0,0,0,0,1,1,40.0,9.6,0.0,0,0,0
2025_03_24,수원대입구,8,depart,13,56.0,0,4,2025_1,1,0,0,0,0,0,1,1,22.0,14.1,0.0,0,0,0
2025_03_25,수원대입구,8,depart,13,36.0,1,4,2025_1,1,0,0,0,0,0,1,1,56.0,13.2,0.0,0,0,0
2025_03_26,수원대입구,8,depart,13,31.0,2,4,2025_1,1,0,0,0,0,0,1,1,36.0,12.6,0.0,0,0,0
2025_03_27,수원대입구,8,depart,13,0.0,3,4,2025_1,1,0,0,0,0,0,1,0,31.0,12.6,1.0,1,0,0
2025_03_28,수원대입구,8,depart,13,24.0,4,4,2025_1,1,0,0,0,0,0,1,1,0.0,6.0,0.0,0,0,0
2025_03_31,수원대입구,8,depart,13,55.0,0,5,2025_1,1,0,0,0,0,0,1,1,24.0,5.2,0.0,0,0,0
2025_04_01,수원대입구,8,depart,13,26.0,1,5,2025_1,1,0,0,0,0,0,1,0,55.0,7.6,0.0,0,0,0
2025_04_02,수원대입구,8,depart,13,26.0,2,5,2025_1,1,0,0,0,0,0,1,0,26.0,7.6,0.6,1,0,0
2025_04_03,수원대입구,8,depart,13,23.0,3,5,2025_1,1,0,0,0,0,0,1,0,26.0,7.8,0.0,0,0,0
2025_04_04,수원대입구,8,depart,13,28.0,4,5,2025_1,1,0,0,0,0,0,1,0,23.0,9.0,0.0,0,0,0
2025_04_07,수원대입구,8,depart,13,19.0,0,6,2025_1,1,0,0,0,1,0,0,0,28.0,10.9,0.0,0,0,0
2025_04_08,수원대입구,8,depart,13,28.0,1,6,2025_1,1,0,0,0,1,0,1,0,19.0,11.1,3.3,1,0,0
2025_04_09,수원대입구,8,depart,13,14.0,2,6,2025_1,1,0,0,0,1,0,1,0,28.0,10.8,0.2,0,0,0
2025_04_10,수원대입구,8,depart,13,18.0,3,6,2025_1,1,0,0,0,1,0,0,0,14.0,11.0,0.0,0,0,0
2025_04_11,수원대입구,8,depart,13,26.0,4,6,2025_1,1,0,0,0,1,0,1,0,18.0,12.8,0.0,0,0,0
2025_04_14,수원대입구,8,depart,13,15.0,0,7,2025_1,1,0,0,0,0,0,0,0,26.0,4.6,8.8,1,1,0
2025_04_15,수원대입구,8,depart,13,28.0,1,7,2025_1,1,0,0,0,0,0,0,0,15.0,5.6,0.0,0,0,0
2025_04_16,수원대입구,8,depart,13,11.0,2,7,2025_1,1,1,1,0,0,0,0,0,28.0,12.2,1.4,1,0,0
2025_04_17,수원대입구,8,depart,13,16.0,3,7,2025_1,1,1,1,0,0,0,1,0,11.0,18.0,0.0,0,0,0
2025_04_18,수원대입구,8,depart,13,18.0,4,7,2025_1,1,1,1,0,0,0,1,0,16.0,16.8,0.0,0,0,0
2025_04_21,수원대입구,8,depart,13,16.0,0,8,2025_1,1,1,1,0,0,0,0,0,18.0,18.0,0.0,0,0,0
2025_04_22,수원대입구,8,depart,13,28.0,1,8,2025_1,1,1,1,0,0,0,1,0,16.0,16.2,25.2,1,0,0
2025_04_23,수원대입구,8,depart,13,12.0,2,8,2025_1,1,1,1,0,0,0,1,1,28.0,15.2,0.0,0,0,0
2025_04_24,수원대입구,8,depart,13,11.0,3,8,2025_1,1,1,1,0,0,0,1,1,12.0,12.3,0.0,0,0,0
2025_04_25,수원대입구,8,depart,13,28.0,4,8,2025_1,1,1,1,0,0,0,1,0,11.0,10.4,0.0,0,0,0
2025_04_28,수원대입구,8,depart,13,20.0,0,9,2025_1,1,1,1,0,0,0,1,0,28.0,12.4,0.0,0,0,0
2025_04_29,수원대입구,8,depart,13,18.0,1,9,2025_1,1,1,1,0,0,0,1,0,20.0,12.0,0.0,0,0,0
2025_04_30,수원대입구,8,depart,13,22.0,2,9,2025_1,1,1,1,0,0,0,1,0,18.0,16.2,0.0,0,0,0
2025_05_01,수원대입구,8,depart,13,10.0,3,9,2025_1,1,0,0,0,0,0,0,0,22.0,12.6,22.3,1,0,0
2025_05_02,수원대입구,8,depart,13,26.0,4,9,2025_1,1,0,0,0,0,0,1,0,10.0,12.1,0.0,0,0,0
2025_05_05,수원대입구,8,depart,13,6.0,0,10,2025_1,1,0,0,0,0,1,0,0,26.0,10.6,0.3,0,0,0
2025_05_06,수원대입구,8,depart,13,5.0,1,10,2025_1,1,0,0,0,0,1,0,0,6.0,12.5,0.0,0,0,0
2025_05_07,수원대입구,8,depart,13,21.0,2,10,2025_1,1,0,0,0,0,0,1,0,5.0,12.6,0.1,0,0,0
2025_05_08,수원대입구,8,depart,13,19.0,3,10,2025_1,1,0,0,0,0,0,0,0,21.0,15.4,0.0,0,0,0
2025_05_09,수원대입구,8,depart,13,31.0,4,10,2025_1,1,0,0,0,0,0,1,1,19.0,13.6,21.7,1,0,0
2025_05_12,수원대입구,8,depart,13,19.0,0,11,2025_1,1,0,0,0,0,0,1,0,31.0,15.0,0.0,0,0,0
2025_05_13,수원대입구,8,depart,13,20.0,1,11,2025_1,1,0,0,0,0,0,1,0,19.0,19.0,0.0,0,0,0
2025_05_14,수원대입구,8,depart,13,25.0,2,11,2025_1,1,0,0,0,0,0,1,0,20.0,20.4,0.1,0,0,0
2025_05_15,수원대입구,8,depart,13,16.0,3,11,2025_1,1,0,0,0,0,0,0,0,25.0,19.4,4.7,1,0,0
2025_05_16,수원대입구,8,depart,13,36.0,4,11,2025_1,1,0,0,0,0,0,1,0,16.0,20.0,16.3,1,0,0
2025_05_19,수원대입구,8,depart,13,16.0,0,12,2025_1,1,0,0,0,0,0,0,0,36.0,15.0,0.0,0,0,0
2025_05_20,수원대입구,8,depart,13,34.0,1,12,2025_1,1,0,0,0,0,0,1,0,16.0,21.3,0.2,0,0,0
2025_05_21,수원대입구,8,depart,13,17.0,2,12,2025_1,1,0,0,0,0,0,1,0,34.0,24.2,0.4,0,0,0
2025_05_22,수원대입구,8,depart,13,9.0,3,12,2025_1,1,0,0,0,0,0,0,0,17.0,22.7,2.6,1,0,0
2025_05_23,수원대입구,8,depart,13,16.0,4,12,2025_1,1,0,0,0,0,0,1,0,9.0,19.3,3.5,1,0,0
2025_05_26,수원대입구,8,depart,13,10.0,0,13,2025_1,1,0,0,0,1,0,0,0,16.0,18.7,0.0,0,0,0
2025_05_27,수원대입구,8,depart,13,21.0,1,13,2025_1,1,0,0,0,1,0,0,0,10.0,19.6,0.0,0,0,0
2025_05_28,수원대입구,8,depart,13,14.0,2,13,2025_1,1,0,0,0,1,0,0,0,21.0,19.5,0.6,1,0,0
2025_05_29,수원대입구,8,depart,13,24.0,3,13,2025_1,1,0,0,0,1,0,1,0,14.0,20.4,0.4,0,0,0
2025_05_30,수원대입구,8,depart,13,19.0,4,13,2025_1,1,0,0,0,1,0,1,0,24.0,21.7,0.0,0,0,0
2025_06_02,수원대입구,8,depart,13,17.0,0,14,2025_1,1,0,0,0,0,0,1,0,19.0,20.2,1.0,1,0,0
2025_06_03,수원대입구,8,depart,13,14.0,1,14,2025_1,1,0,0,0,0,0,0,0,17.0,20.2,0.2,0,0,0
2025_06_04,수원대입구,8,depart,13,19.0,2,14,2025_1,1,1,0,1,0,0,1,0,14.0,19.0,0.0,0,0,0
2025_06_05,수원대입구,8,depart,13,17.0,3,14,2025_1,1,1,0,1,0,0,0,0,19.0,20.0,0.0,0,0,0
2025_06_06,수원대입구,8,depart,13,15.0,4,14,2025_1,1,1,0,1,0,1,1,0,17.0,23.3,0.0,0,0,0
2025_06_09,수원대입구,8,depart,13,8.0,0,15,2025_1,1,1,0,1,0,0,0,0,15.0,24.5,0.2,0,0,0
2025_06_10,수원대입구,8,depart,13,20.0,1,15,2025_1,1,1,0,1,0,0,0,0,8.0,21.0,0.0,0,0,0
2025_06_11,수원대입구,8,depart,13,19.0,2,15,2025_1,1,1,0,1,0,0,1,1,20.0,21.2,0.0,0,0,0
2025_06_12,수원대입구,8,depart,13,11.0,3,15,2025_1,1,1,0,1,0,0,0,0,19.0,23.9,0.0,0,0,0
2025_06_13,수원대입구,8,depart,13,24.0,4,15,2025_1,1,1,0,1,0,0,1,0,11.0,23.2,3.8,1,0,0
2025_06_16,수원대입구,8,depart,13,19.0,0,16,2025_1,1,1,0,1,0,0,0,0,24.0,22.8,16.0,1,0,0
2025_06_17,수원대입구,8,depart,13,33.0,1,16,2025_1,1,1,0,1,0,0,1,0,19.0,23.0,0.4,0,0,0
2025_06_18,수원대입구,8,depart,13,15.0,2,16,2025_1,1,0,0,0,0,0,0,0,33.0,24.2,0.0,0,0,0
2025_06_19,수원대입구,8,depart,13,27.0,3,16,2025_1,1,0,0,0,0,0,1,0,15.0,26.2,0.3,0,0,0
2025_06_20,수원대입구,8,depart,13,15.0,4,16,2025_1,1,0,0,0,0,0,0,0,27.0,23.0,48.9,1,0,0
2025_06_23,수원대입구,8,depart,13,9.0,0,17,2025_1,1,0,0,0,0,0,0,0,15.0,23.3,0.0,0,0,0
2025_08_25,수원대입구,8,depart,13,12.0,0,1,2025_2,2,0,0,0,0,0,1,0,9.0,28.0,21.8,1,0,0
2025_08_26,수원대입구,8,depart,13,28.0,1,1,2025_2,2,0,0,0,0,0,1,0,12.0,26.1,22.2,1,0,0
2025_08_27,수원대입구,8,depart,13,22.0,2,1,2025_2,2,0,0,0,0,0,1,0,28.0,25.9,0.1,0,0,0
2025_08_28,수원대입구,8,depart,13,0.0,3,1,2025_2,2,0,0,0,0,0,0,0,22.0,26.6,1.5,1,0,0
2025_08_29,수원대입구,8,depart,13,15.0,4,1,2025_2,2,0,0,0,0,0,1,0,0.0,27.6,5.9,1,0,0
2025_09_01,수원대입구,8,depart,13,17.0,0,2,2025_2,2,0,0,0,0,0,1,0,15.0,25.7,17.6,1,0,0
2025_09_02,수원대입구,8,depart,13,16.0,1,2,2025_2,2,0,0,0,0,0,0,0,17.0,24.3,0.0,0,0,0
2025_09_03,수원대입구,8,depart,13,21.0,2,2,2025_2,2,0,0,0,0,0,0,0,16.0,25.0,0.0,0,0,0
2025_09_05,수원대입구,8,depart,13,14.0,4,2,2025_2,2,0,0,0,0,0,0,0,21.0,26.1,0.3,0,0,0
2025_09_08,수원대입구,8,depart,13,8.0,0,3,2025_2,2,0,0,0,0,0,0,0,14.0,22.8,0.0,0,0,0
2025_09_09,수원대입구,8,depart,13,24.0,1,3,2025_2,2,0,0,0,0,0,1,0,8.0,23.0,0.7,1,0,0
2025_09_10,수원대입구,8,depart,13,18.0,2,3,2025_2,2,0,0,0,0,0,1,0,24.0,23.8,0.0,0,0,0
2025_09_11,수원대입구,8,depart,13,23.0,3,3,2025_2,2,0,0,0,0,0,0,0,18.0,23.4,0.0,0,0,0
2025_09_12,수원대입구,8,depart,13,10.0,4,3,2025_2,2,0,0,0,0,0,0,0,23.0,22.0,10.2,1,0,0
2026_03_04,수원대입구,8,depart,13,23.0,2,1,2026_1,1,0,0,0,0,0,1,0,10.0,5.0,0.0,0,0,0
2026_03_05,수원대입구,8,depart,13,40.0,3,1,2026_1,1,0,0,0,0,0,1,1,23.0,5.4,14.0,1,0,0
2026_03_06,수원대입구,8,depart,13,38.0,4,1,2026_1,1,0,0,0,0,0,1,0,40.0,1.0,1.6,1,1,0
2026_03_09,수원대입구,8,depart,13,25.0,0,2,2026_1,1,0,0,0,0,0,1,0,38.0,3.0,0.0,0,1,0
2026_03_10,수원대입구,8,depart,13,13.0,1,2,2026_1,1,0,0,0,0,0,1,0,25.0,2.2,0.0,0,1,0
2026_03_11,수원대입구,8,depart,13,11.0,2,2,2026_1,1,0,0,0,0,0,0,0,13.0,3.4,0.0,0,1,0
2026_03_12,수원대입구,8,depart,13,17.0,3,2,2026_1,1,0,0,0,0,0,0,0,11.0,4.9,0.0,0,1,0
2026_03_13,수원대입구,8,depart,13,22.0,4,2,2026_1,1,0,0,0,0,0,1,0,17.0,5.8,0.0,0,0,0
2026_03_16,수원대입구,8,depart,13,17.0,0,3,2026_1,1,0,0,0,0,0,0,0,22.0,5.8,0.0,0,0,0
2026_03_17,수원대입구,8,depart,13,19.0,1,3,2026_1,1,0,0,0,0,0,1,0,17.0,6.0,0.0,0,0,0
2026_03_23,수원대입구,8,depart,13,22.0,0,4,2026_1,1,0,0,0,0,0,0,0,19.0,9.6,0.0,0,0,0
2026_03_24,수원대입구,8,depart,13,25.0,1,4,2026_1,1,0,0,0,0,0,1,0,22.0,10.6,0.0,0,0,0
2026_03_25,수원대입구,8,depart,13,14.0,2,4,2026_1,1,0,0,0,0,0,1,0,25.0,12.0,0.0,0,0,0
2026_03_26,수원대입구,8,depart,13,32.0,3,4,2026_1,1,0,0,0,0,0,1,0,14.0,10.5,0.0,0,0,0
2026_03_27,수원대입구,8,depart,13,16.0,4,4,2026_1,1,0,0,0,0,0,1,0,32.0,11.0,0.1,0,0,0
2026_03_30,수원대입구,8,depart,13,20.0,0,5,2026_1,1,0,0,0,0,0,0,0,16.0,13.7,3.2,1,0,0
2026_03_31,수원대입구,8,depart,13,19.0,1,5,2026_1,1,0,0,0,0,0,0,0,20.0,13.6,9.5,1,0,0
2026_04_01,수원대입구,8,depart,13,20.0,2,5,2026_1,1,0,0,0,0,0,1,0,19.0,11.5,0.1,0,0,0
2026_04_02,수원대입구,8,depart,13,7.0,3,5,2026_1,1,0,0,0,0,0,0,0,20.0,9.6,0.0,0,0,0
2026_04_03,수원대입구,8,depart,13,16.0,4,5,2026_1,1,0,0,0,0,0,1,0,7.0,13.0,0.0,0,0,0
2026_04_06,수원대입구,8,depart,13,15.0,0,6,2026_1,1,0,0,0,1,0,0,0,16.0,9.1,5.5,1,0,0
2026_04_07,수원대입구,8,depart,13,16.0,1,6,2026_1,1,0,0,0,1,0,0,0,15.0,6.4,0.0,0,0,0
2026_04_08,수원대입구,8,depart,13,27.0,2,6,2026_1,1,0,0,0,1,0,1,0,16.0,7.4,0.0,0,0,0
2026_04_09,수원대입구,8,depart,13,21.0,3,6,2026_1,1,0,0,0,1,0,0,0,27.0,9.1,18.9,1,0,0
2026_04_10,수원대입구,8,depart,13,29.0,4,6,2026_1,1,0,0,0,1,0,1,1,21.0,9.8,5.8,1,0,0
2026_04_13,수원대입구,8,depart,13,20.0,0,7,2026_1,1,0,0,0,0,0,1,0,29.0,16.4,0.0,0,0,0
2026_04_14,수원대입구,8,depart,13,15.0,1,7,2026_1,1,0,0,0,0,0,0,0,20.0,19.0,0.0,0,0,0
2026_04_15,수원대입구,8,depart,13,16.0,2,7,2026_1,1,0,0,0,0,0,0,0,15.0,17.6,0.0,0,0,0
2026_04_16,수원대입구,8,depart,13,20.0,3,7,2026_1,1,1,1,0,0,0,0,0,16.0,17.8,0.0,0,0,0
2026_04_17,수원대입구,8,depart,13,23.0,4,7,2026_1,1,1,1,0,0,0,1,0,20.0,16.0,0.2,0,0,0
2026_04_20,수원대입구,8,depart,13,16.0,0,8,2026_1,1,1,1,0,0,0,0,0,23.0,12.2,0.7,1,0,0
2026_04_21,수원대입구,8,depart,13,26.0,1,8,2026_1,1,1,1,0,0,0,1,0,16.0,11.1,0.0,0,0,0
2026_04_22,수원대입구,8,depart,13,25.0,2,8,2026_1,1,1,1,0,0,0,1,0,26.0,13.4,0.0,0,0,0
2026_04_23,수원대입구,8,depart,13,23.0,3,8,2026_1,1,1,1,0,0,0,1,0,25.0,16.1,0.0,0,0,0
2026_04_24,수원대입구,8,depart,13,28.0,4,8,2026_1,1,1,1,0,0,0,1,1,23.0,17.2,0.0,0,0,0
2025_03_05,수원대입구,8,depart,14,2.0,2,1,2025_1,1,0,0,0,0,0,1,1,,3.5,0.2,0,1,0
2025_03_06,수원대입구,8,depart,14,22.0,3,1,2025_1,1,0,0,0,0,0,1,1,2.0,3.4,0.0,0,1,0
2025_03_07,수원대입구,8,depart,14,29.0,4,1,2025_1,1,0,0,0,0,0,1,0,22.0,2.8,0.0,0,1,0
2025_03_10,수원대입구,8,depart,14,58.0,0,2,2025_1,1,0,0,0,0,0,1,1,29.0,6.0,0.0,0,0,0
2025_03_12,수원대입구,8,depart,14,19.0,2,2,2025_1,1,0,0,0,0,0,1,1,58.0,7.3,0.1,0,0,0
2025_03_13,수원대입구,8,depart,14,36.0,3,2,2025_1,1,0,0,0,0,0,1,1,19.0,6.6,0.0,0,0,0
2025_03_14,수원대입구,8,depart,14,38.0,4,2,2025_1,1,0,0,0,0,0,1,0,36.0,10.4,0.0,0,0,0
2025_03_17,수원대입구,8,depart,14,33.0,0,3,2025_1,1,0,0,0,0,0,1,1,38.0,0.3,0.1,0,1,0
2025_03_18,수원대입구,8,depart,14,43.0,1,3,2025_1,1,0,0,0,0,0,1,1,33.0,0.7,4.5,1,1,0
2025_03_19,수원대입구,8,depart,14,24.0,2,3,2025_1,1,0,0,0,0,0,1,1,43.0,-0.8,0.0,0,1,0
2025_03_20,수원대입구,8,depart,14,30.0,3,3,2025_1,1,0,0,0,0,0,1,0,24.0,6.1,0.0,0,0,0
2025_03_21,수원대입구,8,depart,14,47.0,4,3,2025_1,1,0,0,0,0,0,1,1,30.0,9.6,0.0,0,0,0
2025_03_24,수원대입구,8,depart,14,45.0,0,4,2025_1,1,0,0,0,0,0,1,1,47.0,14.1,0.0,0,0,0
2025_03_25,수원대입구,8,depart,14,52.0,1,4,2025_1,1,0,0,0,0,0,1,1,45.0,13.2,0.0,0,0,0
2025_03_26,수원대입구,8,depart,14,41.0,2,4,2025_1,1,0,0,0,0,0,1,1,52.0,12.6,0.0,0,0,0
2025_03_27,수원대입구,8,depart,14,3.0,3,4,2025_1,1,0,0,0,0,0,1,1,41.0,12.6,1.0,1,0,0
2025_03_28,수원대입구,8,depart,14,38.0,4,4,2025_1,1,0,0,0,0,0,1,1,3.0,6.0,0.0,0,0,0
2025_03_31,수원대입구,8,depart,14,46.0,0,5,2025_1,1,0,0,0,0,0,1,1,38.0,5.2,0.0,0,0,0
2025_04_01,수원대입구,8,depart,14,32.0,1,5,2025_1,1,0,0,0,0,0,1,1,46.0,7.6,0.0,0,0,0
2025_04_02,수원대입구,8,depart,14,27.0,2,5,2025_1,1,0,0,0,0,0,1,0,32.0,7.6,0.6,1,0,0
2025_04_03,수원대입구,8,depart,14,22.0,3,5,2025_1,1,0,0,0,0,0,1,0,27.0,7.8,0.0,0,0,0
2025_04_04,수원대입구,8,depart,14,30.0,4,5,2025_1,1,0,0,0,0,0,1,0,22.0,9.0,0.0,0,0,0
2025_04_07,수원대입구,8,depart,14,19.0,0,6,2025_1,1,0,0,0,1,0,0,0,30.0,10.9,0.0,0,0,0
2025_04_08,수원대입구,8,depart,14,20.0,1,6,2025_1,1,0,0,0,1,0,1,1,19.0,11.1,3.3,1,0,0
2025_04_09,수원대입구,8,depart,14,32.0,2,6,2025_1,1,0,0,0,1,0,1,1,20.0,10.8,0.2,0,0,0
2025_04_10,수원대입구,8,depart,14,17.0,3,6,2025_1,1,0,0,0,1,0,0,0,32.0,11.0,0.0,0,0,0
2025_04_11,수원대입구,8,depart,14,22.0,4,6,2025_1,1,0,0,0,1,0,1,0,17.0,12.8,0.0,0,0,0
2025_04_14,수원대입구,8,depart,14,29.0,0,7,2025_1,1,0,0,0,0,0,1,0,22.0,4.6,8.8,1,1,0
2025_04_15,수원대입구,8,depart,14,26.0,1,7,2025_1,1,0,0,0,0,0,1,1,29.0,5.6,0.0,0,0,0
2025_04_16,수원대입구,8,depart,14,18.0,2,7,2025_1,1,1,1,0,0,0,1,1,26.0,12.2,1.4,1,0,0
2025_04_17,수원대입구,8,depart,14,29.0,3,7,2025_1,1,1,1,0,0,0,1,0,18.0,18.0,0.0,0,0,0
2025_04_18,수원대입구,8,depart,14,22.0,4,7,2025_1,1,1,1,0,0,0,1,0,29.0,16.8,0.0,0,0,0
2025_04_21,수원대입구,8,depart,14,25.0,0,8,2025_1,1,1,1,0,0,0,1,0,22.0,18.0,0.0,0,0,0
2025_04_22,수원대입구,8,depart,14,31.0,1,8,2025_1,1,1,1,0,0,0,1,0,25.0,16.2,25.2,1,0,0
2025_04_23,수원대입구,8,depart,14,2.0,2,8,2025_1,1,1,1,0,0,0,1,0,31.0,15.2,0.0,0,0,0
2025_04_24,수원대입구,8,depart,14,6.0,3,8,2025_1,1,1,1,0,0,0,1,1,2.0,12.3,0.0,0,0,0
2025_04_25,수원대입구,8,depart,14,0.0,4,8,2025_1,1,1,1,0,0,0,0,0,6.0,10.4,0.0,0,0,0
2025_04_28,수원대입구,8,depart,14,26.0,0,9,2025_1,1,1,1,0,0,0,1,0,0.0,12.4,0.0,0,0,0
2025_04_29,수원대입구,8,depart,14,10.0,1,9,2025_1,1,1,1,0,0,0,1,1,26.0,12.0,0.0,0,0,0
2025_04_30,수원대입구,8,depart,14,21.0,2,9,2025_1,1,1,1,0,0,0,1,1,10.0,16.2,0.0,0,0,0
2025_05_01,수원대입구,8,depart,14,9.0,3,9,2025_1,1,0,0,0,0,0,0,0,21.0,12.6,22.3,1,0,0
2025_05_02,수원대입구,8,depart,14,24.0,4,9,2025_1,1,0,0,0,0,0,1,0,9.0,12.1,0.0,0,0,0
2025_05_05,수원대입구,8,depart,14,2.0,0,10,2025_1,1,0,0,0,0,1,0,0,24.0,10.6,0.3,0,0,0
2025_05_06,수원대입구,8,depart,14,5.0,1,10,2025_1,1,0,0,0,0,1,0,0,2.0,12.5,0.0,0,0,0
2025_05_07,수원대입구,8,depart,14,13.0,2,10,2025_1,1,0,0,0,0,0,1,0,5.0,12.6,0.1,0,0,0
2025_05_08,수원대입구,8,depart,14,17.0,3,10,2025_1,1,0,0,0,0,0,1,0,13.0,15.4,0.0,0,0,0
2025_05_09,수원대입구,8,depart,14,31.0,4,10,2025_1,1,0,0,0,0,0,1,0,17.0,13.6,21.7,1,0,0
2025_05_12,수원대입구,8,depart,14,28.0,0,11,2025_1,1,0,0,0,0,0,1,0,31.0,15.0,0.0,0,0,0
2025_05_13,수원대입구,8,depart,14,17.0,1,11,2025_1,1,0,0,0,0,0,1,1,28.0,19.0,0.0,0,0,0
2025_05_14,수원대입구,8,depart,14,20.0,2,11,2025_1,1,0,0,0,0,0,1,1,17.0,20.4,0.1,0,0,0
2025_05_15,수원대입구,8,depart,14,2.0,3,11,2025_1,1,0,0,0,0,0,0,0,20.0,19.4,4.7,1,0,0
2025_05_16,수원대입구,8,depart,14,24.0,4,11,2025_1,1,0,0,0,0,0,1,0,2.0,20.0,16.3,1,0,0
2025_05_19,수원대입구,8,depart,14,5.0,0,12,2025_1,1,0,0,0,0,0,1,0,24.0,15.0,0.0,0,0,0
2025_05_20,수원대입구,8,depart,14,14.0,1,12,2025_1,1,0,0,0,0,0,1,1,5.0,21.3,0.2,0,0,0
2025_05_21,수원대입구,8,depart,14,27.0,2,12,2025_1,1,0,0,0,0,0,1,0,14.0,24.2,0.4,0,0,0
2025_05_22,수원대입구,8,depart,14,7.0,3,12,2025_1,1,0,0,0,0,0,0,0,27.0,22.7,2.6,1,0,0
2025_05_23,수원대입구,8,depart,14,16.0,4,12,2025_1,1,0,0,0,0,0,0,0,7.0,19.3,3.5,1,0,0
2025_05_26,수원대입구,8,depart,14,20.0,0,13,2025_1,1,0,0,0,1,0,1,0,16.0,18.7,0.0,0,0,0
2025_05_27,수원대입구,8,depart,14,0.0,1,13,2025_1,1,0,0,0,1,0,0,0,20.0,19.6,0.0,0,0,0
2025_05_28,수원대입구,8,depart,14,33.0,2,13,2025_1,1,0,0,0,1,0,1,1,0.0,19.5,0.6,1,0,0
2025_05_29,수원대입구,8,depart,14,20.0,3,13,2025_1,1,0,0,0,1,0,1,0,33.0,20.4,0.4,0,0,0
2025_05_30,수원대입구,8,depart,14,20.0,4,13,2025_1,1,0,0,0,1,0,1,0,20.0,21.7,0.0,0,0,0
2025_06_02,수원대입구,8,depart,14,28.0,0,14,2025_1,1,0,0,0,0,0,1,0,20.0,20.2,1.0,1,0,0
2025_06_03,수원대입구,8,depart,14,13.0,1,14,2025_1,1,0,0,0,0,0,0,0,28.0,20.2,0.2,0,0,0
2025_06_04,수원대입구,8,depart,14,11.0,2,14,2025_1,1,1,0,1,0,0,1,0,13.0,19.0,0.0,0,0,0
2025_06_05,수원대입구,8,depart,14,21.0,3,14,2025_1,1,1,0,1,0,0,1,0,11.0,20.0,0.0,0,0,0
2025_06_06,수원대입구,8,depart,14,19.0,4,14,2025_1,1,1,0,1,0,1,1,0,21.0,23.3,0.0,0,0,0
2025_06_09,수원대입구,8,depart,14,21.0,0,15,2025_1,1,1,0,1,0,0,1,0,19.0,24.5,0.2,0,0,0
2025_06_10,수원대입구,8,depart,14,11.0,1,15,2025_1,1,1,0,1,0,0,0,0,21.0,21.0,0.0,0,0,0
2025_06_11,수원대입구,8,depart,14,0.0,2,15,2025_1,1,1,0,1,0,0,1,1,11.0,21.2,0.0,0,0,0
2025_06_12,수원대입구,8,depart,14,13.0,3,15,2025_1,1,1,0,1,0,0,1,1,0.0,23.9,0.0,0,0,0
2025_06_13,수원대입구,8,depart,14,28.0,4,15,2025_1,1,1,0,1,0,0,1,1,13.0,23.2,3.8,1,0,0
2025_06_16,수원대입구,8,depart,14,28.0,0,16,2025_1,1,1,0,1,0,0,1,0,28.0,22.8,16.0,1,0,0
2025_06_17,수원대입구,8,depart,14,34.0,1,16,2025_1,1,1,0,1,0,0,1,1,28.0,23.0,0.4,0,0,0
2025_06_18,수원대입구,8,depart,14,12.0,2,16,2025_1,1,0,0,0,0,0,0,0,34.0,24.2,0.0,0,0,0
2025_06_19,수원대입구,8,depart,14,28.0,3,16,2025_1,1,0,0,0,0,0,1,0,12.0,26.2,0.3,0,0,0
2025_06_20,수원대입구,8,depart,14,21.0,4,16,2025_1,1,0,0,0,0,0,1,0,28.0,23.0,48.9,1,0,0
2025_06_23,수원대입구,8,depart,14,20.0,0,17,2025_1,1,0,0,0,0,0,0,0,21.0,23.3,0.0,0,0,0
2025_08_25,수원대입구,8,depart,14,32.0,0,1,2025_2,2,0,0,0,0,0,1,0,20.0,28.0,21.8,1,0,0
2025_08_26,수원대입구,8,depart,14,9.0,1,1,2025_2,2,0,0,0,0,0,1,1,32.0,26.1,22.2,1,0,0
2025_08_27,수원대입구,8,depart,14,15.0,2,1,2025_2,2,0,0,0,0,0,1,1,9.0,25.9,0.1,0,0,0
2025_08_28,수원대입구,8,depart,14,1.0,3,1,2025_2,2,0,0,0,0,0,1,1,15.0,26.6,1.5,1,0,0
2025_08_29,수원대입구,8,depart,14,28.0,4,1,2025_2,2,0,0,0,0,0,1,0,1.0,27.6,5.9,1,0,0
2025_09_01,수원대입구,8,depart,14,25.0,0,2,2025_2,2,0,0,0,0,0,1,0,28.0,25.7,17.6,1,0,0
2025_09_02,수원대입구,8,depart,14,16.0,1,2,2025_2,2,0,0,0,0,0,1,0,25.0,24.3,0.0,0,0,0
2025_09_03,수원대입구,8,depart,14,21.0,2,2,2025_2,2,0,0,0,0,0,1,0,16.0,25.0,0.0,0,0,0
2025_09_05,수원대입구,8,depart,14,17.0,4,2,2025_2,2,0,0,0,0,0,0,0,21.0,26.1,0.3,0,0,0
2025_09_08,수원대입구,8,depart,14,21.0,0,3,2025_2,2,0,0,0,0,0,1,0,17.0,22.8,0.0,0,0,0
2025_09_09,수원대입구,8,depart,14,24.0,1,3,2025_2,2,0,0,0,0,0,1,0,21.0,23.0,0.7,1,0,0
2025_09_10,수원대입구,8,depart,14,18.0,2,3,2025_2,2,0,0,0,0,0,1,0,24.0,23.8,0.0,0,0,0
2025_09_11,수원대입구,8,depart,14,13.0,3,3,2025_2,2,0,0,0,0,0,1,0,18.0,23.4,0.0,0,0,0
2025_09_12,수원대입구,8,depart,14,25.0,4,3,2025_2,2,0,0,0,0,0,1,0,13.0,22.0,10.2,1,0,0
2026_03_04,수원대입구,8,depart,14,38.0,2,1,2026_1,1,0,0,0,0,0,1,1,25.0,5.0,0.0,0,0,0
2026_03_05,수원대입구,8,depart,14,13.0,3,1,2026_1,1,0,0,0,0,0,1,1,38.0,5.4,14.0,1,0,0
2026_03_06,수원대입구,8,depart,14,34.0,4,1,2026_1,1,0,0,0,0,0,1,1,13.0,1.0,1.6,1,1,0
2026_03_09,수원대입구,8,depart,14,24.0,0,2,2026_1,1,0,0,0,0,0,1,0,34.0,3.0,0.0,0,1,0
2026_03_10,수원대입구,8,depart,14,20.0,1,2,2026_1,1,0,0,0,0,0,1,1,24.0,2.2,0.0,0,1,0
2026_03_11,수원대입구,8,depart,14,15.0,2,2,2026_1,1,0,0,0,0,0,1,0,20.0,3.4,0.0,0,1,0
2026_03_12,수원대입구,8,depart,14,25.0,3,2,2026_1,1,0,0,0,0,0,1,1,15.0,4.9,0.0,0,1,0
2026_03_13,수원대입구,8,depart,14,34.0,4,2,2026_1,1,0,0,0,0,0,1,0,25.0,5.8,0.0,0,0,0
2026_03_16,수원대입구,8,depart,14,7.0,0,3,2026_1,1,0,0,0,0,0,1,0,34.0,5.8,0.0,0,0,0
2026_03_17,수원대입구,8,depart,14,27.0,1,3,2026_1,1,0,0,0,0,0,1,0,7.0,6.0,0.0,0,0,0
2026_03_23,수원대입구,8,depart,14,9.0,0,4,2026_1,1,0,0,0,0,0,0,0,27.0,9.6,0.0,0,0,0
2026_03_24,수원대입구,8,depart,14,28.0,1,4,2026_1,1,0,0,0,0,0,1,0,9.0,10.6,0.0,0,0,0
2026_03_25,수원대입구,8,depart,14,23.0,2,4,2026_1,1,0,0,0,0,0,1,0,28.0,12.0,0.0,0,0,0
2026_03_26,수원대입구,8,depart,14,15.0,3,4,2026_1,1,0,0,0,0,0,0,0,23.0,10.5,0.0,0,0,0
2026_03_27,수원대입구,8,depart,14,21.0,4,4,2026_1,1,0,0,0,0,0,1,0,15.0,11.0,0.1,0,0,0
2026_03_30,수원대입구,8,depart,14,10.0,0,5,2026_1,1,0,0,0,0,0,0,0,21.0,13.7,3.2,1,0,0
2026_03_31,수원대입구,8,depart,14,40.0,1,5,2026_1,1,0,0,0,0,0,1,0,10.0,13.6,9.5,1,0,0
2026_04_01,수원대입구,8,depart,14,19.0,2,5,2026_1,1,0,0,0,0,0,0,0,40.0,11.5,0.1,0,0,0
2026_04_02,수원대입구,8,depart,14,12.0,3,5,2026_1,1,0,0,0,0,0,1,1,19.0,9.6,0.0,0,0,0
2026_04_03,수원대입구,8,depart,14,23.0,4,5,2026_1,1,0,0,0,0,0,1,0,12.0,13.0,0.0,0,0,0
2026_04_06,수원대입구,8,depart,14,6.0,0,6,2026_1,1,0,0,0,1,0,0,0,23.0,9.1,5.5,1,0,0
2026_04_07,수원대입구,8,depart,14,9.0,1,6,2026_1,1,0,0,0,1,0,1,0,6.0,6.4,0.0,0,0,0
2026_04_08,수원대입구,8,depart,14,11.0,2,6,2026_1,1,0,0,0,1,0,1,0,9.0,7.4,0.0,0,0,0
2026_04_09,수원대입구,8,depart,14,17.0,3,6,2026_1,1,0,0,0,1,0,0,0,11.0,9.1,18.9,1,0,0
2026_04_10,수원대입구,8,depart,14,28.0,4,6,2026_1,1,0,0,0,1,0,1,1,17.0,9.8,5.8,1,0,0
2026_04_13,수원대입구,8,depart,14,29.0,0,7,2026_1,1,0,0,0,0,0,1,0,28.0,16.4,0.0,0,0,0
2026_04_14,수원대입구,8,depart,14,34.0,1,7,2026_1,1,0,0,0,0,0,1,1,29.0,19.0,0.0,0,0,0
2026_04_15,수원대입구,8,depart,14,29.0,2,7,2026_1,1,0,0,0,0,0,1,0,34.0,17.6,0.0,0,0,0
2026_04_16,수원대입구,8,depart,14,28.0,3,7,2026_1,1,1,1,0,0,0,1,0,29.0,17.8,0.0,0,0,0
2026_04_17,수원대입구,8,depart,14,23.0,4,7,2026_1,1,1,1,0,0,0,1,0,28.0,16.0,0.2,0,0,0
2026_04_20,수원대입구,8,depart,14,22.0,0,8,2026_1,1,1,1,0,0,0,1,0,23.0,12.2,0.7,1,0,0
2026_04_21,수원대입구,8,depart,14,20.0,1,8,2026_1,1,1,1,0,0,0,1,1,22.0,11.1,0.0,0,0,0
2026_04_22,수원대입구,8,depart,14,35.0,2,8,2026_1,1,1,1,0,0,0,1,1,20.0,13.4,0.0,0,0,0
2026_04_23,수원대입구,8,depart,14,2.0,3,8,2026_1,1,1,1,0,0,0,1,1,35.0,16.1,0.0,0,0,0
2026_04_24,수원대입구,8,depart,14,20.0,4,8,2026_1,1,1,1,0,0,0,1,1,2.0,17.2,0.0,0,0,0
2025_03_05,수원대입구,8,depart,15,8.0,2,1,2025_1,1,0,0,0,0,0,1,1,,3.5,0.2,0,1,0
2025_03_06,수원대입구,8,depart,15,0.0,3,1,2025_1,1,0,0,0,0,0,1,1,8.0,3.4,0.0,0,1,0
2025_03_07,수원대입구,8,depart,15,29.0,4,1,2025_1,1,0,0,0,0,0,1,0,0.0,2.8,0.0,0,1,0
2025_03_10,수원대입구,8,depart,15,14.0,0,2,2025_1,1,0,0,0,0,0,1,1,29.0,6.0,0.0,0,0,0
2025_03_12,수원대입구,8,depart,15,0.0,2,2,2025_1,1,0,0,0,0,0,1,1,14.0,7.3,0.1,0,0,0
2025_03_13,수원대입구,8,depart,15,0.0,3,2,2025_1,1,0,0,0,0,0,1,1,0.0,6.6,0.0,0,0,0
2025_03_14,수원대입구,8,depart,15,27.0,4,2,2025_1,1,0,0,0,0,0,1,1,0.0,10.4,0.0,0,0,0
2025_03_17,수원대입구,8,depart,15,20.0,0,3,2025_1,1,0,0,0,0,0,1,1,27.0,0.3,0.1,0,1,0
2025_03_18,수원대입구,8,depart,15,0.0,1,3,2025_1,1,0,0,0,0,0,1,1,20.0,0.7,4.5,1,1,0
2025_03_19,수원대입구,8,depart,15,57.0,2,3,2025_1,1,0,0,0,0,0,1,1,0.0,-0.8,0.0,0,1,0
2025_03_20,수원대입구,8,depart,15,7.0,3,3,2025_1,1,0,0,0,0,0,1,1,57.0,6.1,0.0,0,0,0
2025_03_21,수원대입구,8,depart,15,13.0,4,3,2025_1,1,0,0,0,0,0,1,1,7.0,9.6,0.0,0,0,0
2025_03_24,수원대입구,8,depart,15,47.0,0,4,2025_1,1,0,0,0,0,0,1,1,13.0,14.1,0.0,0,0,0
2025_03_25,수원대입구,8,depart,15,30.0,1,4,2025_1,1,0,0,0,0,0,1,1,47.0,13.2,0.0,0,0,0
2025_03_26,수원대입구,8,depart,15,67.0,2,4,2025_1,1,0,0,0,0,0,1,1,30.0,12.6,0.0,0,0,0
2025_03_27,수원대입구,8,depart,15,0.0,3,4,2025_1,1,0,0,0,0,0,0,0,67.0,12.6,1.0,1,0,0
2025_03_28,수원대입구,8,depart,15,16.0,4,4,2025_1,1,0,0,0,0,0,1,1,0.0,6.0,0.0,0,0,0
2025_03_31,수원대입구,8,depart,15,22.0,0,5,2025_1,1,0,0,0,0,0,1,1,16.0,5.2,0.0,0,0,0
2025_04_01,수원대입구,8,depart,15,10.0,1,5,2025_1,1,0,0,0,0,0,1,1,22.0,7.6,0.0,0,0,0
2025_04_02,수원대입구,8,depart,15,0.0,2,5,2025_1,1,0,0,0,0,0,1,1,10.0,7.6,0.6,1,0,0
2025_04_03,수원대입구,8,depart,15,25.0,3,5,2025_1,1,0,0,0,0,0,1,1,0.0,7.8,0.0,0,0,0
2025_04_04,수원대입구,8,depart,15,2.0,4,5,2025_1,1,0,0,0,0,0,1,1,25.0,9.0,0.0,0,0,0
2025_04_07,수원대입구,8,depart,15,26.0,0,6,2025_1,1,0,0,0,1,0,1,1,2.0,10.9,0.0,0,0,0
2025_04_08,수원대입구,8,depart,15,0.0,1,6,2025_1,1,0,0,0,1,0,1,1,26.0,11.1,3.3,1,0,0
2025_04_09,수원대입구,8,depart,15,0.0,2,6,2025_1,1,0,0,0,1,0,1,1,0.0,10.8,0.2,0,0,0
2025_04_10,수원대입구,8,depart,15,0.0,3,6,2025_1,1,0,0,0,1,0,1,1,0.0,11.0,0.0,0,0,0
2025_04_11,수원대입구,8,depart,15,0.0,4,6,2025_1,1,0,0,0,1,0,1,1,0.0,12.8,0.0,0,0,0
2025_04_14,수원대입구,8,depart,15,9.0,0,7,2025_1,1,0,0,0,0,0,1,1,0.0,4.6,8.8,1,1,0
2025_04_15,수원대입구,8,depart,15,2.0,1,7,2025_1,1,0,0,0,0,0,1,1,9.0,5.6,0.0,0,0,0
2025_04_16,수원대입구,8,depart,15,7.0,2,7,2025_1,1,1,1,0,0,0,1,1,2.0,12.2,1.4,1,0,0
2025_04_17,수원대입구,8,depart,15,2.0,3,7,2025_1,1,1,1,0,0,0,1,1,7.0,18.0,0.0,0,0,0
2025_04_18,수원대입구,8,depart,15,22.0,4,7,2025_1,1,1,1,0,0,0,1,0,2.0,16.8,0.0,0,0,0
2025_04_21,수원대입구,8,depart,15,8.0,0,8,2025_1,1,1,1,0,0,0,1,0,22.0,18.0,0.0,0,0,0
2025_04_22,수원대입구,8,depart,15,0.0,1,8,2025_1,1,1,1,0,0,0,0,0,8.0,16.2,25.2,1,0,0
2025_04_23,수원대입구,8,depart,15,3.0,2,8,2025_1,1,1,1,0,0,0,1,1,0.0,15.2,0.0,0,0,0
2025_04_24,수원대입구,8,depart,15,0.0,3,8,2025_1,1,1,1,0,0,0,0,0,3.0,12.3,0.0,0,0,0
2025_04_25,수원대입구,8,depart,15,14.0,4,8,2025_1,1,1,1,0,0,0,1,1,0.0,10.4,0.0,0,0,0
2025_04_28,수원대입구,8,depart,15,17.0,0,9,2025_1,1,1,1,0,0,0,1,1,14.0,12.4,0.0,0,0,0
2025_04_29,수원대입구,8,depart,15,0.0,1,9,2025_1,1,1,1,0,0,0,1,1,17.0,12.0,0.0,0,0,0
2025_04_30,수원대입구,8,depart,15,13.0,2,9,2025_1,1,1,1,0,0,0,1,1,0.0,16.2,0.0,0,0,0
2025_05_01,수원대입구,8,depart,15,23.0,3,9,2025_1,1,0,0,0,0,0,1,0,13.0,12.6,22.3,1,0,0
2025_05_02,수원대입구,8,depart,15,0.0,4,9,2025_1,1,0,0,0,0,0,1,1,23.0,12.1,0.0,0,0,0
2025_05_05,수원대입구,8,depart,15,3.0,0,10,2025_1,1,0,0,0,0,1,0,0,0.0,10.6,0.3,0,0,0
2025_05_06,수원대입구,8,depart,15,15.0,1,10,2025_1,1,0,0,0,0,1,0,0,3.0,12.5,0.0,0,0,0
2025_05_07,수원대입구,8,depart,15,0.0,2,10,2025_1,1,0,0,0,0,0,0,0,15.0,12.6,0.1,0,0,0
2025_05_08,수원대입구,8,depart,15,10.0,3,10,2025_1,1,0,0,0,0,0,0,0,0.0,15.4,0.0,0,0,0
2025_05_09,수원대입구,8,depart,15,1.0,4,10,2025_1,1,0,0,0,0,0,1,1,10.0,13.6,21.7,1,0,0
2025_05_12,수원대입구,8,depart,15,14.0,0,11,2025_1,1,0,0,0,0,0,1,0,1.0,15.0,0.0,0,0,0
2025_05_13,수원대입구,8,depart,15,6.0,1,11,2025_1,1,0,0,0,0,0,1,1,14.0,19.0,0.0,0,0,0
2025_05_14,수원대입구,8,depart,15,0.0,2,11,2025_1,1,0,0,0,0,0,0,0,6.0,20.4,0.1,0,0,0
2025_05_15,수원대입구,8,depart,15,0.0,3,11,2025_1,1,0,0,0,0,0,1,1,0.0,19.4,4.7,1,0,0
2025_05_16,수원대입구,8,depart,15,12.0,4,11,2025_1,1,0,0,0,0,0,1,1,0.0,20.0,16.3,1,0,0
2025_05_19,수원대입구,8,depart,15,19.0,0,12,2025_1,1,0,0,0,0,0,1,1,12.0,15.0,0.0,0,0,0
2025_05_20,수원대입구,8,depart,15,0.0,1,12,2025_1,1,0,0,0,0,0,0,0,19.0,21.3,0.2,0,0,0
2025_05_21,수원대입구,8,depart,15,16.0,2,12,2025_1,1,0,0,0,0,0,1,1,0.0,24.2,0.4,0,0,0
2025_05_22,수원대입구,8,depart,15,18.0,3,12,2025_1,1,0,0,0,0,0,1,0,16.0,22.7,2.6,1,0,0
2025_05_23,수원대입구,8,depart,15,22.0,4,12,2025_1,1,0,0,0,0,0,1,1,18.0,19.3,3.5,1,0,0
2025_05_26,수원대입구,8,depart,15,10.0,0,13,2025_1,1,0,0,0,1,0,1,1,22.0,18.7,0.0,0,0,0
2025_05_27,수원대입구,8,depart,15,0.0,1,13,2025_1,1,0,0,0,1,0,0,0,10.0,19.6,0.0,0,0,0
2025_05_28,수원대입구,8,depart,15,0.0,2,13,2025_1,1,0,0,0,1,0,0,0,0.0,19.5,0.6,1,0,0
2025_05_29,수원대입구,8,depart,15,23.0,3,13,2025_1,1,0,0,0,1,0,1,1,0.0,20.4,0.4,0,0,0
2025_05_30,수원대입구,8,depart,15,23.0,4,13,2025_1,1,0,0,0,1,0,1,0,23.0,21.7,0.0,0,0,0
2025_06_02,수원대입구,8,depart,15,17.0,0,14,2025_1,1,0,0,0,0,0,1,0,23.0,20.2,1.0,1,0,0
2025_06_03,수원대입구,8,depart,15,5.0,1,14,2025_1,1,0,0,0,0,0,0,0,17.0,20.2,0.2,0,0,0
2025_06_04,수원대입구,8,depart,15,0.0,2,14,2025_1,1,1,0,1,0,0,1,1,5.0,19.0,0.0,0,0,0
2025_06_05,수원대입구,8,depart,15,3.0,3,14,2025_1,1,1,0,1,0,0,1,1,0.0,20.0,0.0,0,0,0
2025_06_06,수원대입구,8,depart,15,11.0,4,14,2025_1,1,1,0,1,0,1,0,0,3.0,23.3,0.0,0,0,0
2025_06_09,수원대입구,8,depart,15,8.0,0,15,2025_1,1,1,0,1,0,0,1,1,11.0,24.5,0.2,0,0,0
2025_06_10,수원대입구,8,depart,15,0.0,1,15,2025_1,1,1,0,1,0,0,1,1,8.0,21.0,0.0,0,0,0
2025_06_11,수원대입구,8,depart,15,0.0,2,15,2025_1,1,1,0,1,0,0,1,0,0.0,21.2,0.0,0,0,0
2025_06_12,수원대입구,8,depart,15,11.0,3,15,2025_1,1,1,0,1,0,0,1,1,0.0,23.9,0.0,0,0,0
2025_06_13,수원대입구,8,depart,15,11.0,4,15,2025_1,1,1,0,1,0,0,1,1,11.0,23.2,3.8,1,0,0
2025_06_16,수원대입구,8,depart,15,24.0,0,16,2025_1,1,1,0,1,0,0,1,0,11.0,22.8,16.0,1,0,0
2025_06_17,수원대입구,8,depart,15,2.0,1,16,2025_1,1,1,0,1,0,0,1,1,24.0,23.0,0.4,0,0,0
2025_06_18,수원대입구,8,depart,15,21.0,2,16,2025_1,1,0,0,0,0,0,0,0,2.0,24.2,0.0,0,0,0
2025_06_19,수원대입구,8,depart,15,16.0,3,16,2025_1,1,0,0,0,0,0,1,0,21.0,26.2,0.3,0,0,0
2025_06_20,수원대입구,8,depart,15,19.0,4,16,2025_1,1,0,0,0,0,0,1,0,16.0,23.0,48.9,1,0,0
2025_06_23,수원대입구,8,depart,15,23.0,0,17,2025_1,1,0,0,0,0,0,0,0,19.0,23.3,0.0,0,0,0
2025_08_25,수원대입구,8,depart,15,31.0,0,1,2025_2,2,0,0,0,0,0,1,0,23.0,28.0,21.8,1,0,0
2025_08_26,수원대입구,8,depart,15,0.0,1,1,2025_2,2,0,0,0,0,0,1,1,31.0,26.1,22.2,1,0,0
2025_08_27,수원대입구,8,depart,15,24.0,2,1,2025_2,2,0,0,0,0,0,1,1,0.0,25.9,0.1,0,0,0
2025_08_28,수원대입구,8,depart,15,18.0,3,1,2025_2,2,0,0,0,0,0,1,0,24.0,26.6,1.5,1,0,0
2025_08_29,수원대입구,8,depart,15,18.0,4,1,2025_2,2,0,0,0,0,0,0,0,18.0,27.6,5.9,1,0,0
2025_09_01,수원대입구,8,depart,15,0.0,0,2,2025_2,2,0,0,0,0,0,1,1,18.0,25.7,17.6,1,0,0
2025_09_02,수원대입구,8,depart,15,32.0,1,2,2025_2,2,0,0,0,0,0,1,1,0.0,24.3,0.0,0,0,0
2025_09_03,수원대입구,8,depart,15,0.0,2,2,2025_2,2,0,0,0,0,0,1,1,32.0,25.0,0.0,0,0,0
2025_09_05,수원대입구,8,depart,15,7.0,4,2,2025_2,2,0,0,0,0,0,1,1,0.0,26.1,0.3,0,0,0
2025_09_08,수원대입구,8,depart,15,21.0,0,3,2025_2,2,0,0,0,0,0,1,1,7.0,22.8,0.0,0,0,0
2025_09_09,수원대입구,8,depart,15,9.0,1,3,2025_2,2,0,0,0,0,0,1,1,21.0,23.0,0.7,1,0,0
2025_09_10,수원대입구,8,depart,15,8.0,2,3,2025_2,2,0,0,0,0,0,1,1,9.0,23.8,0.0,0,0,0
2025_09_11,수원대입구,8,depart,15,8.0,3,3,2025_2,2,0,0,0,0,0,1,1,8.0,23.4,0.0,0,0,0
2025_09_12,수원대입구,8,depart,15,0.0,4,3,2025_2,2,0,0,0,0,0,1,1,8.0,22.0,10.2,1,0,0
2026_03_04,수원대입구,8,depart,15,15.0,2,1,2026_1,1,0,0,0,0,0,1,1,0.0,5.0,0.0,0,0,0
2026_03_05,수원대입구,8,depart,15,12.0,3,1,2026_1,1,0,0,0,0,0,1,1,15.0,5.4,14.0,1,0,0
2026_03_06,수원대입구,8,depart,15,19.0,4,1,2026_1,1,0,0,0,0,0,1,0,12.0,1.0,1.6,1,1,0
2026_03_09,수원대입구,8,depart,15,0.0,0,2,2026_1,1,0,0,0,0,0,1,0,19.0,3.0,0.0,0,1,0
2026_03_10,수원대입구,8,depart,15,0.0,1,2,2026_1,1,0,0,0,0,0,0,0,0.0,2.2,0.0,0,1,0
2026_03_11,수원대입구,8,depart,15,0.0,2,2,2026_1,1,0,0,0,0,0,1,1,0.0,3.4,0.0,0,1,0
2026_03_12,수원대입구,8,depart,15,14.0,3,2,2026_1,1,0,0,0,0,0,1,1,0.0,4.9,0.0,0,1,0
2026_03_13,수원대입구,8,depart,15,37.0,4,2,2026_1,1,0,0,0,0,0,1,1,14.0,5.8,0.0,0,0,0
2026_03_16,수원대입구,8,depart,15,5.0,0,3,2026_1,1,0,0,0,0,0,1,1,37.0,5.8,0.0,0,0,0
2026_03_17,수원대입구,8,depart,15,16.0,1,3,2026_1,1,0,0,0,0,0,1,1,5.0,6.0,0.0,0,0,0
2026_03_23,수원대입구,8,depart,15,21.0,0,4,2026_1,1,0,0,0,0,0,1,1,16.0,9.6,0.0,0,0,0
2026_03_24,수원대입구,8,depart,15,4.0,1,4,2026_1,1,0,0,0,0,0,1,1,21.0,10.6,0.0,0,0,0
2026_03_25,수원대입구,8,depart,15,14.0,2,4,2026_1,1,0,0,0,0,0,1,1,4.0,12.0,0.0,0,0,0
2026_03_26,수원대입구,8,depart,15,0.0,3,4,2026_1,1,0,0,0,0,0,1,0,14.0,10.5,0.0,0,0,0
2026_03_27,수원대입구,8,depart,15,0.0,4,4,2026_1,1,0,0,0,0,0,1,0,0.0,11.0,0.1,0,0,0
2026_03_30,수원대입구,8,depart,15,20.0,0,5,2026_1,1,0,0,0,0,0,1,1,0.0,13.7,3.2,1,0,0
2026_03_31,수원대입구,8,depart,15,17.0,1,5,2026_1,1,0,0,0,0,0,1,1,20.0,13.6,9.5,1,0,0
2026_04_01,수원대입구,8,depart,15,20.0,2,5,2026_1,1,0,0,0,0,0,1,1,17.0,11.5,0.1,0,0,0
2026_04_02,수원대입구,8,depart,15,45.0,3,5,2026_1,1,0,0,0,0,0,1,0,20.0,9.6,0.0,0,0,0
2026_04_03,수원대입구,8,depart,15,27.0,4,5,2026_1,1,0,0,0,0,0,1,1,45.0,13.0,0.0,0,0,0
2026_04_06,수원대입구,8,depart,15,0.0,0,6,2026_1,1,0,0,0,1,0,0,0,27.0,9.1,5.5,1,0,0
2026_04_07,수원대입구,8,depart,15,12.0,1,6,2026_1,1,0,0,0,1,0,1,1,0.0,6.4,0.0,0,0,0
2026_04_08,수원대입구,8,depart,15,0.0,2,6,2026_1,1,0,0,0,1,0,1,0,12.0,7.4,0.0,0,0,0
2026_04_09,수원대입구,8,depart,15,38.0,3,6,2026_1,1,0,0,0,1,0,1,0,0.0,9.1,18.9,1,0,0
2026_04_10,수원대입구,8,depart,15,15.0,4,6,2026_1,1,0,0,0,1,0,1,1,38.0,9.8,5.8,1,0,0
2026_04_13,수원대입구,8,depart,15,23.0,0,7,2026_1,1,0,0,0,0,0,1,1,15.0,16.4,0.0,0,0,0
2026_04_14,수원대입구,8,depart,15,0.0,1,7,2026_1,1,0,0,0,0,0,0,0,23.0,19.0,0.0,0,0,0
2026_04_15,수원대입구,8,depart,15,0.0,2,7,2026_1,1,0,0,0,0,0,1,1,0.0,17.6,0.0,0,0,0
2026_04_16,수원대입구,8,depart,15,13.0,3,7,2026_1,1,1,1,0,0,0,1,1,0.0,17.8,0.0,0,0,0
2026_04_17,수원대입구,8,depart,15,13.0,4,7,2026_1,1,1,1,0,0,0,1,0,13.0,16.0,0.2,0,0,0
2026_04_20,수원대입구,8,depart,15,22.0,0,8,2026_1,1,1,1,0,0,0,1,1,13.0,12.2,0.7,1,0,0
2026_04_21,수원대입구,8,depart,15,7.0,1,8,2026_1,1,1,1,0,0,0,1,1,22.0,11.1,0.0,0,0,0
2026_04_22,수원대입구,8,depart,15,12.0,2,8,2026_1,1,1,1,0,0,0,1,1,7.0,13.4,0.0,0,0,0
2026_04_23,수원대입구,8,depart,15,0.0,3,8,2026_1,1,1,1,0,0,0,0,0,12.0,16.1,0.0,0,0,0
2026_04_24,수원대입구,8,depart,15,8.0,4,8,2026_1,1,1,1,0,0,0,1,1,0.0,17.2,0.0,0,0,0
2025_03_05,수원대입구,8,depart,16,29.0,2,1,2025_1,1,0,0,0,0,0,1,1,,3.5,0.2,0,1,0
2025_03_06,수원대입구,8,depart,16,13.0,3,1,2025_1,1,0,0,0,0,0,1,1,29.0,3.4,0.0,0,1,0
2025_03_07,수원대입구,8,depart,16,30.0,4,1,2025_1,1,0,0,0,0,0,1,0,13.0,2.8,0.0,0,1,0
2025_03_10,수원대입구,8,depart,16,0.0,0,2,2025_1,1,0,0,0,0,0,1,1,30.0,6.0,0.0,0,0,0
2025_03_12,수원대입구,8,depart,16,6.0,2,2,2025_1,1,0,0,0,0,0,1,1,0.0,7.3,0.1,0,0,0
2025_03_13,수원대입구,8,depart,16,0.0,3,2,2025_1,1,0,0,0,0,0,0,0,6.0,6.6,0.0,0,0,0
2025_03_14,수원대입구,8,depart,16,52.0,4,2,2025_1,1,0,0,0,0,0,1,1,0.0,10.4,0.0,0,0,0
2025_03_17,수원대입구,8,depart,16,2.0,0,3,2025_1,1,0,0,0,0,0,1,1,52.0,0.3,0.1,0,1,0
2025_03_18,수원대입구,8,depart,16,38.0,1,3,2025_1,1,0,0,0,0,0,1,1,2.0,0.7,4.5,1,1,0
2025_03_19,수원대입구,8,depart,16,6.0,2,3,2025_1,1,0,0,0,0,0,1,1,38.0,-0.8,0.0,0,1,0
2025_03_20,수원대입구,8,depart,16,0.0,3,3,2025_1,1,0,0,0,0,0,0,0,6.0,6.1,0.0,0,0,0
2025_03_21,수원대입구,8,depart,16,26.0,4,3,2025_1,1,0,0,0,0,0,1,1,0.0,9.6,0.0,0,0,0
2025_03_24,수원대입구,8,depart,16,0.0,0,4,2025_1,1,0,0,0,0,0,1,1,26.0,14.1,0.0,0,0,0
2025_03_25,수원대입구,8,depart,16,32.0,1,4,2025_1,1,0,0,0,0,0,1,1,0.0,13.2,0.0,0,0,0
2025_03_26,수원대입구,8,depart,16,5.0,2,4,2025_1,1,0,0,0,0,0,1,1,32.0,12.6,0.0,0,0,0
2025_03_27,수원대입구,8,depart,16,0.0,3,4,2025_1,1,0,0,0,0,0,0,0,5.0,12.6,1.0,1,0,0
2025_03_28,수원대입구,8,depart,16,0.0,4,4,2025_1,1,0,0,0,0,0,1,1,0.0,6.0,0.0,0,0,0
2025_03_31,수원대입구,8,depart,16,0.0,0,5,2025_1,1,0,0,0,0,0,1,1,0.0,5.2,0.0,0,0,0
2025_04_01,수원대입구,8,depart,16,22.0,1,5,2025_1,1,0,0,0,0,0,1,0,0.0,7.6,0.0,0,0,0
2025_04_02,수원대입구,8,depart,16,1.0,2,5,2025_1,1,0,0,0,0,0,1,1,22.0,7.6,0.6,1,0,0
2025_04_03,수원대입구,8,depart,16,2.0,3,5,2025_1,1,0,0,0,0,0,1,1,1.0,7.8,0.0,0,0,0
2025_04_04,수원대입구,8,depart,16,4.0,4,5,2025_1,1,0,0,0,0,0,1,1,2.0,9.0,0.0,0,0,0
2025_04_07,수원대입구,8,depart,16,1.0,0,6,2025_1,1,0,0,0,1,0,1,1,4.0,10.9,0.0,0,0,0
2025_04_08,수원대입구,8,depart,16,16.0,1,6,2025_1,1,0,0,0,1,0,1,1,1.0,11.1,3.3,1,0,0
2025_04_09,수원대입구,8,depart,16,21.0,2,6,2025_1,1,0,0,0,1,0,1,0,16.0,10.8,0.2,0,0,0
2025_04_10,수원대입구,8,depart,16,0.0,3,6,2025_1,1,0,0,0,1,0,0,0,21.0,11.0,0.0,0,0,0
2025_04_11,수원대입구,8,depart,16,18.0,4,6,2025_1,1,0,0,0,1,0,1,1,0.0,12.8,0.0,0,0,0
2025_04_14,수원대입구,8,depart,16,13.0,0,7,2025_1,1,0,0,0,0,0,1,1,18.0,4.6,8.8,1,1,0
2025_04_15,수원대입구,8,depart,16,17.0,1,7,2025_1,1,0,0,0,0,0,1,0,13.0,5.6,0.0,0,0,0
2025_04_16,수원대입구,8,depart,16,3.0,2,7,2025_1,1,1,1,0,0,0,1,1,17.0,12.2,1.4,1,0,0
2025_04_17,수원대입구,8,depart,16,17.0,3,7,2025_1,1,1,1,0,0,0,1,1,3.0,18.0,0.0,0,0,0
2025_04_18,수원대입구,8,depart,16,16.0,4,7,2025_1,1,1,1,0,0,0,1,1,17.0,16.8,0.0,0,0,0
2025_04_21,수원대입구,8,depart,16,22.0,0,8,2025_1,1,1,1,0,0,0,1,0,16.0,18.0,0.0,0,0,0
2025_04_22,수원대입구,8,depart,16,10.0,1,8,2025_1,1,1,1,0,0,0,1,0,22.0,16.2,25.2,1,0,0
2025_04_23,수원대입구,8,depart,16,21.0,2,8,2025_1,1,1,1,0,0,0,1,1,10.0,15.2,0.0,0,0,0
2025_04_24,수원대입구,8,depart,16,6.0,3,8,2025_1,1,1,1,0,0,0,1,1,21.0,12.3,0.0,0,0,0
2025_04_25,수원대입구,8,depart,16,13.0,4,8,2025_1,1,1,1,0,0,0,1,0,6.0,10.4,0.0,0,0,0
2025_04_28,수원대입구,8,depart,16,24.0,0,9,2025_1,1,1,1,0,0,0,1,0,13.0,12.4,0.0,0,0,0
2025_04_29,수원대입구,8,depart,16,9.0,1,9,2025_1,1,1,1,0,0,0,1,1,24.0,12.0,0.0,0,0,0
2025_04_30,수원대입구,8,depart,16,3.0,2,9,2025_1,1,1,1,0,0,0,1,1,9.0,16.2,0.0,0,0,0
2025_05_01,수원대입구,8,depart,16,15.0,3,9,2025_1,1,0,0,0,0,0,1,0,3.0,12.6,22.3,1,0,0
2025_05_02,수원대입구,8,depart,16,16.0,4,9,2025_1,1,0,0,0,0,0,1,1,15.0,12.1,0.0,0,0,0
2025_05_05,수원대입구,8,depart,16,7.0,0,10,2025_1,1,0,0,0,0,1,0,0,16.0,10.6,0.3,0,0,0
2025_05_06,수원대입구,8,depart,16,5.0,1,10,2025_1,1,0,0,0,0,1,0,0,7.0,12.5,0.0,0,0,0
2025_05_07,수원대입구,8,depart,16,0.0,2,10,2025_1,1,0,0,0,0,0,0,0,5.0,12.6,0.1,0,0,0
2025_05_08,수원대입구,8,depart,16,0.0,3,10,2025_1,1,0,0,0,0,0,0,0,0.0,15.4,0.0,0,0,0
2025_05_09,수원대입구,8,depart,16,20.0,4,10,2025_1,1,0,0,0,0,0,1,1,0.0,13.6,21.7,1,0,0
2025_05_12,수원대입구,8,depart,16,0.0,0,11,2025_1,1,0,0,0,0,0,1,1,20.0,15.0,0.0,0,0,0
2025_05_13,수원대입구,8,depart,16,8.0,1,11,2025_1,1,0,0,0,0,0,1,1,0.0,19.0,0.0,0,0,0
2025_05_14,수원대입구,8,depart,16,17.0,2,11,2025_1,1,0,0,0,0,0,1,1,8.0,20.4,0.1,0,0,0
2025_05_15,수원대입구,8,depart,16,19.0,3,11,2025_1,1,0,0,0,0,0,1,1,17.0,19.4,4.7,1,0,0
2025_05_16,수원대입구,8,depart,16,19.0,4,11,2025_1,1,0,0,0,0,0,1,1,19.0,20.0,16.3,1,0,0
2025_05_19,수원대입구,8,depart,16,3.0,0,12,2025_1,1,0,0,0,0,0,1,1,19.0,15.0,0.0,0,0,0
2025_05_20,수원대입구,8,depart,16,11.0,1,12,2025_1,1,0,0,0,0,0,1,1,3.0,21.3,0.2,0,0,0
2025_05_21,수원대입구,8,depart,16,15.0,2,12,2025_1,1,0,0,0,0,0,1,1,11.0,24.2,0.4,0,0,0
2025_05_22,수원대입구,8,depart,16,0.0,3,12,2025_1,1,0,0,0,0,0,0,0,15.0,22.7,2.6,1,0,0
2025_05_23,수원대입구,8,depart,16,26.0,4,12,2025_1,1,0,0,0,0,0,1,0,0.0,19.3,3.5,1,0,0
2025_05_26,수원대입구,8,depart,16,0.0,0,13,2025_1,1,0,0,0,1,0,1,0,26.0,18.7,0.0,0,0,0
2025_05_27,수원대입구,8,depart,16,8.0,1,13,2025_1,1,0,0,0,1,0,1,1,0.0,19.6,0.0,0,0,0
2025_05_28,수원대입구,8,depart,16,0.0,2,13,2025_1,1,0,0,0,1,0,0,0,8.0,19.5,0.6,1,0,0
2025_05_29,수원대입구,8,depart,16,0.0,3,13,2025_1,1,0,0,0,1,0,0,0,0.0,20.4,0.4,0,0,0
2025_05_30,수원대입구,8,depart,16,8.0,4,13,2025_1,1,0,0,0,1,0,1,1,0.0,21.7,0.0,0,0,0
2025_06_02,수원대입구,8,depart,16,14.0,0,14,2025_1,1,0,0,0,0,0,1,1,8.0,20.2,1.0,1,0,0
2025_06_03,수원대입구,8,depart,16,9.0,1,14,2025_1,1,0,0,0,0,0,0,0,14.0,20.2,0.2,0,0,0
2025_06_04,수원대입구,8,depart,16,12.0,2,14,2025_1,1,1,0,1,0,0,1,1,9.0,19.0,0.0,0,0,0
2025_06_05,수원대입구,8,depart,16,0.0,3,14,2025_1,1,1,0,1,0,0,1,1,12.0,20.0,0.0,0,0,0
2025_06_06,수원대입구,8,depart,16,14.0,4,14,2025_1,1,1,0,1,0,1,0,0,0.0,23.3,0.0,0,0,0
2025_06_09,수원대입구,8,depart,16,14.0,0,15,2025_1,1,1,0,1,0,0,1,1,14.0,24.5,0.2,0,0,0
2025_06_10,수원대입구,8,depart,16,12.0,1,15,2025_1,1,1,0,1,0,0,1,0,14.0,21.0,0.0,0,0,0
2025_06_11,수원대입구,8,depart,16,32.0,2,15,2025_1,1,1,0,1,0,0,1,1,12.0,21.2,0.0,0,0,0
2025_06_12,수원대입구,8,depart,16,19.0,3,15,2025_1,1,1,0,1,0,0,1,1,32.0,23.9,0.0,0,0,0
2025_06_13,수원대입구,8,depart,16,24.0,4,15,2025_1,1,1,0,1,0,0,1,1,19.0,23.2,3.8,1,0,0
2025_06_16,수원대입구,8,depart,16,23.0,0,16,2025_1,1,1,0,1,0,0,1,1,24.0,22.8,16.0,1,0,0
2025_06_17,수원대입구,8,depart,16,22.0,1,16,2025_1,1,1,0,1,0,0,1,0,23.0,23.0,0.4,0,0,0
2025_06_18,수원대입구,8,depart,16,7.0,2,16,2025_1,1,0,0,0,0,0,0,0,22.0,24.2,0.0,0,0,0
2025_06_19,수원대입구,8,depart,16,20.0,3,16,2025_1,1,0,0,0,0,0,1,0,7.0,26.2,0.3,0,0,0
2025_06_20,수원대입구,8,depart,16,22.0,4,16,2025_1,1,0,0,0,0,0,1,0,20.0,23.0,48.9,1,0,0
2025_06_23,수원대입구,8,depart,16,19.0,0,17,2025_1,1,0,0,0,0,0,1,0,22.0,23.3,0.0,0,0,0
2025_08_25,수원대입구,8,depart,16,25.0,0,1,2025_2,2,0,0,0,0,0,1,0,19.0,28.0,21.8,1,0,0
2025_08_26,수원대입구,8,depart,16,13.0,1,1,2025_2,2,0,0,0,0,0,1,0,25.0,26.1,22.2,1,0,0
2025_08_27,수원대입구,8,depart,16,5.0,2,1,2025_2,2,0,0,0,0,0,1,1,13.0,25.9,0.1,0,0,0
2025_08_28,수원대입구,8,depart,16,19.0,3,1,2025_2,2,0,0,0,0,0,1,1,5.0,26.6,1.5,1,0,0
2025_08_29,수원대입구,8,depart,16,29.0,4,1,2025_2,2,0,0,0,0,0,1,0,19.0,27.6,5.9,1,0,0
2025_09_01,수원대입구,8,depart,16,2.0,0,2,2025_2,2,0,0,0,0,0,1,1,29.0,25.7,17.6,1,0,0
2025_09_02,수원대입구,8,depart,16,23.0,1,2,2025_2,2,0,0,0,0,0,1,1,2.0,24.3,0.0,0,0,0
2025_09_03,수원대입구,8,depart,16,0.0,2,2,2025_2,2,0,0,0,0,0,0,0,23.0,25.0,0.0,0,0,0
2025_09_05,수원대입구,8,depart,16,12.0,4,2,2025_2,2,0,0,0,0,0,1,1,0.0,26.1,0.3,0,0,0
2025_09_08,수원대입구,8,depart,16,0.0,0,3,2025_2,2,0,0,0,0,0,0,0,12.0,22.8,0.0,0,0,0
2025_09_09,수원대입구,8,depart,16,14.0,1,3,2025_2,2,0,0,0,0,0,1,1,0.0,23.0,0.7,1,0,0
2025_09_10,수원대입구,8,depart,16,1.0,2,3,2025_2,2,0,0,0,0,0,1,1,14.0,23.8,0.0,0,0,0
2025_09_11,수원대입구,8,depart,16,15.0,3,3,2025_2,2,0,0,0,0,0,1,1,1.0,23.4,0.0,0,0,0
2025_09_12,수원대입구,8,depart,16,16.0,4,3,2025_2,2,0,0,0,0,0,1,1,15.0,22.0,10.2,1,0,0
2026_03_04,수원대입구,8,depart,16,1.0,2,1,2026_1,1,0,0,0,0,0,1,1,16.0,5.0,0.0,0,0,0
2026_03_05,수원대입구,8,depart,16,6.0,3,1,2026_1,1,0,0,0,0,0,1,1,1.0,5.4,14.0,1,0,0
2026_03_06,수원대입구,8,depart,16,20.0,4,1,2026_1,1,0,0,0,0,0,1,0,6.0,1.0,1.6,1,1,0
2026_03_09,수원대입구,8,depart,16,25.0,0,2,2026_1,1,0,0,0,0,0,1,1,20.0,3.0,0.0,0,1,0
2026_03_10,수원대입구,8,depart,16,0.0,1,2,2026_1,1,0,0,0,0,0,1,1,25.0,2.2,0.0,0,1,0
2026_03_11,수원대입구,8,depart,16,6.0,2,2,2026_1,1,0,0,0,0,0,1,1,0.0,3.4,0.0,0,1,0
2026_03_12,수원대입구,8,depart,16,0.0,3,2,2026_1,1,0,0,0,0,0,0,0,6.0,4.9,0.0,0,1,0
2026_03_13,수원대입구,8,depart,16,0.0,4,2,2026_1,1,0,0,0,0,0,0,0,0.0,5.8,0.0,0,0,0
2026_03_16,수원대입구,8,depart,16,0.0,0,3,2026_1,1,0,0,0,0,0,1,1,0.0,5.8,0.0,0,0,0
2026_03_17,수원대입구,8,depart,16,26.0,1,3,2026_1,1,0,0,0,0,0,1,1,0.0,6.0,0.0,0,0,0
2026_03_23,수원대입구,8,depart,16,9.0,0,4,2026_1,1,0,0,0,0,0,1,0,26.0,9.6,0.0,0,0,0
2026_03_24,수원대입구,8,depart,16,0.0,1,4,2026_1,1,0,0,0,0,0,0,0,9.0,10.6,0.0,0,0,0
2026_03_25,수원대입구,8,depart,16,3.0,2,4,2026_1,1,0,0,0,0,0,1,1,0.0,12.0,0.0,0,0,0
2026_03_26,수원대입구,8,depart,16,24.0,3,4,2026_1,1,0,0,0,0,0,1,1,3.0,10.5,0.0,0,0,0
2026_03_27,수원대입구,8,depart,16,11.0,4,4,2026_1,1,0,0,0,0,0,1,1,24.0,11.0,0.1,0,0,0
2026_03_30,수원대입구,8,depart,16,2.0,0,5,2026_1,1,0,0,0,0,0,1,1,11.0,13.7,3.2,1,0,0
2026_03_31,수원대입구,8,depart,16,0.0,1,5,2026_1,1,0,0,0,0,0,1,1,2.0,13.6,9.5,1,0,0
2026_04_01,수원대입구,8,depart,16,8.0,2,5,2026_1,1,0,0,0,0,0,0,0,0.0,11.5,0.1,0,0,0
2026_04_02,수원대입구,8,depart,16,0.0,3,5,2026_1,1,0,0,0,0,0,0,0,8.0,9.6,0.0,0,0,0
2026_04_03,수원대입구,8,depart,16,0.0,4,5,2026_1,1,0,0,0,0,0,0,0,0.0,13.0,0.0,0,0,0
2026_04_06,수원대입구,8,depart,16,16.0,0,6,2026_1,1,0,0,0,1,0,1,1,0.0,9.1,5.5,1,0,0
2026_04_07,수원대입구,8,depart,16,0.0,1,6,2026_1,1,0,0,0,1,0,1,0,16.0,6.4,0.0,0,0,0
2026_04_08,수원대입구,8,depart,16,7.0,2,6,2026_1,1,0,0,0,1,0,1,1,0.0,7.4,0.0,0,0,0
2026_04_09,수원대입구,8,depart,16,0.0,3,6,2026_1,1,0,0,0,1,0,0,0,7.0,9.1,18.9,1,0,0
2026_04_10,수원대입구,8,depart,16,9.0,4,6,2026_1,1,0,0,0,1,0,1,1,0.0,9.8,5.8,1,0,0
2026_04_13,수원대입구,8,depart,16,20.0,0,7,2026_1,1,0,0,0,0,0,1,1,9.0,16.4,0.0,0,0,0
2026_04_14,수원대입구,8,depart,16,12.0,1,7,2026_1,1,0,0,0,0,0,1,1,20.0,19.0,0.0,0,0,0
2026_04_15,수원대입구,8,depart,16,17.0,2,7,2026_1,1,0,0,0,0,0,1,0,12.0,17.6,0.0,0,0,0
2026_04_16,수원대입구,8,depart,16,3.0,3,7,2026_1,1,1,1,0,0,0,1,1,17.0,17.8,0.0,0,0,0
2026_04_17,수원대입구,8,depart,16,13.0,4,7,2026_1,1,1,1,0,0,0,1,0,3.0,16.0,0.2,0,0,0
2026_04_20,수원대입구,8,depart,16,16.0,0,8,2026_1,1,1,1,0,0,0,1,1,13.0,12.2,0.7,1,0,0
2026_04_21,수원대입구,8,depart,16,21.0,1,8,2026_1,1,1,1,0,0,0,1,1,16.0,11.1,0.0,0,0,0
2026_04_22,수원대입구,8,depart,16,19.0,2,8,2026_1,1,1,1,0,0,0,1,1,21.0,13.4,0.0,0,0,0
2026_04_23,수원대입구,8,depart,16,0.0,3,8,2026_1,1,1,1,0,0,0,0,0,19.0,16.1,0.0,0,0,0
2026_04_24,수원대입구,8,depart,16,7.0,4,8,2026_1,1,1,1,0,0,0,1,1,0.0,17.2,0.0,0,0,0
2025_03_05,수원대입구,8,depart,17,41.0,2,1,2025_1,1,0,0,0,0,0,1,1,,3.5,0.2,0,1,0
2025_03_06,수원대입구,8,depart,17,26.0,3,1,2025_1,1,0,0,0,0,0,1,1,41.0,3.4,0.0,0,1,0
2025_03_07,수원대입구,8,depart,17,22.0,4,1,2025_1,1,0,0,0,0,0,0,0,26.0,2.8,0.0,0,1,0
2025_03_10,수원대입구,8,depart,17,24.0,0,2,2025_1,1,0,0,0,0,0,1,1,22.0,6.0,0.0,0,0,0
2025_03_12,수원대입구,8,depart,17,0.0,2,2,2025_1,1,0,0,0,0,0,1,1,24.0,7.3,0.1,0,0,0
2025_03_13,수원대입구,8,depart,17,38.0,3,2,2025_1,1,0,0,0,0,0,1,1,0.0,6.6,0.0,0,0,0
2025_03_14,수원대입구,8,depart,17,7.0,4,2,2025_1,1,0,0,0,0,0,1,1,38.0,10.4,0.0,0,0,0
2025_03_17,수원대입구,8,depart,17,33.0,0,3,2025_1,1,0,0,0,0,0,1,1,7.0,0.3,0.1,0,1,0
2025_03_18,수원대입구,8,depart,17,0.0,1,3,2025_1,1,0,0,0,0,0,1,1,33.0,0.7,4.5,1,1,0
2025_03_19,수원대입구,8,depart,17,11.0,2,3,2025_1,1,0,0,0,0,0,1,1,0.0,-0.8,0.0,0,1,0
2025_03_20,수원대입구,8,depart,17,0.0,3,3,2025_1,1,0,0,0,0,0,0,0,11.0,6.1,0.0,0,0,0
2025_03_21,수원대입구,8,depart,17,0.0,4,3,2025_1,1,0,0,0,0,0,1,1,0.0,9.6,0.0,0,0,0
2025_03_24,수원대입구,8,depart,17,36.0,0,4,2025_1,1,0,0,0,0,0,1,1,0.0,14.1,0.0,0,0,0
2025_03_25,수원대입구,8,depart,17,45.0,1,4,2025_1,1,0,0,0,0,0,1,1,36.0,13.2,0.0,0,0,0
2025_03_26,수원대입구,8,depart,17,0.0,2,4,2025_1,1,0,0,0,0,0,1,1,45.0,12.6,0.0,0,0,0
2025_03_27,수원대입구,8,depart,17,0.0,3,4,2025_1,1,0,0,0,0,0,1,1,0.0,12.6,1.0,1,0,0
2025_03_28,수원대입구,8,depart,17,16.0,4,4,2025_1,1,0,0,0,0,0,1,1,0.0,6.0,0.0,0,0,0
2025_03_31,수원대입구,8,depart,17,18.0,0,5,2025_1,1,0,0,0,0,0,1,1,16.0,5.2,0.0,0,0,0
2025_04_01,수원대입구,8,depart,17,16.0,1,5,2025_1,1,0,0,0,0,0,1,1,18.0,7.6,0.0,0,0,0
2025_04_02,수원대입구,8,depart,17,7.0,2,5,2025_1,1,0,0,0,0,0,1,1,16.0,7.6,0.6,1,0,0
2025_04_03,수원대입구,8,depart,17,9.0,3,5,2025_1,1,0,0,0,0,0,1,1,7.0,7.8,0.0,0,0,0
2025_04_04,수원대입구,8,depart,17,0.0,4,5,2025_1,1,0,0,0,0,0,1,1,9.0,9.0,0.0,0,0,0
2025_04_07,수원대입구,8,depart,17,20.0,0,6,2025_1,1,0,0,0,1,0,1,0,0.0,10.9,0.0,0,0,0
2025_04_08,수원대입구,8,depart,17,4.0,1,6,2025_1,1,0,0,0,1,0,1,1,20.0,11.1,3.3,1,0,0
2025_04_09,수원대입구,8,depart,17,0.0,2,6,2025_1,1,0,0,0,1,0,1,1,4.0,10.8,0.2,0,0,0
2025_04_10,수원대입구,8,depart,17,0.0,3,6,2025_1,1,0,0,0,1,0,0,0,0.0,11.0,0.0,0,0,0
2025_04_11,수원대입구,8,depart,17,19.0,4,6,2025_1,1,0,0,0,1,0,1,0,0.0,12.8,0.0,0,0,0
2025_04_14,수원대입구,8,depart,17,23.0,0,7,2025_1,1,0,0,0,0,0,1,0,19.0,4.6,8.8,1,1,0
2025_04_15,수원대입구,8,depart,17,25.0,1,7,2025_1,1,0,0,0,0,0,1,1,23.0,5.6,0.0,0,0,0
2025_04_16,수원대입구,8,depart,17,0.0,2,7,2025_1,1,1,1,0,0,0,1,0,25.0,12.2,1.4,1,0,0
2025_04_17,수원대입구,8,depart,17,4.0,3,7,2025_1,1,1,1,0,0,0,1,1,0.0,18.0,0.0,0,0,0
2025_04_18,수원대입구,8,depart,17,5.0,4,7,2025_1,1,1,1,0,0,0,1,1,4.0,16.8,0.0,0,0,0
2025_04_21,수원대입구,8,depart,17,11.0,0,8,2025_1,1,1,1,0,0,0,1,0,5.0,18.0,0.0,0,0,0
2025_04_22,수원대입구,8,depart,17,30.0,1,8,2025_1,1,1,1,0,0,0,1,0,11.0,16.2,25.2,1,0,0
2025_04_23,수원대입구,8,depart,17,14.0,2,8,2025_1,1,1,1,0,0,0,0,0,30.0,15.2,0.0,0,0,0
2025_04_24,수원대입구,8,depart,17,21.0,3,8,2025_1,1,1,1,0,0,0,1,0,14.0,12.3,0.0,0,0,0
2025_04_25,수원대입구,8,depart,17,9.0,4,8,2025_1,1,1,1,0,0,0,0,0,21.0,10.4,0.0,0,0,0
2025_04_28,수원대입구,8,depart,17,7.0,0,9,2025_1,1,1,1,0,0,0,0,0,9.0,12.4,0.0,0,0,0
2025_04_29,수원대입구,8,depart,17,15.0,1,9,2025_1,1,1,1,0,0,0,1,0,7.0,12.0,0.0,0,0,0
2025_04_30,수원대입구,8,depart,17,0.0,2,9,2025_1,1,1,1,0,0,0,1,1,15.0,16.2,0.0,0,0,0
2025_05_01,수원대입구,8,depart,17,9.0,3,9,2025_1,1,0,0,0,0,0,0,0,0.0,12.6,22.3,1,0,0
2025_05_02,수원대입구,8,depart,17,2.0,4,9,2025_1,1,0,0,0,0,0,1,1,9.0,12.1,0.0,0,0,0
2025_05_05,수원대입구,8,depart,17,5.0,0,10,2025_1,1,0,0,0,0,1,0,0,2.0,10.6,0.3,0,0,0
2025_05_06,수원대입구,8,depart,17,5.0,1,10,2025_1,1,0,0,0,0,1,0,0,5.0,12.5,0.0,0,0,0
2025_05_07,수원대입구,8,depart,17,15.0,2,10,2025_1,1,0,0,0,0,0,1,1,5.0,12.6,0.1,0,0,0
2025_05_08,수원대입구,8,depart,17,3.0,3,10,2025_1,1,0,0,0,0,0,1,1,15.0,15.4,0.0,0,0,0
2025_05_09,수원대입구,8,depart,17,18.0,4,10,2025_1,1,0,0,0,0,0,1,1,3.0,13.6,21.7,1,0,0
2025_05_12,수원대입구,8,depart,17,10.0,0,11,2025_1,1,0,0,0,0,0,1,1,18.0,15.0,0.0,0,0,0
2025_05_13,수원대입구,8,depart,17,19.0,1,11,2025_1,1,0,0,0,0,0,1,1,10.0,19.0,0.0,0,0,0
2025_05_14,수원대입구,8,depart,17,9.0,2,11,2025_1,1,0,0,0,0,0,1,1,19.0,20.4,0.1,0,0,0
2025_05_15,수원대입구,8,depart,17,12.0,3,11,2025_1,1,0,0,0,0,0,1,1,9.0,19.4,4.7,1,0,0
2025_05_16,수원대입구,8,depart,17,12.0,4,11,2025_1,1,0,0,0,0,0,1,1,12.0,20.0,16.3,1,0,0
2025_05_19,수원대입구,8,depart,17,20.0,0,12,2025_1,1,0,0,0,0,0,1,0,12.0,15.0,0.0,0,0,0
2025_05_20,수원대입구,8,depart,17,10.0,1,12,2025_1,1,0,0,0,0,0,1,1,20.0,21.3,0.2,0,0,0
2025_05_21,수원대입구,8,depart,17,3.0,2,12,2025_1,1,0,0,0,0,0,1,1,10.0,24.2,0.4,0,0,0
2025_05_22,수원대입구,8,depart,17,16.0,3,12,2025_1,1,0,0,0,0,0,1,0,3.0,22.7,2.6,1,0,0
2025_05_23,수원대입구,8,depart,17,17.0,4,12,2025_1,1,0,0,0,0,0,1,0,16.0,19.3,3.5,1,0,0
2025_05_26,수원대입구,8,depart,17,21.0,0,13,2025_1,1,0,0,0,1,0,1,1,17.0,18.7,0.0,0,0,0
2025_05_27,수원대입구,8,depart,17,10.0,1,13,2025_1,1,0,0,0,1,0,1,1,21.0,19.6,0.0,0,0,0
2025_05_28,수원대입구,8,depart,17,10.0,2,13,2025_1,1,0,0,0,1,0,1,1,10.0,19.5,0.6,1,0,0
2025_05_29,수원대입구,8,depart,17,3.0,3,13,2025_1,1,0,0,0,1,0,1,1,10.0,20.4,0.4,0,0,0
2025_05_30,수원대입구,8,depart,17,21.0,4,13,2025_1,1,0,0,0,1,0,1,1,3.0,21.7,0.0,0,0,0
2025_06_02,수원대입구,8,depart,17,8.0,0,14,2025_1,1,0,0,0,0,0,1,1,21.0,20.2,1.0,1,0,0
2025_06_03,수원대입구,8,depart,17,5.0,1,14,2025_1,1,0,0,0,0,0,0,0,8.0,20.2,0.2,0,0,0
2025_06_04,수원대입구,8,depart,17,20.0,2,14,2025_1,1,1,0,1,0,0,1,1,5.0,19.0,0.0,0,0,0
2025_06_05,수원대입구,8,depart,17,15.0,3,14,2025_1,1,1,0,1,0,0,1,1,20.0,20.0,0.0,0,0,0
2025_06_06,수원대입구,8,depart,17,10.0,4,14,2025_1,1,1,0,1,0,1,0,0,15.0,23.3,0.0,0,0,0
2025_06_09,수원대입구,8,depart,17,10.0,0,15,2025_1,1,1,0,1,0,0,1,0,10.0,24.5,0.2,0,0,0
2025_06_10,수원대입구,8,depart,17,27.0,1,15,2025_1,1,1,0,1,0,0,1,1,10.0,21.0,0.0,0,0,0
2025_06_11,수원대입구,8,depart,17,12.0,2,15,2025_1,1,1,0,1,0,0,0,0,27.0,21.2,0.0,0,0,0
2025_06_12,수원대입구,8,depart,17,27.0,3,15,2025_1,1,1,0,1,0,0,1,0,12.0,23.9,0.0,0,0,0
2025_06_13,수원대입구,8,depart,17,29.0,4,15,2025_1,1,1,0,1,0,0,1,1,27.0,23.2,3.8,1,0,0
2025_06_16,수원대입구,8,depart,17,12.0,0,16,2025_1,1,1,0,1,0,0,0,0,29.0,22.8,16.0,1,0,0
2025_06_17,수원대입구,8,depart,17,27.0,1,16,2025_1,1,1,0,1,0,0,1,1,12.0,23.0,0.4,0,0,0
2025_06_18,수원대입구,8,depart,17,8.0,2,16,2025_1,1,0,0,0,0,0,0,0,27.0,24.2,0.0,0,0,0
2025_06_19,수원대입구,8,depart,17,3.0,3,16,2025_1,1,0,0,0,0,0,0,0,8.0,26.2,0.3,0,0,0
2025_06_20,수원대입구,8,depart,17,13.0,4,16,2025_1,1,0,0,0,0,0,0,0,3.0,23.0,48.9,1,0,0
2025_06_23,수원대입구,8,depart,17,18.0,0,17,2025_1,1,0,0,0,0,0,0,0,13.0,23.3,0.0,0,0,0
2025_08_25,수원대입구,8,depart,17,24.0,0,1,2025_2,2,0,0,0,0,0,0,0,18.0,28.0,21.8,1,0,0
2025_08_26,수원대입구,8,depart,17,14.0,1,1,2025_2,2,0,0,0,0,0,0,0,24.0,26.1,22.2,1,0,0
2025_08_27,수원대입구,8,depart,17,15.0,2,1,2025_2,2,0,0,0,0,0,0,0,14.0,25.9,0.1,0,0,0
2025_08_28,수원대입구,8,depart,17,7.0,3,1,2025_2,2,0,0,0,0,0,0,0,15.0,26.6,1.5,1,0,0
2025_08_29,수원대입구,8,depart,17,12.0,4,1,2025_2,2,0,0,0,0,0,0,0,7.0,27.6,5.9,1,0,0
2025_09_01,수원대입구,8,depart,17,15.0,0,2,2025_2,2,0,0,0,0,0,1,0,12.0,25.7,17.6,1,0,0
2025_09_02,수원대입구,8,depart,17,20.0,1,2,2025_2,2,0,0,0,0,0,1,0,15.0,24.3,0.0,0,0,0
2025_09_03,수원대입구,8,depart,17,3.0,2,2,2025_2,2,0,0,0,0,0,1,1,20.0,25.0,0.0,0,0,0
2025_09_05,수원대입구,8,depart,17,20.0,4,2,2025_2,2,0,0,0,0,0,1,0,3.0,26.1,0.3,0,0,0
2025_09_08,수원대입구,8,depart,17,18.0,0,3,2025_2,2,0,0,0,0,0,1,1,20.0,22.8,0.0,0,0,0
2025_09_09,수원대입구,8,depart,17,23.0,1,3,2025_2,2,0,0,0,0,0,1,0,18.0,23.0,0.7,1,0,0
2025_09_10,수원대입구,8,depart,17,30.0,2,3,2025_2,2,0,0,0,0,0,1,1,23.0,23.8,0.0,0,0,0
2025_09_11,수원대입구,8,depart,17,27.0,3,3,2025_2,2,0,0,0,0,0,1,1,30.0,23.4,0.0,0,0,0
2025_09_12,수원대입구,8,depart,17,19.0,4,3,2025_2,2,0,0,0,0,0,1,0,27.0,22.0,10.2,1,0,0
2026_03_04,수원대입구,8,depart,17,16.0,2,1,2026_1,1,0,0,0,0,0,1,0,19.0,5.0,0.0,0,0,0
2026_03_05,수원대입구,8,depart,17,34.0,3,1,2026_1,1,0,0,0,0,0,1,1,16.0,5.4,14.0,1,0,0
2026_03_06,수원대입구,8,depart,17,16.0,4,1,2026_1,1,0,0,0,0,0,0,0,34.0,1.0,1.6,1,1,0
2026_03_09,수원대입구,8,depart,17,20.0,0,2,2026_1,1,0,0,0,0,0,1,0,16.0,3.0,0.0,0,1,0
2026_03_10,수원대입구,8,depart,17,28.0,1,2,2026_1,1,0,0,0,0,0,1,1,20.0,2.2,0.0,0,1,0
2026_03_11,수원대입구,8,depart,17,17.0,2,2,2026_1,1,0,0,0,0,0,1,1,28.0,3.4,0.0,0,1,0
2026_03_12,수원대입구,8,depart,17,0.0,3,2,2026_1,1,0,0,0,0,0,1,1,17.0,4.9,0.0,0,1,0
2026_03_13,수원대입구,8,depart,17,19.0,4,2,2026_1,1,0,0,0,0,0,1,1,0.0,5.8,0.0,0,0,0
2026_03_16,수원대입구,8,depart,17,0.0,0,3,2026_1,1,0,0,0,0,0,1,1,19.0,5.8,0.0,0,0,0
2026_03_17,수원대입구,8,depart,17,0.0,1,3,2026_1,1,0,0,0,0,0,0,0,0.0,6.0,0.0,0,0,0
2026_03_23,수원대입구,8,depart,17,19.0,0,4,2026_1,1,0,0,0,0,0,1,1,0.0,9.6,0.0,0,0,0
2026_03_24,수원대입구,8,depart,17,15.0,1,4,2026_1,1,0,0,0,0,0,1,1,19.0,10.6,0.0,0,0,0
2026_03_25,수원대입구,8,depart,17,16.0,2,4,2026_1,1,0,0,0,0,0,1,1,15.0,12.0,0.0,0,0,0
2026_03_26,수원대입구,8,depart,17,15.0,3,4,2026_1,1,0,0,0,0,0,1,1,16.0,10.5,0.0,0,0,0
2026_03_27,수원대입구,8,depart,17,19.0,4,4,2026_1,1,0,0,0,0,0,1,0,15.0,11.0,0.1,0,0,0
2026_03_30,수원대입구,8,depart,17,16.0,0,5,2026_1,1,0,0,0,0,0,1,0,19.0,13.7,3.2,1,0,0
2026_03_31,수원대입구,8,depart,17,15.0,1,5,2026_1,1,0,0,0,0,0,1,0,16.0,13.6,9.5,1,0,0
2026_04_01,수원대입구,8,depart,17,0.0,2,5,2026_1,1,0,0,0,0,0,1,0,15.0,11.5,0.1,0,0,0
2026_04_02,수원대입구,8,depart,17,12.0,3,5,2026_1,1,0,0,0,0,0,1,1,0.0,9.6,0.0,0,0,0
2026_04_03,수원대입구,8,depart,17,9.0,4,5,2026_1,1,0,0,0,0,0,1,1,12.0,13.0,0.0,0,0,0
2026_04_06,수원대입구,8,depart,17,13.0,0,6,2026_1,1,0,0,0,1,0,1,0,9.0,9.1,5.5,1,0,0
2026_04_07,수원대입구,8,depart,17,23.0,1,6,2026_1,1,0,0,0,1,0,1,0,13.0,6.4,0.0,0,0,0
2026_04_08,수원대입구,8,depart,17,0.0,2,6,2026_1,1,0,0,0,1,0,1,1,23.0,7.4,0.0,0,0,0
2026_04_09,수원대입구,8,depart,17,1.0,3,6,2026_1,1,0,0,0,1,0,1,1,0.0,9.1,18.9,1,0,0
2026_04_10,수원대입구,8,depart,17,34.0,4,6,2026_1,1,0,0,0,1,0,1,0,1.0,9.8,5.8,1,0,0
2026_04_13,수원대입구,8,depart,17,8.0,0,7,2026_1,1,0,0,0,0,0,1,1,34.0,16.4,0.0,0,0,0
2026_04_14,수원대입구,8,depart,17,0.0,1,7,2026_1,1,0,0,0,0,0,0,0,8.0,19.0,0.0,0,0,0
2026_04_15,수원대입구,8,depart,17,18.0,2,7,2026_1,1,0,0,0,0,0,1,0,0.0,17.6,0.0,0,0,0
2026_04_16,수원대입구,8,depart,17,17.0,3,7,2026_1,1,1,1,0,0,0,1,0,18.0,17.8,0.0,0,0,0
2026_04_17,수원대입구,8,depart,17,16.0,4,7,2026_1,1,1,1,0,0,0,1,0,17.0,16.0,0.2,0,0,0
2026_04_20,수원대입구,8,depart,17,15.0,0,8,2026_1,1,1,1,0,0,0,1,0,16.0,12.2,0.7,1,0,0
2026_04_21,수원대입구,8,depart,17,12.0,1,8,2026_1,1,1,1,0,0,0,1,1,15.0,11.1,0.0,0,0,0
2026_04_22,수원대입구,8,depart,17,14.0,2,8,2026_1,1,1,1,0,0,0,1,0,12.0,13.4,0.0,0,0,0
2026_04_23,수원대입구,8,depart,17,16.0,3,8,2026_1,1,1,1,0,0,0,1,0,14.0,16.1,0.0,0,0,0
2026_04_24,수원대입구,8,depart,17,9.0,4,8,2026_1,1,1,1,0,0,0,0,0,16.0,17.2,0.0,0,0,0
2025_03_05,수원대입구,8,depart,18,14.0,2,1,2025_1,1,0,0,0,0,0,0,0,,3.5,0.2,0,1,0
2025_03_06,수원대입구,8,depart,18,20.0,3,1,2025_1,1,0,0,0,0,0,0,0,14.0,3.4,0.0,0,1,0
2025_03_07,수원대입구,8,depart,18,16.0,4,1,2025_1,1,0,0,0,0,0,0,0,20.0,2.8,0.0,0,1,0
2025_03_10,수원대입구,8,depart,18,42.0,0,2,2025_1,1,0,0,0,0,0,1,1,16.0,6.0,0.0,0,0,0
2025_03_12,수원대입구,8,depart,18,67.0,2,2,2025_1,1,0,0,0,0,0,1,1,42.0,7.3,0.1,0,0,0
2025_03_13,수원대입구,8,depart,18,48.0,3,2,2025_1,1,0,0,0,0,0,1,1,67.0,6.6,0.0,0,0,0
2025_03_14,수원대입구,8,depart,18,32.0,4,2,2025_1,1,0,0,0,0,0,1,1,48.0,10.4,0.0,0,0,0
2025_03_17,수원대입구,8,depart,18,24.0,0,3,2025_1,1,0,0,0,0,0,1,1,32.0,0.3,0.1,0,1,0
2025_03_18,수원대입구,8,depart,18,32.0,1,3,2025_1,1,0,0,0,0,0,1,1,24.0,0.7,4.5,1,1,0
2025_03_19,수원대입구,8,depart,18,58.0,2,3,2025_1,1,0,0,0,0,0,1,1,32.0,-0.8,0.0,0,1,0
2025_03_20,수원대입구,8,depart,18,34.0,3,3,2025_1,1,0,0,0,0,0,1,1,58.0,6.1,0.0,0,0,0
2025_03_21,수원대입구,8,depart,18,36.0,4,3,2025_1,1,0,0,0,0,0,1,1,34.0,9.6,0.0,0,0,0
2025_03_24,수원대입구,8,depart,18,24.0,0,4,2025_1,1,0,0,0,0,0,1,0,36.0,14.1,0.0,0,0,0
2025_03_25,수원대입구,8,depart,18,37.0,1,4,2025_1,1,0,0,0,0,0,1,1,24.0,13.2,0.0,0,0,0
2025_03_26,수원대입구,8,depart,18,30.0,2,4,2025_1,1,0,0,0,0,0,1,0,37.0,12.6,0.0,0,0,0
2025_03_27,수원대입구,8,depart,18,1.0,3,4,2025_1,1,0,0,0,0,0,1,0,30.0,12.6,1.0,1,0,0
2025_03_28,수원대입구,8,depart,18,26.0,4,4,2025_1,1,0,0,0,0,0,1,0,1.0,6.0,0.0,0,0,0
2025_03_31,수원대입구,8,depart,18,50.0,0,5,2025_1,1,0,0,0,0,0,1,1,26.0,5.2,0.0,0,0,0
2025_04_01,수원대입구,8,depart,18,20.0,1,5,2025_1,1,0,0,0,0,0,1,0,50.0,7.6,0.0,0,0,0
2025_04_02,수원대입구,8,depart,18,20.0,2,5,2025_1,1,0,0,0,0,0,0,0,20.0,7.6,0.6,1,0,0
2025_04_03,수원대입구,8,depart,18,19.0,3,5,2025_1,1,0,0,0,0,0,1,0,20.0,7.8,0.0,0,0,0
2025_04_04,수원대입구,8,depart,18,21.0,4,5,2025_1,1,0,0,0,0,0,0,0,19.0,9.0,0.0,0,0,0
2025_04_07,수원대입구,8,depart,18,24.0,0,6,2025_1,1,0,0,0,1,0,0,0,21.0,10.9,0.0,0,0,0
2025_04_08,수원대입구,8,depart,18,18.0,1,6,2025_1,1,0,0,0,1,0,0,0,24.0,11.1,3.3,1,0,0
2025_04_09,수원대입구,8,depart,18,18.0,2,6,2025_1,1,0,0,0,1,0,1,0,18.0,10.8,0.2,0,0,0
2025_04_10,수원대입구,8,depart,18,22.0,3,6,2025_1,1,0,0,0,1,0,1,1,18.0,11.0,0.0,0,0,0
2025_04_11,수원대입구,8,depart,18,11.0,4,6,2025_1,1,0,0,0,1,0,0,0,22.0,12.8,0.0,0,0,0
2025_04_14,수원대입구,8,depart,18,14.0,0,7,2025_1,1,0,0,0,0,0,0,0,11.0,4.6,8.8,1,1,0
2025_04_15,수원대입구,8,depart,18,18.0,1,7,2025_1,1,0,0,0,0,0,1,0,14.0,5.6,0.0,0,0,0
2025_04_16,수원대입구,8,depart,18,23.0,2,7,2025_1,1,1,1,0,0,0,1,0,18.0,12.2,1.4,1,0,0
2025_04_17,수원대입구,8,depart,18,9.0,3,7,2025_1,1,1,1,0,0,0,1,1,23.0,18.0,0.0,0,0,0
2025_04_18,수원대입구,8,depart,18,13.0,4,7,2025_1,1,1,1,0,0,0,0,0,9.0,16.8,0.0,0,0,0
2025_04_21,수원대입구,8,depart,18,16.0,0,8,2025_1,1,1,1,0,0,0,0,0,13.0,18.0,0.0,0,0,0
2025_04_22,수원대입구,8,depart,18,12.0,1,8,2025_1,1,1,1,0,0,0,0,0,16.0,16.2,25.2,1,0,0
2025_04_23,수원대입구,8,depart,18,17.0,2,8,2025_1,1,1,1,0,0,0,0,0,12.0,15.2,0.0,0,0,0
2025_04_24,수원대입구,8,depart,18,18.0,3,8,2025_1,1,1,1,0,0,0,0,0,17.0,12.3,0.0,0,0,0
2025_04_25,수원대입구,8,depart,18,10.0,4,8,2025_1,1,1,1,0,0,0,0,0,18.0,10.4,0.0,0,0,0
2025_04_28,수원대입구,8,depart,18,8.0,0,9,2025_1,1,1,1,0,0,0,0,0,10.0,12.4,0.0,0,0,0
2025_04_29,수원대입구,8,depart,18,9.0,1,9,2025_1,1,1,1,0,0,0,0,0,8.0,12.0,0.0,0,0,0
2025_04_30,수원대입구,8,depart,18,20.0,2,9,2025_1,1,1,1,0,0,0,1,0,9.0,16.2,0.0,0,0,0
2025_05_01,수원대입구,8,depart,18,6.0,3,9,2025_1,1,0,0,0,0,0,0,0,20.0,12.6,22.3,1,0,0
2025_05_02,수원대입구,8,depart,18,11.0,4,9,2025_1,1,0,0,0,0,0,0,0,6.0,12.1,0.0,0,0,0
2025_05_05,수원대입구,8,depart,18,2.0,0,10,2025_1,1,0,0,0,0,1,0,0,11.0,10.6,0.3,0,0,0
2025_05_06,수원대입구,8,depart,18,7.0,1,10,2025_1,1,0,0,0,0,1,0,0,2.0,12.5,0.0,0,0,0
2025_05_07,수원대입구,8,depart,18,12.0,2,10,2025_1,1,0,0,0,0,0,0,0,7.0,12.6,0.1,0,0,0
2025_05_08,수원대입구,8,depart,18,17.0,3,10,2025_1,1,0,0,0,0,0,1,0,12.0,15.4,0.0,0,0,0
2025_05_09,수원대입구,8,depart,18,9.0,4,10,2025_1,1,0,0,0,0,0,0,0,17.0,13.6,21.7,1,0,0
2025_05_12,수원대입구,8,depart,18,20.0,0,11,2025_1,1,0,0,0,0,0,1,0,9.0,15.0,0.0,0,0,0
2025_05_13,수원대입구,8,depart,18,9.0,1,11,2025_1,1,0,0,0,0,0,0,0,20.0,19.0,0.0,0,0,0
2025_05_14,수원대입구,8,depart,18,10.0,2,11,2025_1,1,0,0,0,0,0,0,0,9.0,20.4,0.1,0,0,0
2025_05_15,수원대입구,8,depart,18,24.0,3,11,2025_1,1,0,0,0,0,0,1,1,10.0,19.4,4.7,1,0,0
2025_05_16,수원대입구,8,depart,18,16.0,4,11,2025_1,1,0,0,0,0,0,0,0,24.0,20.0,16.3,1,0,0
2025_05_19,수원대입구,8,depart,18,18.0,0,12,2025_1,1,0,0,0,0,0,0,0,16.0,15.0,0.0,0,0,0
2025_05_20,수원대입구,8,depart,18,19.0,1,12,2025_1,1,0,0,0,0,0,0,0,18.0,21.3,0.2,0,0,0
2025_05_21,수원대입구,8,depart,18,26.0,2,12,2025_1,1,0,0,0,0,0,0,0,19.0,24.2,0.4,0,0,0
2025_05_22,수원대입구,8,depart,18,10.0,3,12,2025_1,1,0,0,0,0,0,0,0,26.0,22.7,2.6,1,0,0
2025_05_23,수원대입구,8,depart,18,9.0,4,12,2025_1,1,0,0,0,0,0,0,0,10.0,19.3,3.5,1,0,0
2025_05_26,수원대입구,8,depart,18,17.0,0,13,2025_1,1,0,0,0,1,0,0,0,9.0,18.7,0.0,0,0,0
2025_05_27,수원대입구,8,depart,18,19.0,1,13,2025_1,1,0,0,0,1,0,1,0,17.0,19.6,0.0,0,0,0
2025_05_28,수원대입구,8,depart,18,16.0,2,13,2025_1,1,0,0,0,1,0,0,0,19.0,19.5,0.6,1,0,0
2025_05_29,수원대입구,8,depart,18,8.0,3,13,2025_1,1,0,0,0,1,0,1,1,16.0,20.4,0.4,0,0,0
2025_05_30,수원대입구,8,depart,18,11.0,4,13,2025_1,1,0,0,0,1,0,0,0,8.0,21.7,0.0,0,0,0
2025_06_02,수원대입구,8,depart,18,26.0,0,14,2025_1,1,0,0,0,0,0,1,0,11.0,20.2,1.0,1,0,0
2025_06_03,수원대입구,8,depart,18,3.0,1,14,2025_1,1,0,0,0,0,0,0,0,26.0,20.2,0.2,0,0,0
2025_06_04,수원대입구,8,depart,18,11.0,2,14,2025_1,1,1,0,1,0,0,0,0,3.0,19.0,0.0,0,0,0
2025_06_05,수원대입구,8,depart,18,9.0,3,14,2025_1,1,1,0,1,0,0,1,0,11.0,20.0,0.0,0,0,0
2025_06_06,수원대입구,8,depart,18,2.0,4,14,2025_1,1,1,0,1,0,1,0,0,9.0,23.3,0.0,0,0,0
2025_06_09,수원대입구,8,depart,18,3.0,0,15,2025_1,1,1,0,1,0,0,0,0,2.0,24.5,0.2,0,0,0
2025_06_10,수원대입구,8,depart,18,27.0,1,15,2025_1,1,1,0,1,0,0,1,0,3.0,21.0,0.0,0,0,0
2025_06_11,수원대입구,8,depart,18,7.0,2,15,2025_1,1,1,0,1,0,0,0,0,27.0,21.2,0.0,0,0,0
2025_06_12,수원대입구,8,depart,18,13.0,3,15,2025_1,1,1,0,1,0,0,0,0,7.0,23.9,0.0,0,0,0
2025_06_13,수원대입구,8,depart,18,12.0,4,15,2025_1,1,1,0,1,0,0,0,0,13.0,23.2,3.8,1,0,0
2025_06_16,수원대입구,8,depart,18,11.0,0,16,2025_1,1,1,0,1,0,0,0,0,12.0,22.8,16.0,1,0,0
2025_06_17,수원대입구,8,depart,18,14.0,1,16,2025_1,1,1,0,1,0,0,0,0,11.0,23.0,0.4,0,0,0
2025_06_18,수원대입구,8,depart,18,4.0,2,16,2025_1,1,0,0,0,0,0,0,0,14.0,24.2,0.0,0,0,0
2025_06_19,수원대입구,8,depart,18,14.0,3,16,2025_1,1,0,0,0,0,0,0,0,4.0,26.2,0.3,0,0,0
2025_06_20,수원대입구,8,depart,18,7.0,4,16,2025_1,1,0,0,0,0,0,0,0,14.0,23.0,48.9,1,0,0
2025_06_23,수원대입구,8,depart,18,5.0,0,17,2025_1,1,0,0,0,0,0,0,0,7.0,23.3,0.0,0,0,0
2025_08_25,수원대입구,8,depart,18,7.0,0,1,2025_2,2,0,0,0,0,0,0,0,5.0,28.0,21.8,1,0,0
2025_08_26,수원대입구,8,depart,18,5.0,1,1,2025_2,2,0,0,0,0,0,0,0,7.0,26.1,22.2,1,0,0
2025_08_27,수원대입구,8,depart,18,10.0,2,1,2025_2,2,0,0,0,0,0,0,0,5.0,25.9,0.1,0,0,0
2025_08_28,수원대입구,8,depart,18,6.0,3,1,2025_2,2,0,0,0,0,0,0,0,10.0,26.6,1.5,1,0,0
2025_08_29,수원대입구,8,depart,18,9.0,4,1,2025_2,2,0,0,0,0,0,0,0,6.0,27.6,5.9,1,0,0
2025_09_01,수원대입구,8,depart,18,16.0,0,2,2025_2,2,0,0,0,0,0,0,0,9.0,25.7,17.6,1,0,0
2025_09_02,수원대입구,8,depart,18,20.0,1,2,2025_2,2,0,0,0,0,0,0,0,16.0,24.3,0.0,0,0,0
2025_09_03,수원대입구,8,depart,18,28.0,2,2,2025_2,2,0,0,0,0,0,1,0,20.0,25.0,0.0,0,0,0
2025_09_05,수원대입구,8,depart,18,13.0,4,2,2025_2,2,0,0,0,0,0,1,0,28.0,26.1,0.3,0,0,0
2025_09_08,수원대입구,8,depart,18,19.0,0,3,2025_2,2,0,0,0,0,0,0,0,13.0,22.8,0.0,0,0,0
2025_09_09,수원대입구,8,depart,18,17.0,1,3,2025_2,2,0,0,0,0,0,0,0,19.0,23.0,0.7,1,0,0
2025_09_10,수원대입구,8,depart,18,23.0,2,3,2025_2,2,0,0,0,0,0,0,0,17.0,23.8,0.0,0,0,0
2025_09_11,수원대입구,8,depart,18,26.0,3,3,2025_2,2,0,0,0,0,0,1,0,23.0,23.4,0.0,0,0,0
2025_09_12,수원대입구,8,depart,18,19.0,4,3,2025_2,2,0,0,0,0,0,0,0,26.0,22.0,10.2,1,0,0
2026_03_04,수원대입구,8,depart,18,11.0,2,1,2026_1,1,0,0,0,0,0,0,0,19.0,5.0,0.0,0,0,0
2026_03_05,수원대입구,8,depart,18,19.0,3,1,2026_1,1,0,0,0,0,0,0,0,11.0,5.4,14.0,1,0,0
2026_03_06,수원대입구,8,depart,18,13.0,4,1,2026_1,1,0,0,0,0,0,0,0,19.0,1.0,1.6,1,1,0
2026_03_09,수원대입구,8,depart,18,8.0,0,2,2026_1,1,0,0,0,0,0,0,0,13.0,3.0,0.0,0,1,0
2026_03_10,수원대입구,8,depart,18,16.0,1,2,2026_1,1,0,0,0,0,0,0,0,8.0,2.2,0.0,0,1,0
2026_03_11,수원대입구,8,depart,18,27.0,2,2,2026_1,1,0,0,0,0,0,1,0,16.0,3.4,0.0,0,1,0
2026_03_12,수원대입구,8,depart,18,20.0,3,2,2026_1,1,0,0,0,0,0,1,0,27.0,4.9,0.0,0,1,0
2026_03_13,수원대입구,8,depart,18,15.0,4,2,2026_1,1,0,0,0,0,0,0,0,20.0,5.8,0.0,0,0,0
2026_03_16,수원대입구,8,depart,18,18.0,0,3,2026_1,1,0,0,0,0,0,1,0,15.0,5.8,0.0,0,0,0
2026_03_17,수원대입구,8,depart,18,8.0,1,3,2026_1,1,0,0,0,0,0,1,0,18.0,6.0,0.0,0,0,0
2026_03_23,수원대입구,8,depart,18,21.0,0,4,2026_1,1,0,0,0,0,0,0,0,8.0,9.6,0.0,0,0,0
2026_03_24,수원대입구,8,depart,18,22.0,1,4,2026_1,1,0,0,0,0,0,1,0,21.0,10.6,0.0,0,0,0
2026_03_25,수원대입구,8,depart,18,16.0,2,4,2026_1,1,0,0,0,0,0,1,0,22.0,12.0,0.0,0,0,0
2026_03_26,수원대입구,8,depart,18,19.0,3,4,2026_1,1,0,0,0,0,0,1,0,16.0,10.5,0.0,0,0,0
2026_03_27,수원대입구,8,depart,18,20.0,4,4,2026_1,1,0,0,0,0,0,0,0,19.0,11.0,0.1,0,0,0
2026_03_30,수원대입구,8,depart,18,16.0,0,5,2026_1,1,0,0,0,0,0,0,0,20.0,13.7,3.2,1,0,0
2026_03_31,수원대입구,8,depart,18,18.0,1,5,2026_1,1,0,0,0,0,0,1,1,16.0,13.6,9.5,1,0,0
2026_04_01,수원대입구,8,depart,18,21.0,2,5,2026_1,1,0,0,0,0,0,1,0,18.0,11.5,0.1,0,0,0
2026_04_02,수원대입구,8,depart,18,13.0,3,5,2026_1,1,0,0,0,0,0,1,0,21.0,9.6,0.0,0,0,0
2026_04_03,수원대입구,8,depart,18,11.0,4,5,2026_1,1,0,0,0,0,0,0,0,13.0,13.0,0.0,0,0,0
2026_04_06,수원대입구,8,depart,18,18.0,0,6,2026_1,1,0,0,0,1,0,1,0,11.0,9.1,5.5,1,0,0
2026_04_07,수원대입구,8,depart,18,17.0,1,6,2026_1,1,0,0,0,1,0,1,0,18.0,6.4,0.0,0,0,0
2026_04_08,수원대입구,8,depart,18,4.0,2,6,2026_1,1,0,0,0,1,0,1,0,17.0,7.4,0.0,0,0,0
2026_04_09,수원대입구,8,depart,18,19.0,3,6,2026_1,1,0,0,0,1,0,1,0,4.0,9.1,18.9,1,0,0
2026_04_10,수원대입구,8,depart,18,9.0,4,6,2026_1,1,0,0,0,1,0,0,0,19.0,9.8,5.8,1,0,0
2026_04_13,수원대입구,8,depart,18,13.0,0,7,2026_1,1,0,0,0,0,0,0,0,9.0,16.4,0.0,0,0,0
2026_04_14,수원대입구,8,depart,18,7.0,1,7,2026_1,1,0,0,0,0,0,1,0,13.0,19.0,0.0,0,0,0
2026_04_15,수원대입구,8,depart,18,24.0,2,7,2026_1,1,0,0,0,0,0,1,0,7.0,17.6,0.0,0,0,0
2026_04_16,수원대입구,8,depart,18,13.0,3,7,2026_1,1,1,1,0,0,0,0,0,24.0,17.8,0.0,0,0,0
2026_04_17,수원대입구,8,depart,18,9.0,4,7,2026_1,1,1,1,0,0,0,0,0,13.0,16.0,0.2,0,0,0
2026_04_20,수원대입구,8,depart,18,14.0,0,8,2026_1,1,1,1,0,0,0,0,0,9.0,12.2,0.7,1,0,0
2026_04_21,수원대입구,8,depart,18,11.0,1,8,2026_1,1,1,1,0,0,0,0,0,14.0,11.1,0.0,0,0,0
2026_04_22,수원대입구,8,depart,18,8.0,2,8,2026_1,1,1,1,0,0,0,0,0,11.0,13.4,0.0,0,0,0
2026_04_23,수원대입구,8,depart,18,8.0,3,8,2026_1,1,1,1,0,0,0,0,0,8.0,16.1,0.0,0,0,0
2026_04_24,수원대입구,8,depart,18,5.0,4,8,2026_1,1,1,1,0,0,0,0,0,8.0,17.2,0.0,0,0,0
2025_03_05,신명아파트,7,depart,13,4.0,2,1,2025_1,1,0,0,0,0,0,0,0,,3.5,0.2,0,1,0
2025_03_06,신명아파트,7,depart,13,5.0,3,1,2025_1,1,0,0,0,0,0,0,0,4.0,3.4,0.0,0,1,0
2025_03_07,신명아파트,7,depart,13,7.0,4,1,2025_1,1,0,0,0,0,0,0,0,5.0,2.8,0.0,0,1,0
2025_03_10,신명아파트,7,depart,13,18.0,0,2,2025_1,1,0,0,0,0,0,0,0,7.0,6.0,0.0,0,0,0
2025_03_12,신명아파트,7,depart,13,13.0,2,2,2025_1,1,0,0,0,0,0,1,0,18.0,7.3,0.1,0,0,0
2025_03_13,신명아파트,7,depart,13,5.0,3,2,2025_1,1,0,0,0,0,0,0,0,13.0,6.6,0.0,0,0,0
2025_03_14,신명아파트,7,depart,13,24.0,4,2,2025_1,1,0,0,0,0,0,1,0,5.0,10.4,0.0,0,0,0
2025_03_17,신명아파트,7,depart,13,7.0,0,3,2025_1,1,0,0,0,0,0,0,0,24.0,0.3,0.1,0,1,0
2025_03_18,신명아파트,7,depart,13,8.0,1,3,2025_1,1,0,0,0,0,0,0,0,7.0,0.7,4.5,1,1,0
2025_03_19,신명아파트,7,depart,13,8.0,2,3,2025_1,1,0,0,0,0,0,1,0,8.0,-0.8,0.0,0,1,0
2025_03_20,신명아파트,7,depart,13,4.0,3,3,2025_1,1,0,0,0,0,0,0,0,8.0,6.1,0.0,0,0,0
2025_03_21,신명아파트,7,depart,13,24.0,4,3,2025_1,1,0,0,0,0,0,1,1,4.0,9.6,0.0,0,0,0
2025_03_24,신명아파트,7,depart,13,9.0,0,4,2025_1,1,0,0,0,0,0,1,0,24.0,14.1,0.0,0,0,0
2025_03_25,신명아파트,7,depart,13,15.0,1,4,2025_1,1,0,0,0,0,0,1,0,9.0,13.2,0.0,0,0,0
2025_03_26,신명아파트,7,depart,13,7.0,2,4,2025_1,1,0,0,0,0,0,0,0,15.0,12.6,0.0,0,0,0
2025_03_27,신명아파트,7,depart,13,21.0,3,4,2025_1,1,0,0,0,0,0,1,0,7.0,12.6,1.0,1,0,0
2025_03_28,신명아파트,7,depart,13,17.0,4,4,2025_1,1,0,0,0,0,0,1,1,21.0,6.0,0.0,0,0,0
2025_03_31,신명아파트,7,depart,13,7.0,0,5,2025_1,1,0,0,0,0,0,0,0,17.0,5.2,0.0,0,0,0
2025_04_01,신명아파트,7,depart,13,2.0,1,5,2025_1,1,0,0,0,0,0,0,0,7.0,7.6,0.0,0,0,0
2025_04_02,신명아파트,7,depart,13,6.0,2,5,2025_1,1,0,0,0,0,0,0,0,2.0,7.6,0.6,1,0,0
2025_04_03,신명아파트,7,depart,13,7.0,3,5,2025_1,1,0,0,0,0,0,0,0,6.0,7.8,0.0,0,0,0
2025_04_04,신명아파트,7,depart,13,10.0,4,5,2025_1,1,0,0,0,0,0,0,0,7.0,9.0,0.0,0,0,0
2025_04_07,신명아파트,7,depart,13,1.0,0,6,2025_1,1,0,0,0,1,0,0,0,10.0,10.9,0.0,0,0,0
2025_04_08,신명아파트,7,depart,13,4.0,1,6,2025_1,1,0,0,0,1,0,0,0,1.0,11.1,3.3,1,0,0
2025_04_09,신명아파트,7,depart,13,10.0,2,6,2025_1,1,0,0,0,1,0,0,0,4.0,10.8,0.2,0,0,0
2025_04_10,신명아파트,7,depart,13,3.0,3,6,2025_1,1,0,0,0,1,0,0,0,10.0,11.0,0.0,0,0,0
2025_04_11,신명아파트,7,depart,13,7.0,4,6,2025_1,1,0,0,0,1,0,0,0,3.0,12.8,0.0,0,0,0
2025_04_14,신명아파트,7,depart,13,12.0,0,7,2025_1,1,0,0,0,0,0,0,0,7.0,4.6,8.8,1,1,0
2025_04_15,신명아파트,7,depart,13,1.0,1,7,2025_1,1,0,0,0,0,0,0,0,12.0,5.6,0.0,0,0,0
2025_04_16,신명아파트,7,depart,13,6.0,2,7,2025_1,1,1,1,0,0,0,0,0,1.0,12.2,1.4,1,0,0
2025_04_17,신명아파트,7,depart,13,8.0,3,7,2025_1,1,1,1,0,0,0,0,0,6.0,18.0,0.0,0,0,0
2025_04_18,신명아파트,7,depart,13,11.0,4,7,2025_1,1,1,1,0,0,0,0,0,8.0,16.8,0.0,0,0,0
2025_04_21,신명아파트,7,depart,13,2.0,0,8,2025_1,1,1,1,0,0,0,0,0,11.0,18.0,0.0,0,0,0
2025_04_22,신명아파트,7,depart,13,3.0,1,8,2025_1,1,1,1,0,0,0,0,0,2.0,16.2,25.2,1,0,0
2025_04_23,신명아파트,7,depart,13,19.0,2,8,2025_1,1,1,1,0,0,0,1,0,3.0,15.2,0.0,0,0,0
2025_04_24,신명아파트,7,depart,13,8.0,3,8,2025_1,1,1,1,0,0,0,1,0,19.0,12.3,0.0,0,0,0
2025_04_25,신명아파트,7,depart,13,9.0,4,8,2025_1,1,1,1,0,0,0,0,0,8.0,10.4,0.0,0,0,0
2025_04_28,신명아파트,7,depart,13,6.0,0,9,2025_1,1,1,1,0,0,0,0,0,9.0,12.4,0.0,0,0,0
2025_04_29,신명아파트,7,depart,13,9.0,1,9,2025_1,1,1,1,0,0,0,1,0,6.0,12.0,0.0,0,0,0
2025_04_30,신명아파트,7,depart,13,6.0,2,9,2025_1,1,1,1,0,0,0,0,0,9.0,16.2,0.0,0,0,0
2025_05_01,신명아파트,7,depart,13,9.0,3,9,2025_1,1,0,0,0,0,0,0,0,6.0,12.6,22.3,1,0,0
2025_05_02,신명아파트,7,depart,13,16.0,4,9,2025_1,1,0,0,0,0,0,0,0,9.0,12.1,0.0,0,0,0
2025_05_05,신명아파트,7,depart,13,4.0,0,10,2025_1,1,0,0,0,0,1,0,0,16.0,10.6,0.3,0,0,0
2025_05_06,신명아파트,7,depart,13,6.0,1,10,2025_1,1,0,0,0,0,1,0,0,4.0,12.5,0.0,0,0,0
2025_05_07,신명아파트,7,depart,13,3.0,2,10,2025_1,1,0,0,0,0,0,0,0,6.0,12.6,0.1,0,0,0
2025_05_08,신명아파트,7,depart,13,4.0,3,10,2025_1,1,0,0,0,0,0,0,0,3.0,15.4,0.0,0,0,0
2025_05_09,신명아파트,7,depart,13,12.0,4,10,2025_1,1,0,0,0,0,0,0,0,4.0,13.6,21.7,1,0,0
2025_05_12,신명아파트,7,depart,13,3.0,0,11,2025_1,1,0,0,0,0,0,0,0,12.0,15.0,0.0,0,0,0
2025_05_13,신명아파트,7,depart,13,3.0,1,11,2025_1,1,0,0,0,0,0,0,0,3.0,19.0,0.0,0,0,0
2025_05_14,신명아파트,7,depart,13,9.0,2,11,2025_1,1,0,0,0,0,0,0,0,3.0,20.4,0.1,0,0,0
2025_05_15,신명아파트,7,depart,13,5.0,3,11,2025_1,1,0,0,0,0,0,0,0,9.0,19.4,4.7,1,0,0
2025_05_16,신명아파트,7,depart,13,0.0,4,11,2025_1,1,0,0,0,0,0,0,0,5.0,20.0,16.3,1,0,0
2025_05_19,신명아파트,7,depart,13,5.0,0,12,2025_1,1,0,0,0,0,0,0,0,0.0,15.0,0.0,0,0,0
2025_05_20,신명아파트,7,depart,13,2.0,1,12,2025_1,1,0,0,0,0,0,0,0,5.0,21.3,0.2,0,0,0
2025_05_21,신명아파트,7,depart,13,1.0,2,12,2025_1,1,0,0,0,0,0,0,0,2.0,24.2,0.4,0,0,0
2025_05_22,신명아파트,7,depart,13,1.0,3,12,2025_1,1,0,0,0,0,0,0,0,1.0,22.7,2.6,1,0,0
2025_05_23,신명아파트,7,depart,13,5.0,4,12,2025_1,1,0,0,0,0,0,0,0,1.0,19.3,3.5,1,0,0
2025_05_26,신명아파트,7,depart,13,3.0,0,13,2025_1,1,0,0,0,1,0,0,0,5.0,18.7,0.0,0,0,0
2025_05_27,신명아파트,7,depart,13,4.0,1,13,2025_1,1,0,0,0,1,0,0,0,3.0,19.6,0.0,0,0,0
2025_05_28,신명아파트,7,depart,13,1.0,2,13,2025_1,1,0,0,0,1,0,0,0,4.0,19.5,0.6,1,0,0
2025_05_29,신명아파트,7,depart,13,1.0,3,13,2025_1,1,0,0,0,1,0,0,0,1.0,20.4,0.4,0,0,0
2025_05_30,신명아파트,7,depart,13,3.0,4,13,2025_1,1,0,0,0,1,0,0,0,1.0,21.7,0.0,0,0,0
2025_06_02,신명아파트,7,depart,13,5.0,0,14,2025_1,1,0,0,0,0,0,0,0,3.0,20.2,1.0,1,0,0
2025_06_03,신명아파트,7,depart,13,4.0,1,14,2025_1,1,0,0,0,0,0,0,0,5.0,20.2,0.2,0,0,0
2025_06_04,신명아파트,7,depart,13,3.0,2,14,2025_1,1,1,0,1,0,0,0,0,4.0,19.0,0.0,0,0,0
2025_06_05,신명아파트,7,depart,13,1.0,3,14,2025_1,1,1,0,1,0,0,0,0,3.0,20.0,0.0,0,0,0
2025_06_06,신명아파트,7,depart,13,4.0,4,14,2025_1,1,1,0,1,0,1,0,0,1.0,23.3,0.0,0,0,0
2025_06_09,신명아파트,7,depart,13,4.0,0,15,2025_1,1,1,0,1,0,0,0,0,4.0,24.5,0.2,0,0,0
2025_06_10,신명아파트,7,depart,13,3.0,1,15,2025_1,1,1,0,1,0,0,0,0,4.0,21.0,0.0,0,0,0
2025_06_11,신명아파트,7,depart,13,21.0,2,15,2025_1,1,1,0,1,0,0,1,0,3.0,21.2,0.0,0,0,0
2025_06_12,신명아파트,7,depart,13,3.0,3,15,2025_1,1,1,0,1,0,0,0,0,21.0,23.9,0.0,0,0,0
2025_06_13,신명아파트,7,depart,13,4.0,4,15,2025_1,1,1,0,1,0,0,0,0,3.0,23.2,3.8,1,0,0
2025_06_16,신명아파트,7,depart,13,2.0,0,16,2025_1,1,1,0,1,0,0,0,0,4.0,22.8,16.0,1,0,0
2025_06_17,신명아파트,7,depart,13,5.0,1,16,2025_1,1,1,0,1,0,0,0,0,2.0,23.0,0.4,0,0,0
2025_06_18,신명아파트,7,depart,13,1.0,2,16,2025_1,1,0,0,0,0,0,0,0,5.0,24.2,0.0,0,0,0
2025_06_19,신명아파트,7,depart,13,3.0,3,16,2025_1,1,0,0,0,0,0,0,0,1.0,26.2,0.3,0,0,0
2025_06_20,신명아파트,7,depart,13,3.0,4,16,2025_1,1,0,0,0,0,0,0,0,3.0,23.0,48.9,1,0,0
2025_06_23,신명아파트,7,depart,13,2.0,0,17,2025_1,1,0,0,0,0,0,0,0,3.0,23.3,0.0,0,0,0
2025_08_25,신명아파트,7,depart,13,5.0,0,1,2025_2,2,0,0,0,0,0,0,0,2.0,28.0,21.8,1,0,0
2025_08_26,신명아파트,7,depart,13,4.0,1,1,2025_2,2,0,0,0,0,0,0,0,5.0,26.1,22.2,1,0,0
2025_08_27,신명아파트,7,depart,13,5.0,2,1,2025_2,2,0,0,0,0,0,0,0,4.0,25.9,0.1,0,0,0
2025_08_28,신명아파트,7,depart,13,8.0,3,1,2025_2,2,0,0,0,0,0,1,0,5.0,26.6,1.5,1,0,0
2025_08_29,신명아파트,7,depart,13,7.0,4,1,2025_2,2,0,0,0,0,0,0,0,8.0,27.6,5.9,1,0,0
2025_09_01,신명아파트,7,depart,13,7.0,0,2,2025_2,2,0,0,0,0,0,0,0,7.0,25.7,17.6,1,0,0
2025_09_02,신명아파트,7,depart,13,4.0,1,2,2025_2,2,0,0,0,0,0,0,0,7.0,24.3,0.0,0,0,0
2025_09_03,신명아파트,7,depart,13,2.0,2,2,2025_2,2,0,0,0,0,0,0,0,4.0,25.0,0.0,0,0,0
2025_09_05,신명아파트,7,depart,13,3.0,4,2,2025_2,2,0,0,0,0,0,0,0,2.0,26.1,0.3,0,0,0
2025_09_08,신명아파트,7,depart,13,2.0,0,3,2025_2,2,0,0,0,0,0,0,0,3.0,22.8,0.0,0,0,0
2025_09_09,신명아파트,7,depart,13,4.0,1,3,2025_2,2,0,0,0,0,0,0,0,2.0,23.0,0.7,1,0,0
2025_09_10,신명아파트,7,depart,13,5.0,2,3,2025_2,2,0,0,0,0,0,0,0,4.0,23.8,0.0,0,0,0
2025_09_11,신명아파트,7,depart,13,5.0,3,3,2025_2,2,0,0,0,0,0,0,0,5.0,23.4,0.0,0,0,0
2025_09_12,신명아파트,7,depart,13,7.0,4,3,2025_2,2,0,0,0,0,0,0,0,5.0,22.0,10.2,1,0,0
2026_03_04,신명아파트,7,depart,13,6.0,2,1,2026_1,1,0,0,0,0,0,0,0,7.0,5.0,0.0,0,0,0
2026_03_05,신명아파트,7,depart,13,4.0,3,1,2026_1,1,0,0,0,0,0,0,0,6.0,5.4,14.0,1,0,0
2026_03_06,신명아파트,7,depart,13,6.0,4,1,2026_1,1,0,0,0,0,0,0,0,4.0,1.0,1.6,1,1,0
2026_03_09,신명아파트,7,depart,13,9.0,0,2,2026_1,1,0,0,0,0,0,0,0,6.0,3.0,0.0,0,1,0
2026_03_10,신명아파트,7,depart,13,10.0,1,2,2026_1,1,0,0,0,0,0,0,0,9.0,2.2,0.0,0,1,0
2026_03_11,신명아파트,7,depart,13,14.0,2,2,2026_1,1,0,0,0,0,0,0,0,10.0,3.4,0.0,0,1,0
2026_03_12,신명아파트,7,depart,13,8.0,3,2,2026_1,1,0,0,0,0,0,0,0,14.0,4.9,0.0,0,1,0
2026_03_13,신명아파트,7,depart,13,12.0,4,2,2026_1,1,0,0,0,0,0,0,0,8.0,5.8,0.0,0,0,0
2026_03_16,신명아파트,7,depart,13,7.0,0,3,2026_1,1,0,0,0,0,0,0,0,12.0,5.8,0.0,0,0,0
2026_03_17,신명아파트,7,depart,13,3.0,1,3,2026_1,1,0,0,0,0,0,0,0,7.0,6.0,0.0,0,0,0
2026_03_23,신명아파트,7,depart,13,2.0,0,4,2026_1,1,0,0,0,0,0,0,0,3.0,9.6,0.0,0,0,0
2026_03_24,신명아파트,7,depart,13,4.0,1,4,2026_1,1,0,0,0,0,0,0,0,2.0,10.6,0.0,0,0,0
2026_03_25,신명아파트,7,depart,13,9.0,2,4,2026_1,1,0,0,0,0,0,0,0,4.0,12.0,0.0,0,0,0
2026_03_26,신명아파트,7,depart,13,4.0,3,4,2026_1,1,0,0,0,0,0,0,0,9.0,10.5,0.0,0,0,0
2026_03_27,신명아파트,7,depart,13,14.0,4,4,2026_1,1,0,0,0,0,0,0,0,4.0,11.0,0.1,0,0,0
2026_03_30,신명아파트,7,depart,13,2.0,0,5,2026_1,1,0,0,0,0,0,0,0,14.0,13.7,3.2,1,0,0
2026_03_31,신명아파트,7,depart,13,1.0,1,5,2026_1,1,0,0,0,0,0,0,0,2.0,13.6,9.5,1,0,0
2026_04_01,신명아파트,7,depart,13,10.0,2,5,2026_1,1,0,0,0,0,0,0,0,1.0,11.5,0.1,0,0,0
2026_04_02,신명아파트,7,depart,13,5.0,3,5,2026_1,1,0,0,0,0,0,0,0,10.0,9.6,0.0,0,0,0
2026_04_03,신명아파트,7,depart,13,14.0,4,5,2026_1,1,0,0,0,0,0,0,0,5.0,13.0,0.0,0,0,0
2026_04_06,신명아파트,7,depart,13,1.0,0,6,2026_1,1,0,0,0,1,0,0,0,14.0,9.1,5.5,1,0,0
2026_04_07,신명아파트,7,depart,13,3.0,1,6,2026_1,1,0,0,0,1,0,0,0,1.0,6.4,0.0,0,0,0
2026_04_08,신명아파트,7,depart,13,10.0,2,6,2026_1,1,0,0,0,1,0,0,0,3.0,7.4,0.0,0,0,0
2026_04_09,신명아파트,7,depart,13,4.0,3,6,2026_1,1,0,0,0,1,0,0,0,10.0,9.1,18.9,1,0,0
2026_04_10,신명아파트,7,depart,13,10.0,4,6,2026_1,1,0,0,0,1,0,0,0,4.0,9.8,5.8,1,0,0
2026_04_13,신명아파트,7,depart,13,3.0,0,7,2026_1,1,0,0,0,0,0,0,0,10.0,16.4,0.0,0,0,0
2026_04_14,신명아파트,7,depart,13,5.0,1,7,2026_1,1,0,0,0,0,0,0,0,3.0,19.0,0.0,0,0,0
2026_04_15,신명아파트,7,depart,13,2.0,2,7,2026_1,1,0,0,0,0,0,0,0,5.0,17.6,0.0,0,0,0
2026_04_16,신명아파트,7,depart,13,5.0,3,7,2026_1,1,1,1,0,0,0,0,0,2.0,17.8,0.0,0,0,0
2026_04_17,신명아파트,7,depart,13,8.0,4,7,2026_1,1,1,1,0,0,0,0,0,5.0,16.0,0.2,0,0,0
2026_04_20,신명아파트,7,depart,13,6.0,0,8,2026_1,1,1,1,0,0,0,0,0,8.0,12.2,0.7,1,0,0
2026_04_21,신명아파트,7,depart,13,4.0,1,8,2026_1,1,1,1,0,0,0,0,0,6.0,11.1,0.0,0,0,0
2026_04_22,신명아파트,7,depart,13,5.0,2,8,2026_1,1,1,1,0,0,0,0,0,4.0,13.4,0.0,0,0,0
2026_04_23,신명아파트,7,depart,13,1.0,3,8,2026_1,1,1,1,0,0,0,0,0,5.0,16.1,0.0,0,0,0
2026_04_24,신명아파트,7,depart,13,9.0,4,8,2026_1,1,1,1,0,0,0,0,0,1.0,17.2,0.0,0,0,0
2025_03_05,신명아파트,7,depart,14,11.0,2,1,2025_1,1,0,0,0,0,0,1,1,,3.5,0.2,0,1,0
2025_03_06,신명아파트,7,depart,14,16.0,3,1,2025_1,1,0,0,0,0,0,1,0,11.0,3.4,0.0,0,1,0
2025_03_07,신명아파트,7,depart,14,8.0,4,1,2025_1,1,0,0,0,0,0,0,0,16.0,2.8,0.0,0,1,0
2025_03_10,신명아파트,7,depart,14,15.0,0,2,2025_1,1,0,0,0,0,0,1,1,8.0,6.0,0.0,0,0,0
2025_03_12,신명아파트,7,depart,14,10.0,2,2,2025_1,1,0,0,0,0,0,1,0,15.0,7.3,0.1,0,0,0
2025_03_13,신명아파트,7,depart,14,7.0,3,2,2025_1,1,0,0,0,0,0,0,0,10.0,6.6,0.0,0,0,0
2025_03_14,신명아파트,7,depart,14,10.0,4,2,2025_1,1,0,0,0,0,0,0,0,7.0,10.4,0.0,0,0,0
2025_03_17,신명아파트,7,depart,14,4.0,0,3,2025_1,1,0,0,0,0,0,0,0,10.0,0.3,0.1,0,1,0
2025_03_18,신명아파트,7,depart,14,20.0,1,3,2025_1,1,0,0,0,0,0,1,0,4.0,0.7,4.5,1,1,0
2025_03_19,신명아파트,7,depart,14,7.0,2,3,2025_1,1,0,0,0,0,0,1,0,20.0,-0.8,0.0,0,1,0
2025_03_20,신명아파트,7,depart,14,9.0,3,3,2025_1,1,0,0,0,0,0,0,0,7.0,6.1,0.0,0,0,0
2025_03_21,신명아파트,7,depart,14,16.0,4,3,2025_1,1,0,0,0,0,0,1,0,9.0,9.6,0.0,0,0,0
2025_03_24,신명아파트,7,depart,14,0.0,0,4,2025_1,1,0,0,0,0,0,0,0,16.0,14.1,0.0,0,0,0
2025_03_25,신명아파트,7,depart,14,13.0,1,4,2025_1,1,0,0,0,0,0,1,0,0.0,13.2,0.0,0,0,0
2025_03_26,신명아파트,7,depart,14,10.0,2,4,2025_1,1,0,0,0,0,0,1,0,13.0,12.6,0.0,0,0,0
2025_03_27,신명아파트,7,depart,14,42.0,3,4,2025_1,1,0,0,0,0,0,1,1,10.0,12.6,1.0,1,0,0
2025_03_28,신명아파트,7,depart,14,21.0,4,4,2025_1,1,0,0,0,0,0,1,0,42.0,6.0,0.0,0,0,0
2025_03_31,신명아파트,7,depart,14,4.0,0,5,2025_1,1,0,0,0,0,0,1,0,21.0,5.2,0.0,0,0,0
2025_04_01,신명아파트,7,depart,14,12.0,1,5,2025_1,1,0,0,0,0,0,0,0,4.0,7.6,0.0,0,0,0
2025_04_02,신명아파트,7,depart,14,7.0,2,5,2025_1,1,0,0,0,0,0,0,0,12.0,7.6,0.6,1,0,0
2025_04_03,신명아파트,7,depart,14,4.0,3,5,2025_1,1,0,0,0,0,0,0,0,7.0,7.8,0.0,0,0,0
2025_04_04,신명아파트,7,depart,14,6.0,4,5,2025_1,1,0,0,0,0,0,0,0,4.0,9.0,0.0,0,0,0
2025_04_07,신명아파트,7,depart,14,5.0,0,6,2025_1,1,0,0,0,1,0,0,0,6.0,10.9,0.0,0,0,0
2025_04_08,신명아파트,7,depart,14,12.0,1,6,2025_1,1,0,0,0,1,0,1,0,5.0,11.1,3.3,1,0,0
2025_04_09,신명아파트,7,depart,14,10.0,2,6,2025_1,1,0,0,0,1,0,0,0,12.0,10.8,0.2,0,0,0
2025_04_10,신명아파트,7,depart,14,5.0,3,6,2025_1,1,0,0,0,1,0,0,0,10.0,11.0,0.0,0,0,0
2025_04_11,신명아파트,7,depart,14,13.0,4,6,2025_1,1,0,0,0,1,0,0,0,5.0,12.8,0.0,0,0,0
2025_04_14,신명아파트,7,depart,14,4.0,0,7,2025_1,1,0,0,0,0,0,0,0,13.0,4.6,8.8,1,1,0
2025_04_15,신명아파트,7,depart,14,6.0,1,7,2025_1,1,0,0,0,0,0,1,0,4.0,5.6,0.0,0,0,0
2025_04_16,신명아파트,7,depart,14,8.0,2,7,2025_1,1,1,1,0,0,0,1,0,6.0,12.2,1.4,1,0,0
2025_04_17,신명아파트,7,depart,14,11.0,3,7,2025_1,1,1,1,0,0,0,0,0,8.0,18.0,0.0,0,0,0
2025_04_18,신명아파트,7,depart,14,12.0,4,7,2025_1,1,1,1,0,0,0,0,0,11.0,16.8,0.0,0,0,0
2025_04_21,신명아파트,7,depart,14,6.0,0,8,2025_1,1,1,1,0,0,0,0,0,12.0,18.0,0.0,0,0,0
2025_04_22,신명아파트,7,depart,14,4.0,1,8,2025_1,1,1,1,0,0,0,0,0,6.0,16.2,25.2,1,0,0
2025_04_23,신명아파트,7,depart,14,4.0,2,8,2025_1,1,1,1,0,0,0,1,0,4.0,15.2,0.0,0,0,0
2025_04_24,신명아파트,7,depart,14,0.0,3,8,2025_1,1,1,1,0,0,0,1,0,4.0,12.3,0.0,0,0,0
2025_04_25,신명아파트,7,depart,14,0.0,4,8,2025_1,1,1,1,0,0,0,0,0,0.0,10.4,0.0,0,0,0
2025_04_28,신명아파트,7,depart,14,9.0,0,9,2025_1,1,1,1,0,0,0,0,0,0.0,12.4,0.0,0,0,0
2025_04_29,신명아파트,7,depart,14,12.0,1,9,2025_1,1,1,1,0,0,0,1,0,9.0,12.0,0.0,0,0,0
2025_04_30,신명아파트,7,depart,14,7.0,2,9,2025_1,1,1,1,0,0,0,1,0,12.0,16.2,0.0,0,0,0
2025_05_01,신명아파트,7,depart,14,8.0,3,9,2025_1,1,0,0,0,0,0,0,0,7.0,12.6,22.3,1,0,0
2025_05_02,신명아파트,7,depart,14,2.0,4,9,2025_1,1,0,0,0,0,0,0,0,8.0,12.1,0.0,0,0,0
2025_05_05,신명아파트,7,depart,14,2.0,0,10,2025_1,1,0,0,0,0,1,0,0,2.0,10.6,0.3,0,0,0
2025_05_06,신명아파트,7,depart,14,4.0,1,10,2025_1,1,0,0,0,0,1,0,0,2.0,12.5,0.0,0,0,0
2025_05_07,신명아파트,7,depart,14,6.0,2,10,2025_1,1,0,0,0,0,0,0,0,4.0,12.6,0.1,0,0,0
2025_05_08,신명아파트,7,depart,14,5.0,3,10,2025_1,1,0,0,0,0,0,0,0,6.0,15.4,0.0,0,0,0
2025_05_09,신명아파트,7,depart,14,10.0,4,10,2025_1,1,0,0,0,0,0,0,0,5.0,13.6,21.7,1,0,0
2025_05_12,신명아파트,7,depart,14,4.0,0,11,2025_1,1,0,0,0,0,0,0,0,10.0,15.0,0.0,0,0,0
2025_05_13,신명아파트,7,depart,14,5.0,1,11,2025_1,1,0,0,0,0,0,1,0,4.0,19.0,0.0,0,0,0
2025_05_14,신명아파트,7,depart,14,3.0,2,11,2025_1,1,0,0,0,0,0,1,0,5.0,20.4,0.1,0,0,0
2025_05_15,신명아파트,7,depart,14,1.0,3,11,2025_1,1,0,0,0,0,0,0,0,3.0,19.4,4.7,1,0,0
2025_05_16,신명아파트,7,depart,14,8.0,4,11,2025_1,1,0,0,0,0,0,0,0,1.0,20.0,16.3,1,0,0
2025_05_19,신명아파트,7,depart,14,10.0,0,12,2025_1,1,0,0,0,0,0,1,0,8.0,15.0,0.0,0,0,0
2025_05_20,신명아파트,7,depart,14,11.0,1,12,2025_1,1,0,0,0,0,0,1,0,10.0,21.3,0.2,0,0,0
2025_05_21,신명아파트,7,depart,14,5.0,2,12,2025_1,1,0,0,0,0,0,0,0,11.0,24.2,0.4,0,0,0
2025_05_22,신명아파트,7,depart,14,1.0,3,12,2025_1,1,0,0,0,0,0,0,0,5.0,22.7,2.6,1,0,0
2025_05_23,신명아파트,7,depart,14,1.0,4,12,2025_1,1,0,0,0,0,0,0,0,1.0,19.3,3.5,1,0,0
2025_05_26,신명아파트,7,depart,14,6.0,0,13,2025_1,1,0,0,0,1,0,0,0,1.0,18.7,0.0,0,0,0
2025_05_27,신명아파트,7,depart,14,15.0,1,13,2025_1,1,0,0,0,1,0,1,1,6.0,19.6,0.0,0,0,0
2025_05_28,신명아파트,7,depart,14,5.0,2,13,2025_1,1,0,0,0,1,0,0,0,15.0,19.5,0.6,1,0,0
2025_05_29,신명아파트,7,depart,14,8.0,3,13,2025_1,1,0,0,0,1,0,0,0,5.0,20.4,0.4,0,0,0
2025_05_30,신명아파트,7,depart,14,1.0,4,13,2025_1,1,0,0,0,1,0,0,0,8.0,21.7,0.0,0,0,0
2025_06_02,신명아파트,7,depart,14,10.0,0,14,2025_1,1,0,0,0,0,0,0,0,1.0,20.2,1.0,1,0,0
2025_06_03,신명아파트,7,depart,14,10.0,1,14,2025_1,1,0,0,0,0,0,0,0,10.0,20.2,0.2,0,0,0
2025_06_04,신명아파트,7,depart,14,3.0,2,14,2025_1,1,1,0,1,0,0,0,0,10.0,19.0,0.0,0,0,0
2025_06_05,신명아파트,7,depart,14,3.0,3,14,2025_1,1,1,0,1,0,0,0,0,3.0,20.0,0.0,0,0,0
2025_06_06,신명아파트,7,depart,14,6.0,4,14,2025_1,1,1,0,1,0,1,0,0,3.0,23.3,0.0,0,0,0
2025_06_09,신명아파트,7,depart,14,6.0,0,15,2025_1,1,1,0,1,0,0,0,0,6.0,24.5,0.2,0,0,0
2025_06_10,신명아파트,7,depart,14,2.0,1,15,2025_1,1,1,0,1,0,0,0,0,6.0,21.0,0.0,0,0,0
2025_06_11,신명아파트,7,depart,14,3.0,2,15,2025_1,1,1,0,1,0,0,1,1,2.0,21.2,0.0,0,0,0
2025_06_12,신명아파트,7,depart,14,5.0,3,15,2025_1,1,1,0,1,0,0,1,0,3.0,23.9,0.0,0,0,0
2025_06_13,신명아파트,7,depart,14,5.0,4,15,2025_1,1,1,0,1,0,0,0,0,5.0,23.2,3.8,1,0,0
2025_06_16,신명아파트,7,depart,14,2.0,0,16,2025_1,1,1,0,1,0,0,0,0,5.0,22.8,16.0,1,0,0
2025_06_17,신명아파트,7,depart,14,4.0,1,16,2025_1,1,1,0,1,0,0,0,0,2.0,23.0,0.4,0,0,0
2025_06_18,신명아파트,7,depart,14,3.0,2,16,2025_1,1,0,0,0,0,0,0,0,4.0,24.2,0.0,0,0,0
2025_06_19,신명아파트,7,depart,14,3.0,3,16,2025_1,1,0,0,0,0,0,0,0,3.0,26.2,0.3,0,0,0
2025_06_20,신명아파트,7,depart,14,3.0,4,16,2025_1,1,0,0,0,0,0,0,0,3.0,23.0,48.9,1,0,0
2025_06_23,신명아파트,7,depart,14,7.0,0,17,2025_1,1,0,0,0,0,0,0,0,3.0,23.3,0.0,0,0,0
2025_08_25,신명아파트,7,depart,14,5.0,0,1,2025_2,2,0,0,0,0,0,0,0,7.0,28.0,21.8,1,0,0
2025_08_26,신명아파트,7,depart,14,7.0,1,1,2025_2,2,0,0,0,0,0,1,0,5.0,26.1,22.2,1,0,0
2025_08_27,신명아파트,7,depart,14,8.0,2,1,2025_2,2,0,0,0,0,0,1,0,7.0,25.9,0.1,0,0,0
2025_08_28,신명아파트,7,depart,14,8.0,3,1,2025_2,2,0,0,0,0,0,1,1,8.0,26.6,1.5,1,0,0
2025_08_29,신명아파트,7,depart,14,5.0,4,1,2025_2,2,0,0,0,0,0,0,0,8.0,27.6,5.9,1,0,0
2025_09_01,신명아파트,7,depart,14,2.0,0,2,2025_2,2,0,0,0,0,0,0,0,5.0,25.7,17.6,1,0,0
2025_09_02,신명아파트,7,depart,14,2.0,1,2,2025_2,2,0,0,0,0,0,0,0,2.0,24.3,0.0,0,0,0
2025_09_03,신명아파트,7,depart,14,5.0,2,2,2025_2,2,0,0,0,0,0,0,0,2.0,25.0,0.0,0,0,0
2025_09_05,신명아파트,7,depart,14,9.0,4,2,2025_2,2,0,0,0,0,0,0,0,5.0,26.1,0.3,0,0,0
2025_09_08,신명아파트,7,depart,14,8.0,0,3,2025_2,2,0,0,0,0,0,0,0,9.0,22.8,0.0,0,0,0
2025_09_09,신명아파트,7,depart,14,4.0,1,3,2025_2,2,0,0,0,0,0,0,0,8.0,23.0,0.7,1,0,0
2025_09_10,신명아파트,7,depart,14,4.0,2,3,2025_2,2,0,0,0,0,0,0,0,4.0,23.8,0.0,0,0,0
2025_09_11,신명아파트,7,depart,14,3.0,3,3,2025_2,2,0,0,0,0,0,0,0,4.0,23.4,0.0,0,0,0
2025_09_12,신명아파트,7,depart,14,1.0,4,3,2025_2,2,0,0,0,0,0,0,0,3.0,22.0,10.2,1,0,0
2026_03_04,신명아파트,7,depart,14,8.0,2,1,2026_1,1,0,0,0,0,0,0,0,1.0,5.0,0.0,0,0,0
2026_03_05,신명아파트,7,depart,14,7.0,3,1,2026_1,1,0,0,0,0,0,1,0,8.0,5.4,14.0,1,0,0
2026_03_06,신명아파트,7,depart,14,12.0,4,1,2026_1,1,0,0,0,0,0,0,0,7.0,1.0,1.6,1,1,0
2026_03_09,신명아파트,7,depart,14,10.0,0,2,2026_1,1,0,0,0,0,0,0,0,12.0,3.0,0.0,0,1,0
2026_03_10,신명아파트,7,depart,14,11.0,1,2,2026_1,1,0,0,0,0,0,1,0,10.0,2.2,0.0,0,1,0
2026_03_11,신명아파트,7,depart,14,2.0,2,2,2026_1,1,0,0,0,0,0,0,0,11.0,3.4,0.0,0,1,0
2026_03_12,신명아파트,7,depart,14,18.0,3,2,2026_1,1,0,0,0,0,0,1,0,2.0,4.9,0.0,0,1,0
2026_03_13,신명아파트,7,depart,14,4.0,4,2,2026_1,1,0,0,0,0,0,0,0,18.0,5.8,0.0,0,0,0
2026_03_16,신명아파트,7,depart,14,8.0,0,3,2026_1,1,0,0,0,0,0,0,0,4.0,5.8,0.0,0,0,0
2026_03_17,신명아파트,7,depart,14,4.0,1,3,2026_1,1,0,0,0,0,0,0,0,8.0,6.0,0.0,0,0,0
2026_03_23,신명아파트,7,depart,14,2.0,0,4,2026_1,1,0,0,0,0,0,0,0,4.0,9.6,0.0,0,0,0
2026_03_24,신명아파트,7,depart,14,4.0,1,4,2026_1,1,0,0,0,0,0,0,0,2.0,10.6,0.0,0,0,0
2026_03_25,신명아파트,7,depart,14,9.0,2,4,2026_1,1,0,0,0,0,0,0,0,4.0,12.0,0.0,0,0,0
2026_03_26,신명아파트,7,depart,14,6.0,3,4,2026_1,1,0,0,0,0,0,0,0,9.0,10.5,0.0,0,0,0
2026_03_27,신명아파트,7,depart,14,10.0,4,4,2026_1,1,0,0,0,0,0,0,0,6.0,11.0,0.1,0,0,0
2026_03_30,신명아파트,7,depart,14,4.0,0,5,2026_1,1,0,0,0,0,0,0,0,10.0,13.7,3.2,1,0,0
2026_03_31,신명아파트,7,depart,14,3.0,1,5,2026_1,1,0,0,0,0,0,0,0,4.0,13.6,9.5,1,0,0
2026_04_01,신명아파트,7,depart,14,3.0,2,5,2026_1,1,0,0,0,0,0,0,0,3.0,11.5,0.1,0,0,0
2026_04_02,신명아파트,7,depart,14,16.0,3,5,2026_1,1,0,0,0,0,0,1,0,3.0,9.6,0.0,0,0,0
2026_04_03,신명아파트,7,depart,14,7.0,4,5,2026_1,1,0,0,0,0,0,0,0,16.0,13.0,0.0,0,0,0
2026_04_06,신명아파트,7,depart,14,3.0,0,6,2026_1,1,0,0,0,1,0,0,0,7.0,9.1,5.5,1,0,0
2026_04_07,신명아파트,7,depart,14,2.0,1,6,2026_1,1,0,0,0,1,0,0,0,3.0,6.4,0.0,0,0,0
2026_04_08,신명아파트,7,depart,14,9.0,2,6,2026_1,1,0,0,0,1,0,0,0,2.0,7.4,0.0,0,0,0
2026_04_09,신명아파트,7,depart,14,1.0,3,6,2026_1,1,0,0,0,1,0,0,0,9.0,9.1,18.9,1,0,0
2026_04_10,신명아파트,7,depart,14,7.0,4,6,2026_1,1,0,0,0,1,0,0,0,1.0,9.8,5.8,1,0,0
2026_04_13,신명아파트,7,depart,14,5.0,0,7,2026_1,1,0,0,0,0,0,0,0,7.0,16.4,0.0,0,0,0
2026_04_14,신명아파트,7,depart,14,2.0,1,7,2026_1,1,0,0,0,0,0,0,0,5.0,19.0,0.0,0,0,0
2026_04_15,신명아파트,7,depart,14,2.0,2,7,2026_1,1,0,0,0,0,0,0,0,2.0,17.6,0.0,0,0,0
2026_04_16,신명아파트,7,depart,14,8.0,3,7,2026_1,1,1,1,0,0,0,0,0,2.0,17.8,0.0,0,0,0
2026_04_17,신명아파트,7,depart,14,7.0,4,7,2026_1,1,1,1,0,0,0,0,0,8.0,16.0,0.2,0,0,0
2026_04_20,신명아파트,7,depart,14,6.0,0,8,2026_1,1,1,1,0,0,0,0,0,7.0,12.2,0.7,1,0,0
2026_04_21,신명아파트,7,depart,14,2.0,1,8,2026_1,1,1,1,0,0,0,1,0,6.0,11.1,0.0,0,0,0
2026_04_22,신명아파트,7,depart,14,5.0,2,8,2026_1,1,1,1,0,0,0,0,0,2.0,13.4,0.0,0,0,0
2026_04_23,신명아파트,7,depart,14,0.0,3,8,2026_1,1,1,1,0,0,0,1,1,5.0,16.1,0.0,0,0,0
2026_04_24,신명아파트,7,depart,14,5.0,4,8,2026_1,1,1,1,0,0,0,1,0,0.0,17.2,0.0,0,0,0
2025_03_05,신명아파트,7,depart,15,18.0,2,1,2025_1,1,0,0,0,0,0,1,0,,3.5,0.2,0,1,0
2025_03_06,신명아파트,7,depart,15,21.0,3,1,2025_1,1,0,0,0,0,0,1,1,18.0,3.4,0.0,0,1,0
2025_03_07,신명아파트,7,depart,15,11.0,4,1,2025_1,1,0,0,0,0,0,0,0,21.0,2.8,0.0,0,1,0
2025_03_10,신명아파트,7,depart,15,27.0,0,2,2025_1,1,0,0,0,0,0,1,1,11.0,6.0,0.0,0,0,0
2025_03_12,신명아파트,7,depart,15,1.0,2,2,2025_1,1,0,0,0,0,0,1,1,27.0,7.3,0.1,0,0,0
2025_03_13,신명아파트,7,depart,15,17.0,3,2,2025_1,1,0,0,0,0,0,1,1,1.0,6.6,0.0,0,0,0
2025_03_14,신명아파트,7,depart,15,0.0,4,2,2025_1,1,0,0,0,0,0,1,1,17.0,10.4,0.0,0,0,0
2025_03_17,신명아파트,7,depart,15,26.0,0,3,2025_1,1,0,0,0,0,0,1,1,0.0,0.3,0.1,0,1,0
2025_03_18,신명아파트,7,depart,15,74.0,1,3,2025_1,1,0,0,0,0,0,1,1,26.0,0.7,4.5,1,1,0
2025_03_19,신명아파트,7,depart,15,9.0,2,3,2025_1,1,0,0,0,0,0,1,1,74.0,-0.8,0.0,0,1,0
2025_03_20,신명아파트,7,depart,15,24.0,3,3,2025_1,1,0,0,0,0,0,1,1,9.0,6.1,0.0,0,0,0
2025_03_21,신명아파트,7,depart,15,17.0,4,3,2025_1,1,0,0,0,0,0,1,1,24.0,9.6,0.0,0,0,0
2025_03_24,신명아파트,7,depart,15,18.0,0,4,2025_1,1,0,0,0,0,0,1,0,17.0,14.1,0.0,0,0,0
2025_03_25,신명아파트,7,depart,15,18.0,1,4,2025_1,1,0,0,0,0,0,1,1,18.0,13.2,0.0,0,0,0
2025_03_26,신명아파트,7,depart,15,0.0,2,4,2025_1,1,0,0,0,0,0,0,0,18.0,12.6,0.0,0,0,0
2025_03_27,신명아파트,7,depart,15,2.0,3,4,2025_1,1,0,0,0,0,0,1,1,0.0,12.6,1.0,1,0,0
2025_03_28,신명아파트,7,depart,15,0.0,4,4,2025_1,1,0,0,0,0,0,1,1,2.0,6.0,0.0,0,0,0
2025_03_31,신명아파트,7,depart,15,21.0,0,5,2025_1,1,0,0,0,0,0,1,1,0.0,5.2,0.0,0,0,0
2025_04_01,신명아파트,7,depart,15,15.0,1,5,2025_1,1,0,0,0,0,0,1,0,21.0,7.6,0.0,0,0,0
2025_04_02,신명아파트,7,depart,15,20.0,2,5,2025_1,1,0,0,0,0,0,1,1,15.0,7.6,0.6,1,0,0
2025_04_03,신명아파트,7,depart,15,13.0,3,5,2025_1,1,0,0,0,0,0,1,0,20.0,7.8,0.0,0,0,0
2025_04_04,신명아파트,7,depart,15,17.0,4,5,2025_1,1,0,0,0,0,0,1,1,13.0,9.0,0.0,0,0,0
2025_04_07,신명아파트,7,depart,15,16.0,0,6,2025_1,1,0,0,0,1,0,1,0,17.0,10.9,0.0,0,0,0
2025_04_08,신명아파트,7,depart,15,3.0,1,6,2025_1,1,0,0,0,1,0,1,1,16.0,11.1,3.3,1,0,0
2025_04_09,신명아파트,7,depart,15,6.0,2,6,2025_1,1,0,0,0,1,0,1,1,3.0,10.8,0.2,0,0,0
2025_04_10,신명아파트,7,depart,15,15.0,3,6,2025_1,1,0,0,0,1,0,1,1,6.0,11.0,0.0,0,0,0
2025_04_11,신명아파트,7,depart,15,10.0,4,6,2025_1,1,0,0,0,1,0,1,1,15.0,12.8,0.0,0,0,0
2025_04_14,신명아파트,7,depart,15,8.0,0,7,2025_1,1,0,0,0,0,0,1,0,10.0,4.6,8.8,1,1,0
2025_04_15,신명아파트,7,depart,15,18.0,1,7,2025_1,1,0,0,0,0,0,1,1,8.0,5.6,0.0,0,0,0
2025_04_16,신명아파트,7,depart,15,14.0,2,7,2025_1,1,1,1,0,0,0,1,0,18.0,12.2,1.4,1,0,0
2025_04_17,신명아파트,7,depart,15,11.0,3,7,2025_1,1,1,1,0,0,0,1,1,14.0,18.0,0.0,0,0,0
2025_04_18,신명아파트,7,depart,15,0.0,4,7,2025_1,1,1,1,0,0,0,0,0,11.0,16.8,0.0,0,0,0
2025_04_21,신명아파트,7,depart,15,6.0,0,8,2025_1,1,1,1,0,0,0,1,0,0.0,18.0,0.0,0,0,0
2025_04_22,신명아파트,7,depart,15,3.0,1,8,2025_1,1,1,1,0,0,0,1,1,6.0,16.2,25.2,1,0,0
2025_04_23,신명아파트,7,depart,15,12.0,2,8,2025_1,1,1,1,0,0,0,1,1,3.0,15.2,0.0,0,0,0
2025_04_24,신명아파트,7,depart,15,0.0,3,8,2025_1,1,1,1,0,0,0,0,0,12.0,12.3,0.0,0,0,0
2025_04_25,신명아파트,7,depart,15,6.0,4,8,2025_1,1,1,1,0,0,0,1,0,0.0,10.4,0.0,0,0,0
2025_04_28,신명아파트,7,depart,15,8.0,0,9,2025_1,1,1,1,0,0,0,1,0,6.0,12.4,0.0,0,0,0
2025_04_29,신명아파트,7,depart,15,0.0,1,9,2025_1,1,1,1,0,0,0,1,1,8.0,12.0,0.0,0,0,0
2025_04_30,신명아파트,7,depart,15,0.0,2,9,2025_1,1,1,1,0,0,0,1,0,0.0,16.2,0.0,0,0,0
2025_05_01,신명아파트,7,depart,15,1.0,3,9,2025_1,1,0,0,0,0,0,0,0,0.0,12.6,22.3,1,0,0
2025_05_02,신명아파트,7,depart,15,7.0,4,9,2025_1,1,0,0,0,0,0,1,1,1.0,12.1,0.0,0,0,0
2025_05_05,신명아파트,7,depart,15,2.0,0,10,2025_1,1,0,0,0,0,1,0,0,7.0,10.6,0.3,0,0,0
2025_05_06,신명아파트,7,depart,15,7.0,1,10,2025_1,1,0,0,0,0,1,0,0,2.0,12.5,0.0,0,0,0
2025_05_07,신명아파트,7,depart,15,0.0,2,10,2025_1,1,0,0,0,0,0,0,0,7.0,12.6,0.1,0,0,0
2025_05_08,신명아파트,7,depart,15,0.0,3,10,2025_1,1,0,0,0,0,0,0,0,0.0,15.4,0.0,0,0,0
2025_05_09,신명아파트,7,depart,15,9.0,4,10,2025_1,1,0,0,0,0,0,1,1,0.0,13.6,21.7,1,0,0
2025_05_12,신명아파트,7,depart,15,0.0,0,11,2025_1,1,0,0,0,0,0,0,0,9.0,15.0,0.0,0,0,0
2025_05_13,신명아파트,7,depart,15,0.0,1,11,2025_1,1,0,0,0,0,0,1,0,0.0,19.0,0.0,0,0,0
2025_05_14,신명아파트,7,depart,15,0.0,2,11,2025_1,1,0,0,0,0,0,1,0,0.0,20.4,0.1,0,0,0
2025_05_15,신명아파트,7,depart,15,0.0,3,11,2025_1,1,0,0,0,0,0,1,1,0.0,19.4,4.7,1,0,0
2025_05_16,신명아파트,7,depart,15,3.0,4,11,2025_1,1,0,0,0,0,0,1,0,0.0,20.0,16.3,1,0,0
2025_05_19,신명아파트,7,depart,15,6.0,0,12,2025_1,1,0,0,0,0,0,1,0,3.0,15.0,0.0,0,0,0
2025_05_20,신명아파트,7,depart,15,1.0,1,12,2025_1,1,0,0,0,0,0,1,1,6.0,21.3,0.2,0,0,0
2025_05_21,신명아파트,7,depart,15,0.0,2,12,2025_1,1,0,0,0,0,0,1,0,1.0,24.2,0.4,0,0,0
2025_05_22,신명아파트,7,depart,15,5.0,3,12,2025_1,1,0,0,0,0,0,0,0,0.0,22.7,2.6,1,0,0
2025_05_23,신명아파트,7,depart,15,9.0,4,12,2025_1,1,0,0,0,0,0,1,0,5.0,19.3,3.5,1,0,0
2025_05_26,신명아파트,7,depart,15,5.0,0,13,2025_1,1,0,0,0,1,0,1,0,9.0,18.7,0.0,0,0,0
2025_05_27,신명아파트,7,depart,15,0.0,1,13,2025_1,1,0,0,0,1,0,0,0,5.0,19.6,0.0,0,0,0
2025_05_28,신명아파트,7,depart,15,0.0,2,13,2025_1,1,0,0,0,1,0,0,0,0.0,19.5,0.6,1,0,0
2025_05_29,신명아파트,7,depart,15,0.0,3,13,2025_1,1,0,0,0,1,0,1,0,0.0,20.4,0.4,0,0,0
2025_05_30,신명아파트,7,depart,15,0.0,4,13,2025_1,1,0,0,0,1,0,0,0,0.0,21.7,0.0,0,0,0
2025_06_02,신명아파트,7,depart,15,7.0,0,14,2025_1,1,0,0,0,0,0,1,0,0.0,20.2,1.0,1,0,0
2025_06_03,신명아파트,7,depart,15,3.0,1,14,2025_1,1,0,0,0,0,0,0,0,7.0,20.2,0.2,0,0,0
2025_06_04,신명아파트,7,depart,15,2.0,2,14,2025_1,1,1,0,1,0,0,1,1,3.0,19.0,0.0,0,0,0
2025_06_05,신명아파트,7,depart,15,12.0,3,14,2025_1,1,1,0,1,0,0,1,1,2.0,20.0,0.0,0,0,0
2025_06_06,신명아파트,7,depart,15,4.0,4,14,2025_1,1,1,0,1,0,1,0,0,12.0,23.3,0.0,0,0,0
2025_06_09,신명아파트,7,depart,15,14.0,0,15,2025_1,1,1,0,1,0,0,1,0,4.0,24.5,0.2,0,0,0
2025_06_10,신명아파트,7,depart,15,5.0,1,15,2025_1,1,1,0,1,0,0,1,1,14.0,21.0,0.0,0,0,0
2025_06_11,신명아파트,7,depart,15,3.0,2,15,2025_1,1,1,0,1,0,0,1,1,5.0,21.2,0.0,0,0,0
2025_06_12,신명아파트,7,depart,15,4.0,3,15,2025_1,1,1,0,1,0,0,1,0,3.0,23.9,0.0,0,0,0
2025_06_13,신명아파트,7,depart,15,6.0,4,15,2025_1,1,1,0,1,0,0,1,0,4.0,23.2,3.8,1,0,0
2025_06_16,신명아파트,7,depart,15,4.0,0,16,2025_1,1,1,0,1,0,0,0,0,6.0,22.8,16.0,1,0,0
2025_06_17,신명아파트,7,depart,15,0.0,1,16,2025_1,1,1,0,1,0,0,1,1,4.0,23.0,0.4,0,0,0
2025_06_18,신명아파트,7,depart,15,4.0,2,16,2025_1,1,0,0,0,0,0,0,0,0.0,24.2,0.0,0,0,0
2025_06_19,신명아파트,7,depart,15,11.0,3,16,2025_1,1,0,0,0,0,0,1,0,4.0,26.2,0.3,0,0,0
2025_06_20,신명아파트,7,depart,15,4.0,4,16,2025_1,1,0,0,0,0,0,0,0,11.0,23.0,48.9,1,0,0
2025_06_23,신명아파트,7,depart,15,4.0,0,17,2025_1,1,0,0,0,0,0,0,0,4.0,23.3,0.0,0,0,0
2025_08_25,신명아파트,7,depart,15,2.0,0,1,2025_2,2,0,0,0,0,0,0,0,4.0,28.0,21.8,1,0,0
2025_08_26,신명아파트,7,depart,15,3.0,1,1,2025_2,2,0,0,0,0,0,1,1,2.0,26.1,22.2,1,0,0
2025_08_27,신명아파트,7,depart,15,3.0,2,1,2025_2,2,0,0,0,0,0,1,0,3.0,25.9,0.1,0,0,0
2025_08_28,신명아파트,7,depart,15,3.0,3,1,2025_2,2,0,0,0,0,0,1,0,3.0,26.6,1.5,1,0,0
2025_08_29,신명아파트,7,depart,15,7.0,4,1,2025_2,2,0,0,0,0,0,0,0,3.0,27.6,5.9,1,0,0
2025_09_01,신명아파트,7,depart,15,10.0,0,2,2025_2,2,0,0,0,0,0,1,1,7.0,25.7,17.6,1,0,0
2025_09_02,신명아파트,7,depart,15,0.0,1,2,2025_2,2,0,0,0,0,0,0,0,10.0,24.3,0.0,0,0,0
2025_09_03,신명아파트,7,depart,15,0.0,2,2,2025_2,2,0,0,0,0,0,1,1,0.0,25.0,0.0,0,0,0
2025_09_05,신명아파트,7,depart,15,13.0,4,2,2025_2,2,0,0,0,0,0,1,0,0.0,26.1,0.3,0,0,0
2025_09_08,신명아파트,7,depart,15,5.0,0,3,2025_2,2,0,0,0,0,0,1,0,13.0,22.8,0.0,0,0,0
2025_09_09,신명아파트,7,depart,15,8.0,1,3,2025_2,2,0,0,0,0,0,1,0,5.0,23.0,0.7,1,0,0
2025_09_10,신명아파트,7,depart,15,10.0,2,3,2025_2,2,0,0,0,0,0,1,0,8.0,23.8,0.0,0,0,0
2025_09_11,신명아파트,7,depart,15,10.0,3,3,2025_2,2,0,0,0,0,0,1,0,10.0,23.4,0.0,0,0,0
2025_09_12,신명아파트,7,depart,15,7.0,4,3,2025_2,2,0,0,0,0,0,1,1,10.0,22.0,10.2,1,0,0
2026_03_04,신명아파트,7,depart,15,0.0,2,1,2026_1,1,0,0,0,0,0,1,0,7.0,5.0,0.0,0,0,0
2026_03_05,신명아파트,7,depart,15,9.0,3,1,2026_1,1,0,0,0,0,0,1,0,0.0,5.4,14.0,1,0,0
2026_03_06,신명아파트,7,depart,15,7.0,4,1,2026_1,1,0,0,0,0,0,0,0,9.0,1.0,1.6,1,1,0
2026_03_09,신명아파트,7,depart,15,6.0,0,2,2026_1,1,0,0,0,0,0,1,1,7.0,3.0,0.0,0,1,0
2026_03_10,신명아파트,7,depart,15,5.0,1,2,2026_1,1,0,0,0,0,0,1,1,6.0,2.2,0.0,0,1,0
2026_03_11,신명아파트,7,depart,15,6.0,2,2,2026_1,1,0,0,0,0,0,1,1,5.0,3.4,0.0,0,1,0
2026_03_12,신명아파트,7,depart,15,11.0,3,2,2026_1,1,0,0,0,0,0,1,0,6.0,4.9,0.0,0,1,0
2026_03_13,신명아파트,7,depart,15,0.0,4,2,2026_1,1,0,0,0,0,0,0,0,11.0,5.8,0.0,0,0,0
2026_03_16,신명아파트,7,depart,15,25.0,0,3,2026_1,1,0,0,0,0,0,1,0,0.0,5.8,0.0,0,0,0
2026_03_17,신명아파트,7,depart,15,6.0,1,3,2026_1,1,0,0,0,0,0,1,0,25.0,6.0,0.0,0,0,0
2026_03_23,신명아파트,7,depart,15,11.0,0,4,2026_1,1,0,0,0,0,0,1,0,6.0,9.6,0.0,0,0,0
2026_03_24,신명아파트,7,depart,15,20.0,1,4,2026_1,1,0,0,0,0,0,1,0,11.0,10.6,0.0,0,0,0
2026_03_25,신명아파트,7,depart,15,11.0,2,4,2026_1,1,0,0,0,0,0,1,0,20.0,12.0,0.0,0,0,0
2026_03_26,신명아파트,7,depart,15,0.0,3,4,2026_1,1,0,0,0,0,0,1,0,11.0,10.5,0.0,0,0,0
2026_03_27,신명아파트,7,depart,15,1.0,4,4,2026_1,1,0,0,0,0,0,1,1,0.0,11.0,0.1,0,0,0
2026_03_30,신명아파트,7,depart,15,6.0,0,5,2026_1,1,0,0,0,0,0,1,0,1.0,13.7,3.2,1,0,0
2026_03_31,신명아파트,7,depart,15,8.0,1,5,2026_1,1,0,0,0,0,0,1,0,6.0,13.6,9.5,1,0,0
2026_04_01,신명아파트,7,depart,15,0.0,2,5,2026_1,1,0,0,0,0,0,1,0,8.0,11.5,0.1,0,0,0
2026_04_02,신명아파트,7,depart,15,0.0,3,5,2026_1,1,0,0,0,0,0,0,0,0.0,9.6,0.0,0,0,0
2026_04_03,신명아파트,7,depart,15,0.0,4,5,2026_1,1,0,0,0,0,0,0,0,0.0,13.0,0.0,0,0,0
2026_04_06,신명아파트,7,depart,15,0.0,0,6,2026_1,1,0,0,0,1,0,0,0,0.0,9.1,5.5,1,0,0
2026_04_07,신명아파트,7,depart,15,4.0,1,6,2026_1,1,0,0,0,1,0,1,0,0.0,6.4,0.0,0,0,0
2026_04_08,신명아파트,7,depart,15,5.0,2,6,2026_1,1,0,0,0,1,0,1,1,4.0,7.4,0.0,0,0,0
2026_04_09,신명아파트,7,depart,15,0.0,3,6,2026_1,1,0,0,0,1,0,0,0,5.0,9.1,18.9,1,0,0
2026_04_10,신명아파트,7,depart,15,0.0,4,6,2026_1,1,0,0,0,1,0,1,0,0.0,9.8,5.8,1,0,0
2026_04_13,신명아파트,7,depart,15,4.0,0,7,2026_1,1,0,0,0,0,0,1,0,0.0,16.4,0.0,0,0,0
2026_04_14,신명아파트,7,depart,15,1.0,1,7,2026_1,1,0,0,0,0,0,1,1,4.0,19.0,0.0,0,0,0
2026_04_15,신명아파트,7,depart,15,7.0,2,7,2026_1,1,0,0,0,0,0,1,1,1.0,17.6,0.0,0,0,0
2026_04_16,신명아파트,7,depart,15,7.0,3,7,2026_1,1,1,1,0,0,0,1,0,7.0,17.8,0.0,0,0,0
2026_04_17,신명아파트,7,depart,15,5.0,4,7,2026_1,1,1,1,0,0,0,1,0,7.0,16.0,0.2,0,0,0
2026_04_20,신명아파트,7,depart,15,3.0,0,8,2026_1,1,1,1,0,0,0,1,0,5.0,12.2,0.7,1,0,0
2026_04_21,신명아파트,7,depart,15,5.0,1,8,2026_1,1,1,1,0,0,0,1,0,3.0,11.1,0.0,0,0,0
2026_04_22,신명아파트,7,depart,15,10.0,2,8,2026_1,1,1,1,0,0,0,1,0,5.0,13.4,0.0,0,0,0
2026_04_23,신명아파트,7,depart,15,0.0,3,8,2026_1,1,1,1,0,0,0,0,0,10.0,16.1,0.0,0,0,0
2026_04_24,신명아파트,7,depart,15,12.0,4,8,2026_1,1,1,1,0,0,0,1,0,0.0,17.2,0.0,0,0,0
2025_03_05,신명아파트,7,depart,16,9.0,2,1,2025_1,1,0,0,0,0,0,0,0,,3.5,0.2,0,1,0
2025_03_06,신명아파트,7,depart,16,28.0,3,1,2025_1,1,0,0,0,0,0,1,0,9.0,3.4,0.0,0,1,0
2025_03_07,신명아파트,7,depart,16,15.0,4,1,2025_1,1,0,0,0,0,0,0,0,28.0,2.8,0.0,0,1,0
2025_03_10,신명아파트,7,depart,16,8.0,0,2,2025_1,1,0,0,0,0,0,1,1,15.0,6.0,0.0,0,0,0
2025_03_12,신명아파트,7,depart,16,0.0,2,2,2025_1,1,0,0,0,0,0,1,1,8.0,7.3,0.1,0,0,0
2025_03_13,신명아파트,7,depart,16,13.0,3,2,2025_1,1,0,0,0,0,0,1,1,0.0,6.6,0.0,0,0,0
2025_03_14,신명아파트,7,depart,16,26.0,4,2,2025_1,1,0,0,0,0,0,1,1,13.0,10.4,0.0,0,0,0
2025_03_17,신명아파트,7,depart,16,13.0,0,3,2025_1,1,0,0,0,0,0,1,1,26.0,0.3,0.1,0,1,0
2025_03_18,신명아파트,7,depart,16,7.0,1,3,2025_1,1,0,0,0,0,0,1,0,13.0,0.7,4.5,1,1,0
2025_03_19,신명아파트,7,depart,16,18.0,2,3,2025_1,1,0,0,0,0,0,1,1,7.0,-0.8,0.0,0,1,0
2025_03_20,신명아파트,7,depart,16,24.0,3,3,2025_1,1,0,0,0,0,0,1,1,18.0,6.1,0.0,0,0,0
2025_03_21,신명아파트,7,depart,16,19.0,4,3,2025_1,1,0,0,0,0,0,1,0,24.0,9.6,0.0,0,0,0
2025_03_24,신명아파트,7,depart,16,1.0,0,4,2025_1,1,0,0,0,0,0,1,1,19.0,14.1,0.0,0,0,0
2025_03_25,신명아파트,7,depart,16,20.0,1,4,2025_1,1,0,0,0,0,0,1,0,1.0,13.2,0.0,0,0,0
2025_03_26,신명아파트,7,depart,16,35.0,2,4,2025_1,1,0,0,0,0,0,1,1,20.0,12.6,0.0,0,0,0
2025_03_27,신명아파트,7,depart,16,99.0,3,4,2025_1,1,0,0,0,0,0,1,1,35.0,12.6,1.0,1,0,0
2025_03_28,신명아파트,7,depart,16,33.0,4,4,2025_1,1,0,0,0,0,0,1,1,99.0,6.0,0.0,0,0,0
2025_03_31,신명아파트,7,depart,16,0.0,0,5,2025_1,1,0,0,0,0,0,1,1,33.0,5.2,0.0,0,0,0
2025_04_01,신명아파트,7,depart,16,8.0,1,5,2025_1,1,0,0,0,0,0,0,0,0.0,7.6,0.0,0,0,0
2025_04_02,신명아파트,7,depart,16,11.0,2,5,2025_1,1,0,0,0,0,0,1,1,8.0,7.6,0.6,1,0,0
2025_04_03,신명아파트,7,depart,16,13.0,3,5,2025_1,1,0,0,0,0,0,1,1,11.0,7.8,0.0,0,0,0
2025_04_04,신명아파트,7,depart,16,0.0,4,5,2025_1,1,0,0,0,0,0,1,0,13.0,9.0,0.0,0,0,0
2025_04_07,신명아파트,7,depart,16,8.0,0,6,2025_1,1,0,0,0,1,0,1,1,0.0,10.9,0.0,0,0,0
2025_04_08,신명아파트,7,depart,16,10.0,1,6,2025_1,1,0,0,0,1,0,1,0,8.0,11.1,3.3,1,0,0
2025_04_09,신명아파트,7,depart,16,1.0,2,6,2025_1,1,0,0,0,1,0,0,0,10.0,10.8,0.2,0,0,0
2025_04_10,신명아파트,7,depart,16,0.0,3,6,2025_1,1,0,0,0,1,0,0,0,1.0,11.0,0.0,0,0,0
2025_04_11,신명아파트,7,depart,16,7.0,4,6,2025_1,1,0,0,0,1,0,1,0,0.0,12.8,0.0,0,0,0
2025_04_14,신명아파트,7,depart,16,13.0,0,7,2025_1,1,0,0,0,0,0,1,0,7.0,4.6,8.8,1,1,0
2025_04_15,신명아파트,7,depart,16,8.0,1,7,2025_1,1,0,0,0,0,0,0,0,13.0,5.6,0.0,0,0,0
2025_04_16,신명아파트,7,depart,16,9.0,2,7,2025_1,1,1,1,0,0,0,1,1,8.0,12.2,1.4,1,0,0
2025_04_17,신명아파트,7,depart,16,0.0,3,7,2025_1,1,1,1,0,0,0,1,0,9.0,18.0,0.0,0,0,0
2025_04_18,신명아파트,7,depart,16,10.0,4,7,2025_1,1,1,1,0,0,0,1,0,0.0,16.8,0.0,0,0,0
2025_04_21,신명아파트,7,depart,16,3.0,0,8,2025_1,1,1,1,0,0,0,1,0,10.0,18.0,0.0,0,0,0
2025_04_22,신명아파트,7,depart,16,7.0,1,8,2025_1,1,1,1,0,0,0,1,0,3.0,16.2,25.2,1,0,0
2025_04_23,신명아파트,7,depart,16,20.0,2,8,2025_1,1,1,1,0,0,0,1,0,7.0,15.2,0.0,0,0,0
2025_04_24,신명아파트,7,depart,16,10.0,3,8,2025_1,1,1,1,0,0,0,1,0,20.0,12.3,0.0,0,0,0
2025_04_25,신명아파트,7,depart,16,11.0,4,8,2025_1,1,1,1,0,0,0,1,0,10.0,10.4,0.0,0,0,0
2025_04_28,신명아파트,7,depart,16,8.0,0,9,2025_1,1,1,1,0,0,0,0,0,11.0,12.4,0.0,0,0,0
2025_04_29,신명아파트,7,depart,16,12.0,1,9,2025_1,1,1,1,0,0,0,1,0,8.0,12.0,0.0,0,0,0
2025_04_30,신명아파트,7,depart,16,8.0,2,9,2025_1,1,1,1,0,0,0,1,1,12.0,16.2,0.0,0,0,0
2025_05_01,신명아파트,7,depart,16,11.0,3,9,2025_1,1,0,0,0,0,0,0,0,8.0,12.6,22.3,1,0,0
2025_05_02,신명아파트,7,depart,16,11.0,4,9,2025_1,1,0,0,0,0,0,1,0,11.0,12.1,0.0,0,0,0
2025_05_05,신명아파트,7,depart,16,2.0,0,10,2025_1,1,0,0,0,0,1,0,0,11.0,10.6,0.3,0,0,0
2025_05_06,신명아파트,7,depart,16,3.0,1,10,2025_1,1,0,0,0,0,1,0,0,2.0,12.5,0.0,0,0,0
2025_05_07,신명아파트,7,depart,16,0.0,2,10,2025_1,1,0,0,0,0,0,0,0,3.0,12.6,0.1,0,0,0
2025_05_08,신명아파트,7,depart,16,0.0,3,10,2025_1,1,0,0,0,0,0,1,1,0.0,15.4,0.0,0,0,0
2025_05_09,신명아파트,7,depart,16,13.0,4,10,2025_1,1,0,0,0,0,0,1,0,0.0,13.6,21.7,1,0,0
2025_05_12,신명아파트,7,depart,16,1.0,0,11,2025_1,1,0,0,0,0,0,1,1,13.0,15.0,0.0,0,0,0
2025_05_13,신명아파트,7,depart,16,0.0,1,11,2025_1,1,0,0,0,0,0,1,0,1.0,19.0,0.0,0,0,0
2025_05_14,신명아파트,7,depart,16,2.0,2,11,2025_1,1,0,0,0,0,0,1,0,0.0,20.4,0.1,0,0,0
2025_05_15,신명아파트,7,depart,16,0.0,3,11,2025_1,1,0,0,0,0,0,1,0,2.0,19.4,4.7,1,0,0
2025_05_16,신명아파트,7,depart,16,9.0,4,11,2025_1,1,0,0,0,0,0,1,0,0.0,20.0,16.3,1,0,0
2025_05_19,신명아파트,7,depart,16,3.0,0,12,2025_1,1,0,0,0,0,0,1,1,9.0,15.0,0.0,0,0,0
2025_05_20,신명아파트,7,depart,16,9.0,1,12,2025_1,1,0,0,0,0,0,1,0,3.0,21.3,0.2,0,0,0
2025_05_21,신명아파트,7,depart,16,4.0,2,12,2025_1,1,0,0,0,0,0,1,0,9.0,24.2,0.4,0,0,0
2025_05_22,신명아파트,7,depart,16,9.0,3,12,2025_1,1,0,0,0,0,0,1,0,4.0,22.7,2.6,1,0,0
2025_05_23,신명아파트,7,depart,16,4.0,4,12,2025_1,1,0,0,0,0,0,0,0,9.0,19.3,3.5,1,0,0
2025_05_26,신명아파트,7,depart,16,2.0,0,13,2025_1,1,0,0,0,1,0,1,1,4.0,18.7,0.0,0,0,0
2025_05_27,신명아파트,7,depart,16,0.0,1,13,2025_1,1,0,0,0,1,0,1,0,2.0,19.6,0.0,0,0,0
2025_05_28,신명아파트,7,depart,16,0.0,2,13,2025_1,1,0,0,0,1,0,0,0,0.0,19.5,0.6,1,0,0
2025_05_29,신명아파트,7,depart,16,0.0,3,13,2025_1,1,0,0,0,1,0,0,0,0.0,20.4,0.4,0,0,0
2025_05_30,신명아파트,7,depart,16,8.0,4,13,2025_1,1,0,0,0,1,0,1,0,0.0,21.7,0.0,0,0,0
2025_06_02,신명아파트,7,depart,16,7.0,0,14,2025_1,1,0,0,0,0,0,1,0,8.0,20.2,1.0,1,0,0
2025_06_03,신명아파트,7,depart,16,4.0,1,14,2025_1,1,0,0,0,0,0,0,0,7.0,20.2,0.2,0,0,0
2025_06_04,신명아파트,7,depart,16,7.0,2,14,2025_1,1,1,0,1,0,0,1,0,4.0,19.0,0.0,0,0,0
2025_06_05,신명아파트,7,depart,16,0.0,3,14,2025_1,1,1,0,1,0,0,1,1,7.0,20.0,0.0,0,0,0
2025_06_06,신명아파트,7,depart,16,3.0,4,14,2025_1,1,1,0,1,0,1,0,0,0.0,23.3,0.0,0,0,0
2025_06_09,신명아파트,7,depart,16,9.0,0,15,2025_1,1,1,0,1,0,0,1,0,3.0,24.5,0.2,0,0,0
2025_06_10,신명아파트,7,depart,16,2.0,1,15,2025_1,1,1,0,1,0,0,1,0,9.0,21.0,0.0,0,0,0
2025_06_11,신명아파트,7,depart,16,6.0,2,15,2025_1,1,1,0,1,0,0,0,0,2.0,21.2,0.0,0,0,0
2025_06_12,신명아파트,7,depart,16,11.0,3,15,2025_1,1,1,0,1,0,0,1,0,6.0,23.9,0.0,0,0,0
2025_06_13,신명아파트,7,depart,16,5.0,4,15,2025_1,1,1,0,1,0,0,1,0,11.0,23.2,3.8,1,0,0
2025_06_16,신명아파트,7,depart,16,7.0,0,16,2025_1,1,1,0,1,0,0,1,0,5.0,22.8,16.0,1,0,0
2025_06_17,신명아파트,7,depart,16,4.0,1,16,2025_1,1,1,0,1,0,0,0,0,7.0,23.0,0.4,0,0,0
2025_06_18,신명아파트,7,depart,16,3.0,2,16,2025_1,1,0,0,0,0,0,0,0,4.0,24.2,0.0,0,0,0
2025_06_19,신명아파트,7,depart,16,8.0,3,16,2025_1,1,0,0,0,0,0,0,0,3.0,26.2,0.3,0,0,0
2025_06_20,신명아파트,7,depart,16,7.0,4,16,2025_1,1,0,0,0,0,0,0,0,8.0,23.0,48.9,1,0,0
2025_06_23,신명아파트,7,depart,16,5.0,0,17,2025_1,1,0,0,0,0,0,0,0,7.0,23.3,0.0,0,0,0
2025_08_25,신명아파트,7,depart,16,7.0,0,1,2025_2,2,0,0,0,0,0,0,0,5.0,28.0,21.8,1,0,0
2025_08_26,신명아파트,7,depart,16,6.0,1,1,2025_2,2,0,0,0,0,0,0,0,7.0,26.1,22.2,1,0,0
2025_08_27,신명아파트,7,depart,16,12.0,2,1,2025_2,2,0,0,0,0,0,1,0,6.0,25.9,0.1,0,0,0
2025_08_28,신명아파트,7,depart,16,7.0,3,1,2025_2,2,0,0,0,0,0,1,0,12.0,26.6,1.5,1,0,0
2025_08_29,신명아파트,7,depart,16,5.0,4,1,2025_2,2,0,0,0,0,0,0,0,7.0,27.6,5.9,1,0,0
2025_09_01,신명아파트,7,depart,16,11.0,0,2,2025_2,2,0,0,0,0,0,1,1,5.0,25.7,17.6,1,0,0
2025_09_02,신명아파트,7,depart,16,4.0,1,2,2025_2,2,0,0,0,0,0,1,0,11.0,24.3,0.0,0,0,0
2025_09_03,신명아파트,7,depart,16,0.0,2,2,2025_2,2,0,0,0,0,0,1,1,4.0,25.0,0.0,0,0,0
2025_09_05,신명아파트,7,depart,16,11.0,4,2,2025_2,2,0,0,0,0,0,1,0,0.0,26.1,0.3,0,0,0
2025_09_08,신명아파트,7,depart,16,8.0,0,3,2025_2,2,0,0,0,0,0,1,1,11.0,22.8,0.0,0,0,0
2025_09_09,신명아파트,7,depart,16,6.0,1,3,2025_2,2,0,0,0,0,0,1,0,8.0,23.0,0.7,1,0,0
2025_09_10,신명아파트,7,depart,16,5.0,2,3,2025_2,2,0,0,0,0,0,1,1,6.0,23.8,0.0,0,0,0
2025_09_11,신명아파트,7,depart,16,6.0,3,3,2025_2,2,0,0,0,0,0,1,0,5.0,23.4,0.0,0,0,0
2025_09_12,신명아파트,7,depart,16,16.0,4,3,2025_2,2,0,0,0,0,0,1,0,6.0,22.0,10.2,1,0,0
2026_03_04,신명아파트,7,depart,16,4.0,2,1,2026_1,1,0,0,0,0,0,1,1,16.0,5.0,0.0,0,0,0
2026_03_05,신명아파트,7,depart,16,19.0,3,1,2026_1,1,0,0,0,0,0,1,0,4.0,5.4,14.0,1,0,0
2026_03_06,신명아파트,7,depart,16,4.0,4,1,2026_1,1,0,0,0,0,0,0,0,19.0,1.0,1.6,1,1,0
2026_03_09,신명아파트,7,depart,16,9.0,0,2,2026_1,1,0,0,0,0,0,1,0,4.0,3.0,0.0,0,1,0
2026_03_10,신명아파트,7,depart,16,10.0,1,2,2026_1,1,0,0,0,0,0,1,1,9.0,2.2,0.0,0,1,0
2026_03_11,신명아파트,7,depart,16,5.0,2,2,2026_1,1,0,0,0,0,0,1,0,10.0,3.4,0.0,0,1,0
2026_03_12,신명아파트,7,depart,16,3.0,3,2,2026_1,1,0,0,0,0,0,1,1,5.0,4.9,0.0,0,1,0
2026_03_13,신명아파트,7,depart,16,2.0,4,2,2026_1,1,0,0,0,0,0,1,1,3.0,5.8,0.0,0,0,0
2026_03_16,신명아파트,7,depart,16,1.0,0,3,2026_1,1,0,0,0,0,0,1,1,2.0,5.8,0.0,0,0,0
2026_03_17,신명아파트,7,depart,16,0.0,1,3,2026_1,1,0,0,0,0,0,0,0,1.0,6.0,0.0,0,0,0
2026_03_23,신명아파트,7,depart,16,0.0,0,4,2026_1,1,0,0,0,0,0,0,0,0.0,9.6,0.0,0,0,0
2026_03_24,신명아파트,7,depart,16,0.0,1,4,2026_1,1,0,0,0,0,0,0,0,0.0,10.6,0.0,0,0,0
2026_03_25,신명아파트,7,depart,16,0.0,2,4,2026_1,1,0,0,0,0,0,1,1,0.0,12.0,0.0,0,0,0
2026_03_26,신명아파트,7,depart,16,0.0,3,4,2026_1,1,0,0,0,0,0,1,0,0.0,10.5,0.0,0,0,0
2026_03_27,신명아파트,7,depart,16,9.0,4,4,2026_1,1,0,0,0,0,0,1,0,0.0,11.0,0.1,0,0,0
2026_03_30,신명아파트,7,depart,16,3.0,0,5,2026_1,1,0,0,0,0,0,1,0,9.0,13.7,3.2,1,0,0
2026_03_31,신명아파트,7,depart,16,0.0,1,5,2026_1,1,0,0,0,0,0,1,1,3.0,13.6,9.5,1,0,0
2026_04_01,신명아파트,7,depart,16,0.0,2,5,2026_1,1,0,0,0,0,0,0,0,0.0,11.5,0.1,0,0,0
2026_04_02,신명아파트,7,depart,16,0.0,3,5,2026_1,1,0,0,0,0,0,0,0,0.0,9.6,0.0,0,0,0
2026_04_03,신명아파트,7,depart,16,1.0,4,5,2026_1,1,0,0,0,0,0,1,1,0.0,13.0,0.0,0,0,0
2026_04_06,신명아파트,7,depart,16,1.0,0,6,2026_1,1,0,0,0,1,0,1,0,1.0,9.1,5.5,1,0,0
2026_04_07,신명아파트,7,depart,16,2.0,1,6,2026_1,1,0,0,0,1,0,1,1,1.0,6.4,0.0,0,0,0
2026_04_08,신명아파트,7,depart,16,12.0,2,6,2026_1,1,0,0,0,1,0,1,0,2.0,7.4,0.0,0,0,0
2026_04_09,신명아파트,7,depart,16,0.0,3,6,2026_1,1,0,0,0,1,0,0,0,12.0,9.1,18.9,1,0,0
2026_04_10,신명아파트,7,depart,16,7.0,4,6,2026_1,1,0,0,0,1,0,1,0,0.0,9.8,5.8,1,0,0
2026_04_13,신명아파트,7,depart,16,5.0,0,7,2026_1,1,0,0,0,0,0,1,0,7.0,16.4,0.0,0,0,0
2026_04_14,신명아파트,7,depart,16,5.0,1,7,2026_1,1,0,0,0,0,0,1,0,5.0,19.0,0.0,0,0,0
2026_04_15,신명아파트,7,depart,16,0.0,2,7,2026_1,1,0,0,0,0,0,0,0,5.0,17.6,0.0,0,0,0
2026_04_16,신명아파트,7,depart,16,0.0,3,7,2026_1,1,1,1,0,0,0,1,0,0.0,17.8,0.0,0,0,0
2026_04_17,신명아파트,7,depart,16,13.0,4,7,2026_1,1,1,1,0,0,0,1,0,0.0,16.0,0.2,0,0,0
2026_04_20,신명아파트,7,depart,16,8.0,0,8,2026_1,1,1,1,0,0,0,1,0,13.0,12.2,0.7,1,0,0
2026_04_21,신명아파트,7,depart,16,3.0,1,8,2026_1,1,1,1,0,0,0,1,0,8.0,11.1,0.0,0,0,0
2026_04_22,신명아파트,7,depart,16,5.0,2,8,2026_1,1,1,1,0,0,0,1,0,3.0,13.4,0.0,0,0,0
2026_04_23,신명아파트,7,depart,16,0.0,3,8,2026_1,1,1,1,0,0,0,0,0,5.0,16.1,0.0,0,0,0
2026_04_24,신명아파트,7,depart,16,17.0,4,8,2026_1,1,1,1,0,0,0,1,0,0.0,17.2,0.0,0,0,0
2025_03_05,신명아파트,7,depart,17,5.0,2,1,2025_1,1,0,0,0,0,0,0,0,,3.5,0.2,0,1,0
2025_03_06,신명아파트,7,depart,17,20.0,3,1,2025_1,1,0,0,0,0,0,1,0,5.0,3.4,0.0,0,1,0
2025_03_07,신명아파트,7,depart,17,4.0,4,1,2025_1,1,0,0,0,0,0,0,0,20.0,2.8,0.0,0,1,0
2025_03_10,신명아파트,7,depart,17,27.0,0,2,2025_1,1,0,0,0,0,0,1,1,4.0,6.0,0.0,0,0,0
2025_03_12,신명아파트,7,depart,17,45.0,2,2,2025_1,1,0,0,0,0,0,1,1,27.0,7.3,0.1,0,0,0
2025_03_13,신명아파트,7,depart,17,36.0,3,2,2025_1,1,0,0,0,0,0,1,1,45.0,6.6,0.0,0,0,0
2025_03_14,신명아파트,7,depart,17,33.0,4,2,2025_1,1,0,0,0,0,0,1,1,36.0,10.4,0.0,0,0,0
2025_03_17,신명아파트,7,depart,17,17.0,0,3,2025_1,1,0,0,0,0,0,1,0,33.0,0.3,0.1,0,1,0
2025_03_18,신명아파트,7,depart,17,14.0,1,3,2025_1,1,0,0,0,0,0,1,1,17.0,0.7,4.5,1,1,0
2025_03_19,신명아파트,7,depart,17,34.0,2,3,2025_1,1,0,0,0,0,0,1,1,14.0,-0.8,0.0,0,1,0
2025_03_20,신명아파트,7,depart,17,7.0,3,3,2025_1,1,0,0,0,0,0,1,1,34.0,6.1,0.0,0,0,0
2025_03_21,신명아파트,7,depart,17,5.0,4,3,2025_1,1,0,0,0,0,0,1,1,7.0,9.6,0.0,0,0,0
2025_03_24,신명아파트,7,depart,17,27.0,0,4,2025_1,1,0,0,0,0,0,1,1,5.0,14.1,0.0,0,0,0
2025_03_25,신명아파트,7,depart,17,22.0,1,4,2025_1,1,0,0,0,0,0,1,1,27.0,13.2,0.0,0,0,0
2025_03_26,신명아파트,7,depart,17,27.0,2,4,2025_1,1,0,0,0,0,0,1,1,22.0,12.6,0.0,0,0,0
2025_03_27,신명아파트,7,depart,17,0.0,3,4,2025_1,1,0,0,0,0,0,1,1,27.0,12.6,1.0,1,0,0
2025_03_28,신명아파트,7,depart,17,21.0,4,4,2025_1,1,0,0,0,0,0,1,1,0.0,6.0,0.0,0,0,0
2025_03_31,신명아파트,7,depart,17,23.0,0,5,2025_1,1,0,0,0,0,0,1,1,21.0,5.2,0.0,0,0,0
2025_04_01,신명아파트,7,depart,17,13.0,1,5,2025_1,1,0,0,0,0,0,1,0,23.0,7.6,0.0,0,0,0
2025_04_02,신명아파트,7,depart,17,14.0,2,5,2025_1,1,0,0,0,0,0,1,0,13.0,7.6,0.6,1,0,0
2025_04_03,신명아파트,7,depart,17,14.0,3,5,2025_1,1,0,0,0,0,0,1,0,14.0,7.8,0.0,0,0,0
2025_04_04,신명아파트,7,depart,17,21.0,4,5,2025_1,1,0,0,0,0,0,1,1,14.0,9.0,0.0,0,0,0
2025_04_07,신명아파트,7,depart,17,6.0,0,6,2025_1,1,0,0,0,1,0,1,0,21.0,10.9,0.0,0,0,0
2025_04_08,신명아파트,7,depart,17,9.0,1,6,2025_1,1,0,0,0,1,0,1,0,6.0,11.1,3.3,1,0,0
2025_04_09,신명아파트,7,depart,17,4.0,2,6,2025_1,1,0,0,0,1,0,1,1,9.0,10.8,0.2,0,0,0
2025_04_10,신명아파트,7,depart,17,0.0,3,6,2025_1,1,0,0,0,1,0,0,0,4.0,11.0,0.0,0,0,0
2025_04_11,신명아파트,7,depart,17,12.0,4,6,2025_1,1,0,0,0,1,0,1,0,0.0,12.8,0.0,0,0,0
2025_04_14,신명아파트,7,depart,17,5.0,0,7,2025_1,1,0,0,0,0,0,0,0,12.0,4.6,8.8,1,1,0
2025_04_15,신명아파트,7,depart,17,6.0,1,7,2025_1,1,0,0,0,0,0,1,0,5.0,5.6,0.0,0,0,0
2025_04_16,신명아파트,7,depart,17,15.0,2,7,2025_1,1,1,1,0,0,0,1,1,6.0,12.2,1.4,1,0,0
2025_04_17,신명아파트,7,depart,17,0.0,3,7,2025_1,1,1,1,0,0,0,1,0,15.0,18.0,0.0,0,0,0
2025_04_18,신명아파트,7,depart,17,12.0,4,7,2025_1,1,1,1,0,0,0,1,0,0.0,16.8,0.0,0,0,0
2025_04_21,신명아파트,7,depart,17,0.0,0,8,2025_1,1,1,1,0,0,0,0,0,12.0,18.0,0.0,0,0,0
2025_04_22,신명아파트,7,depart,17,3.0,1,8,2025_1,1,1,1,0,0,0,0,0,0.0,16.2,25.2,1,0,0
2025_04_23,신명아파트,7,depart,17,4.0,2,8,2025_1,1,1,1,0,0,0,0,0,3.0,15.2,0.0,0,0,0
2025_04_24,신명아파트,7,depart,17,5.0,3,8,2025_1,1,1,1,0,0,0,0,0,4.0,12.3,0.0,0,0,0
2025_04_25,신명아파트,7,depart,17,5.0,4,8,2025_1,1,1,1,0,0,0,0,0,5.0,10.4,0.0,0,0,0
2025_04_28,신명아파트,7,depart,17,5.0,0,9,2025_1,1,1,1,0,0,0,0,0,5.0,12.4,0.0,0,0,0
2025_04_29,신명아파트,7,depart,17,3.0,1,9,2025_1,1,1,1,0,0,0,0,0,5.0,12.0,0.0,0,0,0
2025_04_30,신명아파트,7,depart,17,2.0,2,9,2025_1,1,1,1,0,0,0,1,1,3.0,16.2,0.0,0,0,0
2025_05_01,신명아파트,7,depart,17,6.0,3,9,2025_1,1,0,0,0,0,0,0,0,2.0,12.6,22.3,1,0,0
2025_05_02,신명아파트,7,depart,17,17.0,4,9,2025_1,1,0,0,0,0,0,1,1,6.0,12.1,0.0,0,0,0
2025_05_05,신명아파트,7,depart,17,2.0,0,10,2025_1,1,0,0,0,0,1,0,0,17.0,10.6,0.3,0,0,0
2025_05_06,신명아파트,7,depart,17,0.0,1,10,2025_1,1,0,0,0,0,1,0,0,2.0,12.5,0.0,0,0,0
2025_05_07,신명아파트,7,depart,17,0.0,2,10,2025_1,1,0,0,0,0,0,1,0,0.0,12.6,0.1,0,0,0
2025_05_08,신명아파트,7,depart,17,0.0,3,10,2025_1,1,0,0,0,0,0,1,1,0.0,15.4,0.0,0,0,0
2025_05_09,신명아파트,7,depart,17,11.0,4,10,2025_1,1,0,0,0,0,0,1,0,0.0,13.6,21.7,1,0,0
2025_05_12,신명아파트,7,depart,17,6.0,0,11,2025_1,1,0,0,0,0,0,1,0,11.0,15.0,0.0,0,0,0
2025_05_13,신명아파트,7,depart,17,7.0,1,11,2025_1,1,0,0,0,0,0,1,0,6.0,19.0,0.0,0,0,0
2025_05_14,신명아파트,7,depart,17,9.0,2,11,2025_1,1,0,0,0,0,0,1,0,7.0,20.4,0.1,0,0,0
2025_05_15,신명아파트,7,depart,17,0.0,3,11,2025_1,1,0,0,0,0,0,1,0,9.0,19.4,4.7,1,0,0
2025_05_16,신명아파트,7,depart,17,14.0,4,11,2025_1,1,0,0,0,0,0,1,0,0.0,20.0,16.3,1,0,0
2025_05_19,신명아파트,7,depart,17,0.0,0,12,2025_1,1,0,0,0,0,0,1,0,14.0,15.0,0.0,0,0,0
2025_05_20,신명아파트,7,depart,17,8.0,1,12,2025_1,1,0,0,0,0,0,1,0,0.0,21.3,0.2,0,0,0
2025_05_21,신명아파트,7,depart,17,11.0,2,12,2025_1,1,0,0,0,0,0,1,1,8.0,24.2,0.4,0,0,0
2025_05_22,신명아파트,7,depart,17,5.0,3,12,2025_1,1,0,0,0,0,0,0,0,11.0,22.7,2.6,1,0,0
2025_05_23,신명아파트,7,depart,17,3.0,4,12,2025_1,1,0,0,0,0,0,0,0,5.0,19.3,3.5,1,0,0
2025_05_26,신명아파트,7,depart,17,5.0,0,13,2025_1,1,0,0,0,1,0,1,0,3.0,18.7,0.0,0,0,0
2025_05_27,신명아파트,7,depart,17,3.0,1,13,2025_1,1,0,0,0,1,0,1,0,5.0,19.6,0.0,0,0,0
2025_05_28,신명아파트,7,depart,17,8.0,2,13,2025_1,1,0,0,0,1,0,1,0,3.0,19.5,0.6,1,0,0
2025_05_29,신명아파트,7,depart,17,0.0,3,13,2025_1,1,0,0,0,1,0,1,1,8.0,20.4,0.4,0,0,0
2025_05_30,신명아파트,7,depart,17,2.0,4,13,2025_1,1,0,0,0,1,0,1,0,0.0,21.7,0.0,0,0,0
2025_06_02,신명아파트,7,depart,17,8.0,0,14,2025_1,1,0,0,0,0,0,1,0,2.0,20.2,1.0,1,0,0
2025_06_03,신명아파트,7,depart,17,4.0,1,14,2025_1,1,0,0,0,0,0,0,0,8.0,20.2,0.2,0,0,0
2025_06_04,신명아파트,7,depart,17,14.0,2,14,2025_1,1,1,0,1,0,0,1,0,4.0,19.0,0.0,0,0,0
2025_06_05,신명아파트,7,depart,17,0.0,3,14,2025_1,1,1,0,1,0,0,1,0,14.0,20.0,0.0,0,0,0
2025_06_06,신명아파트,7,depart,17,8.0,4,14,2025_1,1,1,0,1,0,1,0,0,0.0,23.3,0.0,0,0,0
2025_06_09,신명아파트,7,depart,17,5.0,0,15,2025_1,1,1,0,1,0,0,1,0,8.0,24.5,0.2,0,0,0
2025_06_10,신명아파트,7,depart,17,3.0,1,15,2025_1,1,1,0,1,0,0,0,0,5.0,21.0,0.0,0,0,0
2025_06_11,신명아파트,7,depart,17,1.0,2,15,2025_1,1,1,0,1,0,0,0,0,3.0,21.2,0.0,0,0,0
2025_06_12,신명아파트,7,depart,17,4.0,3,15,2025_1,1,1,0,1,0,0,0,0,1.0,23.9,0.0,0,0,0
2025_06_13,신명아파트,7,depart,17,7.0,4,15,2025_1,1,1,0,1,0,0,0,0,4.0,23.2,3.8,1,0,0
2025_06_16,신명아파트,7,depart,17,6.0,0,16,2025_1,1,1,0,1,0,0,0,0,7.0,22.8,16.0,1,0,0
2025_06_17,신명아파트,7,depart,17,3.0,1,16,2025_1,1,1,0,1,0,0,0,0,6.0,23.0,0.4,0,0,0
2025_06_18,신명아파트,7,depart,17,3.0,2,16,2025_1,1,0,0,0,0,0,0,0,3.0,24.2,0.0,0,0,0
2025_06_19,신명아파트,7,depart,17,3.0,3,16,2025_1,1,0,0,0,0,0,0,0,3.0,26.2,0.3,0,0,0
2025_06_20,신명아파트,7,depart,17,4.0,4,16,2025_1,1,0,0,0,0,0,0,0,3.0,23.0,48.9,1,0,0
2025_06_23,신명아파트,7,depart,17,0.0,0,17,2025_1,1,0,0,0,0,0,0,0,4.0,23.3,0.0,0,0,0
2025_08_25,신명아파트,7,depart,17,2.0,0,1,2025_2,2,0,0,0,0,0,0,0,0.0,28.0,21.8,1,0,0
2025_08_26,신명아파트,7,depart,17,3.0,1,1,2025_2,2,0,0,0,0,0,0,0,2.0,26.1,22.2,1,0,0
2025_08_27,신명아파트,7,depart,17,7.0,2,1,2025_2,2,0,0,0,0,0,0,0,3.0,25.9,0.1,0,0,0
2025_08_28,신명아파트,7,depart,17,9.0,3,1,2025_2,2,0,0,0,0,0,0,0,7.0,26.6,1.5,1,0,0
2025_08_29,신명아파트,7,depart,17,5.0,4,1,2025_2,2,0,0,0,0,0,0,0,9.0,27.6,5.9,1,0,0
2025_09_01,신명아파트,7,depart,17,6.0,0,2,2025_2,2,0,0,0,0,0,0,0,5.0,25.7,17.6,1,0,0
2025_09_02,신명아파트,7,depart,17,3.0,1,2,2025_2,2,0,0,0,0,0,1,0,6.0,24.3,0.0,0,0,0
2025_09_03,신명아파트,7,depart,17,7.0,2,2,2025_2,2,0,0,0,0,0,1,0,3.0,25.0,0.0,0,0,0
2025_09_05,신명아파트,7,depart,17,11.0,4,2,2025_2,2,0,0,0,0,0,0,0,7.0,26.1,0.3,0,0,0
2025_09_08,신명아파트,7,depart,17,9.0,0,3,2025_2,2,0,0,0,0,0,1,0,11.0,22.8,0.0,0,0,0
2025_09_09,신명아파트,7,depart,17,2.0,1,3,2025_2,2,0,0,0,0,0,0,0,9.0,23.0,0.7,1,0,0
2025_09_10,신명아파트,7,depart,17,4.0,2,3,2025_2,2,0,0,0,0,0,0,0,2.0,23.8,0.0,0,0,0
2025_09_11,신명아파트,7,depart,17,4.0,3,3,2025_2,2,0,0,0,0,0,1,0,4.0,23.4,0.0,0,0,0
2025_09_12,신명아파트,7,depart,17,5.0,4,3,2025_2,2,0,0,0,0,0,0,0,4.0,22.0,10.2,1,0,0
2026_03_04,신명아파트,7,depart,17,1.0,2,1,2026_1,1,0,0,0,0,0,0,0,5.0,5.0,0.0,0,0,0
2026_03_05,신명아파트,7,depart,17,12.0,3,1,2026_1,1,0,0,0,0,0,0,0,1.0,5.4,14.0,1,0,0
2026_03_06,신명아파트,7,depart,17,4.0,4,1,2026_1,1,0,0,0,0,0,0,0,12.0,1.0,1.6,1,1,0
2026_03_09,신명아파트,7,depart,17,3.0,0,2,2026_1,1,0,0,0,0,0,0,0,4.0,3.0,0.0,0,1,0
2026_03_10,신명아파트,7,depart,17,7.0,1,2,2026_1,1,0,0,0,0,0,0,0,3.0,2.2,0.0,0,1,0
2026_03_11,신명아파트,7,depart,17,12.0,2,2,2026_1,1,0,0,0,0,0,1,0,7.0,3.4,0.0,0,1,0
2026_03_12,신명아파트,7,depart,17,15.0,3,2,2026_1,1,0,0,0,0,0,1,1,12.0,4.9,0.0,0,1,0
2026_03_13,신명아파트,7,depart,17,5.0,4,2,2026_1,1,0,0,0,0,0,1,0,15.0,5.8,0.0,0,0,0
2026_03_16,신명아파트,7,depart,17,5.0,0,3,2026_1,1,0,0,0,0,0,1,1,5.0,5.8,0.0,0,0,0
2026_03_17,신명아파트,7,depart,17,22.0,1,3,2026_1,1,0,0,0,0,0,1,1,5.0,6.0,0.0,0,0,0
2026_03_23,신명아파트,7,depart,17,0.0,0,4,2026_1,1,0,0,0,0,0,1,0,22.0,9.6,0.0,0,0,0
2026_03_24,신명아파트,7,depart,17,0.0,1,4,2026_1,1,0,0,0,0,0,1,0,0.0,10.6,0.0,0,0,0
2026_03_25,신명아파트,7,depart,17,11.0,2,4,2026_1,1,0,0,0,0,0,1,0,0.0,12.0,0.0,0,0,0
2026_03_26,신명아파트,7,depart,17,2.0,3,4,2026_1,1,0,0,0,0,0,1,0,11.0,10.5,0.0,0,0,0
2026_03_27,신명아파트,7,depart,17,8.0,4,4,2026_1,1,0,0,0,0,0,0,0,2.0,11.0,0.1,0,0,0
2026_03_30,신명아파트,7,depart,17,4.0,0,5,2026_1,1,0,0,0,0,0,0,0,8.0,13.7,3.2,1,0,0
2026_03_31,신명아파트,7,depart,17,5.0,1,5,2026_1,1,0,0,0,0,0,1,0,4.0,13.6,9.5,1,0,0
2026_04_01,신명아파트,7,depart,17,7.0,2,5,2026_1,1,0,0,0,0,0,1,1,5.0,11.5,0.1,0,0,0
2026_04_02,신명아파트,7,depart,17,0.0,3,5,2026_1,1,0,0,0,0,0,1,0,7.0,9.6,0.0,0,0,0
2026_04_03,신명아파트,7,depart,17,10.0,4,5,2026_1,1,0,0,0,0,0,1,0,0.0,13.0,0.0,0,0,0
2026_04_06,신명아파트,7,depart,17,3.0,0,6,2026_1,1,0,0,0,1,0,1,0,10.0,9.1,5.5,1,0,0
2026_04_07,신명아파트,7,depart,17,0.0,1,6,2026_1,1,0,0,0,1,0,0,0,3.0,6.4,0.0,0,0,0
2026_04_08,신명아파트,7,depart,17,7.0,2,6,2026_1,1,0,0,0,1,0,1,1,0.0,7.4,0.0,0,0,0
2026_04_09,신명아파트,7,depart,17,0.0,3,6,2026_1,1,0,0,0,1,0,1,1,7.0,9.1,18.9,1,0,0
2026_04_10,신명아파트,7,depart,17,6.0,4,6,2026_1,1,0,0,0,1,0,0,0,0.0,9.8,5.8,1,0,0
2026_04_13,신명아파트,7,depart,17,10.0,0,7,2026_1,1,0,0,0,0,0,1,0,6.0,16.4,0.0,0,0,0
2026_04_14,신명아파트,7,depart,17,0.0,1,7,2026_1,1,0,0,0,0,0,1,1,10.0,19.0,0.0,0,0,0
2026_04_15,신명아파트,7,depart,17,3.0,2,7,2026_1,1,0,0,0,0,0,1,0,0.0,17.6,0.0,0,0,0
2026_04_16,신명아파트,7,depart,17,2.0,3,7,2026_1,1,1,1,0,0,0,0,0,3.0,17.8,0.0,0,0,0
2026_04_17,신명아파트,7,depart,17,9.0,4,7,2026_1,1,1,1,0,0,0,0,0,2.0,16.0,0.2,0,0,0
2026_04_20,신명아파트,7,depart,17,2.0,0,8,2026_1,1,1,1,0,0,0,0,0,9.0,12.2,0.7,1,0,0
2026_04_21,신명아파트,7,depart,17,5.0,1,8,2026_1,1,1,1,0,0,0,1,0,2.0,11.1,0.0,0,0,0
2026_04_22,신명아파트,7,depart,17,4.0,2,8,2026_1,1,1,1,0,0,0,1,0,5.0,13.4,0.0,0,0,0
2026_04_23,신명아파트,7,depart,17,2.0,3,8,2026_1,1,1,1,0,0,0,0,0,4.0,16.1,0.0,0,0,0
2026_04_24,신명아파트,7,depart,17,2.0,4,8,2026_1,1,1,1,0,0,0,0,0,2.0,17.2,0.0,0,0,0
2025_03_05,신명아파트,7,depart,18,7.0,2,1,2025_1,1,0,0,0,0,0,0,0,,3.5,0.2,0,1,0
2025_03_06,신명아파트,7,depart,18,5.0,3,1,2025_1,1,0,0,0,0,0,0,0,7.0,3.4,0.0,0,1,0
2025_03_07,신명아파트,7,depart,18,2.0,4,1,2025_1,1,0,0,0,0,0,0,0,5.0,2.8,0.0,0,1,0
2025_03_10,신명아파트,7,depart,18,9.0,0,2,2025_1,1,0,0,0,0,0,1,0,2.0,6.0,0.0,0,0,0
2025_03_12,신명아파트,7,depart,18,17.0,2,2,2025_1,1,0,0,0,0,0,0,0,9.0,7.3,0.1,0,0,0
2025_03_13,신명아파트,7,depart,18,18.0,3,2,2025_1,1,0,0,0,0,0,0,0,17.0,6.6,0.0,0,0,0
2025_03_14,신명아파트,7,depart,18,18.0,4,2,2025_1,1,0,0,0,0,0,1,0,18.0,10.4,0.0,0,0,0
2025_03_17,신명아파트,7,depart,18,33.0,0,3,2025_1,1,0,0,0,0,0,1,1,18.0,0.3,0.1,0,1,0
2025_03_18,신명아파트,7,depart,18,17.0,1,3,2025_1,1,0,0,0,0,0,1,0,33.0,0.7,4.5,1,1,0
2025_03_19,신명아파트,7,depart,18,9.0,2,3,2025_1,1,0,0,0,0,0,0,0,17.0,-0.8,0.0,0,1,0
2025_03_20,신명아파트,7,depart,18,26.0,3,3,2025_1,1,0,0,0,0,0,1,0,9.0,6.1,0.0,0,0,0
2025_03_21,신명아파트,7,depart,18,11.0,4,3,2025_1,1,0,0,0,0,0,0,0,26.0,9.6,0.0,0,0,0
2025_03_24,신명아파트,7,depart,18,8.0,0,4,2025_1,1,0,0,0,0,0,0,0,11.0,14.1,0.0,0,0,0
2025_03_25,신명아파트,7,depart,18,11.0,1,4,2025_1,1,0,0,0,0,0,1,0,8.0,13.2,0.0,0,0,0
2025_03_26,신명아파트,7,depart,18,7.0,2,4,2025_1,1,0,0,0,0,0,0,0,11.0,12.6,0.0,0,0,0
2025_03_27,신명아파트,7,depart,18,30.0,3,4,2025_1,1,0,0,0,0,0,1,0,7.0,12.6,1.0,1,0,0
2025_03_28,신명아파트,7,depart,18,12.0,4,4,2025_1,1,0,0,0,0,0,0,0,30.0,6.0,0.0,0,0,0
2025_03_31,신명아파트,7,depart,18,15.0,0,5,2025_1,1,0,0,0,0,0,1,0,12.0,5.2,0.0,0,0,0
2025_04_01,신명아파트,7,depart,18,5.0,1,5,2025_1,1,0,0,0,0,0,0,0,15.0,7.6,0.0,0,0,0
2025_04_02,신명아파트,7,depart,18,3.0,2,5,2025_1,1,0,0,0,0,0,0,0,5.0,7.6,0.6,1,0,0
2025_04_03,신명아파트,7,depart,18,16.0,3,5,2025_1,1,0,0,0,0,0,0,0,3.0,7.8,0.0,0,0,0
2025_04_04,신명아파트,7,depart,18,5.0,4,5,2025_1,1,0,0,0,0,0,0,0,16.0,9.0,0.0,0,0,0
2025_04_07,신명아파트,7,depart,18,4.0,0,6,2025_1,1,0,0,0,1,0,0,0,5.0,10.9,0.0,0,0,0
2025_04_08,신명아파트,7,depart,18,9.0,1,6,2025_1,1,0,0,0,1,0,0,0,4.0,11.1,3.3,1,0,0
2025_04_09,신명아파트,7,depart,18,7.0,2,6,2025_1,1,0,0,0,1,0,0,0,9.0,10.8,0.2,0,0,0
2025_04_10,신명아파트,7,depart,18,15.0,3,6,2025_1,1,0,0,0,1,0,1,0,7.0,11.0,0.0,0,0,0
2025_04_11,신명아파트,7,depart,18,3.0,4,6,2025_1,1,0,0,0,1,0,0,0,15.0,12.8,0.0,0,0,0
2025_04_14,신명아파트,7,depart,18,1.0,0,7,2025_1,1,0,0,0,0,0,0,0,3.0,4.6,8.8,1,1,0
2025_04_15,신명아파트,7,depart,18,8.0,1,7,2025_1,1,0,0,0,0,0,0,0,1.0,5.6,0.0,0,0,0
2025_04_16,신명아파트,7,depart,18,6.0,2,7,2025_1,1,1,1,0,0,0,0,0,8.0,12.2,1.4,1,0,0
2025_04_17,신명아파트,7,depart,18,11.0,3,7,2025_1,1,1,1,0,0,0,1,0,6.0,18.0,0.0,0,0,0
2025_04_18,신명아파트,7,depart,18,5.0,4,7,2025_1,1,1,1,0,0,0,0,0,11.0,16.8,0.0,0,0,0
2025_04_21,신명아파트,7,depart,18,5.0,0,8,2025_1,1,1,1,0,0,0,0,0,5.0,18.0,0.0,0,0,0
2025_04_22,신명아파트,7,depart,18,3.0,1,8,2025_1,1,1,1,0,0,0,0,0,5.0,16.2,25.2,1,0,0
2025_04_23,신명아파트,7,depart,18,3.0,2,8,2025_1,1,1,1,0,0,0,0,0,3.0,15.2,0.0,0,0,0
2025_04_24,신명아파트,7,depart,18,1.0,3,8,2025_1,1,1,1,0,0,0,0,0,3.0,12.3,0.0,0,0,0
2025_04_25,신명아파트,7,depart,18,2.0,4,8,2025_1,1,1,1,0,0,0,0,0,1.0,10.4,0.0,0,0,0
2025_04_28,신명아파트,7,depart,18,4.0,0,9,2025_1,1,1,1,0,0,0,0,0,2.0,12.4,0.0,0,0,0
2025_04_29,신명아파트,7,depart,18,1.0,1,9,2025_1,1,1,1,0,0,0,0,0,4.0,12.0,0.0,0,0,0
2025_04_30,신명아파트,7,depart,18,10.0,2,9,2025_1,1,1,1,0,0,0,0,0,1.0,16.2,0.0,0,0,0
2025_05_01,신명아파트,7,depart,18,0.0,3,9,2025_1,1,0,0,0,0,0,0,0,10.0,12.6,22.3,1,0,0
2025_05_02,신명아파트,7,depart,18,3.0,4,9,2025_1,1,0,0,0,0,0,0,0,0.0,12.1,0.0,0,0,0
2025_05_05,신명아파트,7,depart,18,2.0,0,10,2025_1,1,0,0,0,0,1,0,0,3.0,10.6,0.3,0,0,0
2025_05_06,신명아파트,7,depart,18,2.0,1,10,2025_1,1,0,0,0,0,1,0,0,2.0,12.5,0.0,0,0,0
2025_05_07,신명아파트,7,depart,18,3.0,2,10,2025_1,1,0,0,0,0,0,0,0,2.0,12.6,0.1,0,0,0
2025_05_08,신명아파트,7,depart,18,6.0,3,10,2025_1,1,0,0,0,0,0,0,0,3.0,15.4,0.0,0,0,0
2025_05_09,신명아파트,7,depart,18,2.0,4,10,2025_1,1,0,0,0,0,0,0,0,6.0,13.6,21.7,1,0,0
2025_05_12,신명아파트,7,depart,18,6.0,0,11,2025_1,1,0,0,0,0,0,0,0,2.0,15.0,0.0,0,0,0
2025_05_13,신명아파트,7,depart,18,4.0,1,11,2025_1,1,0,0,0,0,0,0,0,6.0,19.0,0.0,0,0,0
2025_05_14,신명아파트,7,depart,18,8.0,2,11,2025_1,1,0,0,0,0,0,0,0,4.0,20.4,0.1,0,0,0
2025_05_15,신명아파트,7,depart,18,8.0,3,11,2025_1,1,0,0,0,0,0,1,0,8.0,19.4,4.7,1,0,0
2025_05_16,신명아파트,7,depart,18,2.0,4,11,2025_1,1,0,0,0,0,0,0,0,8.0,20.0,16.3,1,0,0
2025_05_19,신명아파트,7,depart,18,2.0,0,12,2025_1,1,0,0,0,0,0,0,0,2.0,15.0,0.0,0,0,0
2025_05_20,신명아파트,7,depart,18,4.0,1,12,2025_1,1,0,0,0,0,0,0,0,2.0,21.3,0.2,0,0,0
2025_05_21,신명아파트,7,depart,18,2.0,2,12,2025_1,1,0,0,0,0,0,0,0,4.0,24.2,0.4,0,0,0
2025_05_22,신명아파트,7,depart,18,1.0,3,12,2025_1,1,0,0,0,0,0,0,0,2.0,22.7,2.6,1,0,0
2025_05_23,신명아파트,7,depart,18,0.0,4,12,2025_1,1,0,0,0,0,0,0,0,1.0,19.3,3.5,1,0,0
2025_05_26,신명아파트,7,depart,18,3.0,0,13,2025_1,1,0,0,0,1,0,0,0,0.0,18.7,0.0,0,0,0
2025_05_27,신명아파트,7,depart,18,7.0,1,13,2025_1,1,0,0,0,1,0,0,0,3.0,19.6,0.0,0,0,0
2025_05_28,신명아파트,7,depart,18,3.0,2,13,2025_1,1,0,0,0,1,0,0,0,7.0,19.5,0.6,1,0,0
2025_05_29,신명아파트,7,depart,18,10.0,3,13,2025_1,1,0,0,0,1,0,1,0,3.0,20.4,0.4,0,0,0
2025_05_30,신명아파트,7,depart,18,4.0,4,13,2025_1,1,0,0,0,1,0,0,0,10.0,21.7,0.0,0,0,0
2025_06_02,신명아파트,7,depart,18,4.0,0,14,2025_1,1,0,0,0,0,0,0,0,4.0,20.2,1.0,1,0,0
2025_06_03,신명아파트,7,depart,18,2.0,1,14,2025_1,1,0,0,0,0,0,0,0,4.0,20.2,0.2,0,0,0
2025_06_04,신명아파트,7,depart,18,1.0,2,14,2025_1,1,1,0,1,0,0,0,0,2.0,19.0,0.0,0,0,0
2025_06_05,신명아파트,7,depart,18,7.0,3,14,2025_1,1,1,0,1,0,0,0,0,1.0,20.0,0.0,0,0,0
2025_06_06,신명아파트,7,depart,18,2.0,4,14,2025_1,1,1,0,1,0,1,0,0,7.0,23.3,0.0,0,0,0
2025_06_09,신명아파트,7,depart,18,2.0,0,15,2025_1,1,1,0,1,0,0,0,0,2.0,24.5,0.2,0,0,0
2025_06_10,신명아파트,7,depart,18,1.0,1,15,2025_1,1,1,0,1,0,0,0,0,2.0,21.0,0.0,0,0,0
2025_06_11,신명아파트,7,depart,18,7.0,2,15,2025_1,1,1,0,1,0,0,0,0,1.0,21.2,0.0,0,0,0
2025_06_12,신명아파트,7,depart,18,3.0,3,15,2025_1,1,1,0,1,0,0,0,0,7.0,23.9,0.0,0,0,0
2025_06_13,신명아파트,7,depart,18,0.0,4,15,2025_1,1,1,0,1,0,0,0,0,3.0,23.2,3.8,1,0,0
2025_06_16,신명아파트,7,depart,18,0.0,0,16,2025_1,1,1,0,1,0,0,0,0,0.0,22.8,16.0,1,0,0
2025_06_17,신명아파트,7,depart,18,3.0,1,16,2025_1,1,1,0,1,0,0,0,0,0.0,23.0,0.4,0,0,0
2025_06_18,신명아파트,7,depart,18,0.0,2,16,2025_1,1,0,0,0,0,0,0,0,3.0,24.2,0.0,0,0,0
2025_06_19,신명아파트,7,depart,18,3.0,3,16,2025_1,1,0,0,0,0,0,0,0,0.0,26.2,0.3,0,0,0
2025_06_20,신명아파트,7,depart,18,2.0,4,16,2025_1,1,0,0,0,0,0,0,0,3.0,23.0,48.9,1,0,0
2025_06_23,신명아파트,7,depart,18,1.0,0,17,2025_1,1,0,0,0,0,0,0,0,2.0,23.3,0.0,0,0,0
2025_08_25,신명아파트,7,depart,18,1.0,0,1,2025_2,2,0,0,0,0,0,0,0,1.0,28.0,21.8,1,0,0
2025_08_26,신명아파트,7,depart,18,4.0,1,1,2025_2,2,0,0,0,0,0,0,0,1.0,26.1,22.2,1,0,0
2025_08_27,신명아파트,7,depart,18,1.0,2,1,2025_2,2,0,0,0,0,0,0,0,4.0,25.9,0.1,0,0,0
2025_08_28,신명아파트,7,depart,18,1.0,3,1,2025_2,2,0,0,0,0,0,0,0,1.0,26.6,1.5,1,0,0
2025_08_29,신명아파트,7,depart,18,2.0,4,1,2025_2,2,0,0,0,0,0,0,0,1.0,27.6,5.9,1,0,0
2025_09_01,신명아파트,7,depart,18,3.0,0,2,2025_2,2,0,0,0,0,0,0,0,2.0,25.7,17.6,1,0,0
2025_09_02,신명아파트,7,depart,18,3.0,1,2,2025_2,2,0,0,0,0,0,0,0,3.0,24.3,0.0,0,0,0
2025_09_03,신명아파트,7,depart,18,10.0,2,2,2025_2,2,0,0,0,0,0,0,0,3.0,25.0,0.0,0,0,0
2025_09_05,신명아파트,7,depart,18,7.0,4,2,2025_2,2,0,0,0,0,0,0,0,10.0,26.1,0.3,0,0,0
2025_09_08,신명아파트,7,depart,18,5.0,0,3,2025_2,2,0,0,0,0,0,0,0,7.0,22.8,0.0,0,0,0
2025_09_09,신명아파트,7,depart,18,7.0,1,3,2025_2,2,0,0,0,0,0,0,0,5.0,23.0,0.7,1,0,0
2025_09_10,신명아파트,7,depart,18,1.0,2,3,2025_2,2,0,0,0,0,0,0,0,7.0,23.8,0.0,0,0,0
2025_09_11,신명아파트,7,depart,18,8.0,3,3,2025_2,2,0,0,0,0,0,0,0,1.0,23.4,0.0,0,0,0
2025_09_12,신명아파트,7,depart,18,4.0,4,3,2025_2,2,0,0,0,0,0,0,0,8.0,22.0,10.2,1,0,0
2026_03_04,신명아파트,7,depart,18,0.0,2,1,2026_1,1,0,0,0,0,0,0,0,4.0,5.0,0.0,0,0,0
2026_03_05,신명아파트,7,depart,18,4.0,3,1,2026_1,1,0,0,0,0,0,0,0,0.0,5.4,14.0,1,0,0
2026_03_06,신명아파트,7,depart,18,3.0,4,1,2026_1,1,0,0,0,0,0,0,0,4.0,1.0,1.6,1,1,0
2026_03_09,신명아파트,7,depart,18,3.0,0,2,2026_1,1,0,0,0,0,0,0,0,3.0,3.0,0.0,0,1,0
2026_03_10,신명아파트,7,depart,18,2.0,1,2,2026_1,1,0,0,0,0,0,0,0,3.0,2.2,0.0,0,1,0
2026_03_11,신명아파트,7,depart,18,4.0,2,2,2026_1,1,0,0,0,0,0,0,0,2.0,3.4,0.0,0,1,0
2026_03_12,신명아파트,7,depart,18,5.0,3,2,2026_1,1,0,0,0,0,0,0,0,4.0,4.9,0.0,0,1,0
2026_03_13,신명아파트,7,depart,18,5.0,4,2,2026_1,1,0,0,0,0,0,0,0,5.0,5.8,0.0,0,0,0
2026_03_16,신명아파트,7,depart,18,9.0,0,3,2026_1,1,0,0,0,0,0,0,0,5.0,5.8,0.0,0,0,0
2026_03_17,신명아파트,7,depart,18,0.0,1,3,2026_1,1,0,0,0,0,0,0,0,9.0,6.0,0.0,0,0,0
2026_03_23,신명아파트,7,depart,18,6.0,0,4,2026_1,1,0,0,0,0,0,0,0,0.0,9.6,0.0,0,0,0
2026_03_24,신명아파트,7,depart,18,6.0,1,4,2026_1,1,0,0,0,0,0,0,0,6.0,10.6,0.0,0,0,0
2026_03_25,신명아파트,7,depart,18,5.0,2,4,2026_1,1,0,0,0,0,0,0,0,6.0,12.0,0.0,0,0,0
2026_03_26,신명아파트,7,depart,18,4.0,3,4,2026_1,1,0,0,0,0,0,0,0,5.0,10.5,0.0,0,0,0
2026_03_27,신명아파트,7,depart,18,5.0,4,4,2026_1,1,0,0,0,0,0,0,0,4.0,11.0,0.1,0,0,0
2026_03_30,신명아파트,7,depart,18,4.0,0,5,2026_1,1,0,0,0,0,0,0,0,5.0,13.7,3.2,1,0,0
2026_03_31,신명아파트,7,depart,18,13.0,1,5,2026_1,1,0,0,0,0,0,1,0,4.0,13.6,9.5,1,0,0
2026_04_01,신명아파트,7,depart,18,8.0,2,5,2026_1,1,0,0,0,0,0,1,0,13.0,11.5,0.1,0,0,0
2026_04_02,신명아파트,7,depart,18,7.0,3,5,2026_1,1,0,0,0,0,0,0,0,8.0,9.6,0.0,0,0,0
2026_04_03,신명아파트,7,depart,18,2.0,4,5,2026_1,1,0,0,0,0,0,0,0,7.0,13.0,0.0,0,0,0
2026_04_06,신명아파트,7,depart,18,6.0,0,6,2026_1,1,0,0,0,1,0,0,0,2.0,9.1,5.5,1,0,0
2026_04_07,신명아파트,7,depart,18,7.0,1,6,2026_1,1,0,0,0,1,0,0,0,6.0,6.4,0.0,0,0,0
2026_04_08,신명아파트,7,depart,18,5.0,2,6,2026_1,1,0,0,0,1,0,0,0,7.0,7.4,0.0,0,0,0
2026_04_09,신명아파트,7,depart,18,6.0,3,6,2026_1,1,0,0,0,1,0,0,0,5.0,9.1,18.9,1,0,0
2026_04_10,신명아파트,7,depart,18,4.0,4,6,2026_1,1,0,0,0,1,0,0,0,6.0,9.8,5.8,1,0,0
2026_04_13,신명아파트,7,depart,18,4.0,0,7,2026_1,1,0,0,0,0,0,0,0,4.0,16.4,0.0,0,0,0
2026_04_14,신명아파트,7,depart,18,6.0,1,7,2026_1,1,0,0,0,0,0,0,0,4.0,19.0,0.0,0,0,0
2026_04_15,신명아파트,7,depart,18,7.0,2,7,2026_1,1,0,0,0,0,0,0,0,6.0,17.6,0.0,0,0,0
2026_04_16,신명아파트,7,depart,18,6.0,3,7,2026_1,1,1,1,0,0,0,0,0,7.0,17.8,0.0,0,0,0
2026_04_17,신명아파트,7,depart,18,1.0,4,7,2026_1,1,1,1,0,0,0,0,0,6.0,16.0,0.2,0,0,0
2026_04_20,신명아파트,7,depart,18,4.0,0,8,2026_1,1,1,1,0,0,0,0,0,1.0,12.2,0.7,1,0,0
2026_04_21,신명아파트,7,depart,18,5.0,1,8,2026_1,1,1,1,0,0,0,0,0,4.0,11.1,0.0,0,0,0
2026_04_22,신명아파트,7,depart,18,2.0,2,8,2026_1,1,1,1,0,0,0,0,0,5.0,13.4,0.0,0,0,0
2026_04_23,신명아파트,7,depart,18,2.0,3,8,2026_1,1,1,1,0,0,0,0,0,2.0,16.1,0.0,0,0,0
2026_04_24,신명아파트,7,depart,18,1.0,4,8,2026_1,1,1,1,0,0,0,0,0,2.0,17.2,0.0,0,0,0
2025_03_05,아이파크정문,6,depart,13,13.0,2,1,2025_1,1,0,0,0,0,0,0,0,,3.5,0.2,0,1,0
2025_03_06,아이파크정문,6,depart,13,9.0,3,1,2025_1,1,0,0,0,0,0,0,0,13.0,3.4,0.0,0,1,0
2025_03_07,아이파크정문,6,depart,13,12.0,4,1,2025_1,1,0,0,0,0,0,0,0,9.0,2.8,0.0,0,1,0
2025_03_10,아이파크정문,6,depart,13,8.0,0,2,2025_1,1,0,0,0,0,0,0,0,12.0,6.0,0.0,0,0,0
2025_03_12,아이파크정문,6,depart,13,34.0,2,2,2025_1,1,0,0,0,0,0,1,0,8.0,7.3,0.1,0,0,0
2025_03_13,아이파크정문,6,depart,13,11.0,3,2,2025_1,1,0,0,0,0,0,0,0,34.0,6.6,0.0,0,0,0
2025_03_14,아이파크정문,6,depart,13,15.0,4,2,2025_1,1,0,0,0,0,0,0,0,11.0,10.4,0.0,0,0,0
2025_03_17,아이파크정문,6,depart,13,7.0,0,3,2025_1,1,0,0,0,0,0,0,0,15.0,0.3,0.1,0,1,0
2025_03_18,아이파크정문,6,depart,13,8.0,1,3,2025_1,1,0,0,0,0,0,0,0,7.0,0.7,4.5,1,1,0
2025_03_19,아이파크정문,6,depart,13,32.0,2,3,2025_1,1,0,0,0,0,0,1,0,8.0,-0.8,0.0,0,1,0
2025_03_20,아이파크정문,6,depart,13,24.0,3,3,2025_1,1,0,0,0,0,0,0,0,32.0,6.1,0.0,0,0,0
2025_03_21,아이파크정문,6,depart,13,36.0,4,3,2025_1,1,0,0,0,0,0,1,0,24.0,9.6,0.0,0,0,0
2025_03_24,아이파크정문,6,depart,13,26.0,0,4,2025_1,1,0,0,0,0,0,1,0,36.0,14.1,0.0,0,0,0
2025_03_25,아이파크정문,6,depart,13,23.0,1,4,2025_1,1,0,0,0,0,0,1,0,26.0,13.2,0.0,0,0,0
2025_03_26,아이파크정문,6,depart,13,18.0,2,4,2025_1,1,0,0,0,0,0,0,0,23.0,12.6,0.0,0,0,0
2025_03_27,아이파크정문,6,depart,13,4.0,3,4,2025_1,1,0,0,0,0,0,0,0,18.0,12.6,1.0,1,0,0
2025_03_28,아이파크정문,6,depart,13,31.0,4,4,2025_1,1,0,0,0,0,0,1,0,4.0,6.0,0.0,0,0,0
2025_03_31,아이파크정문,6,depart,13,21.0,0,5,2025_1,1,0,0,0,0,0,0,0,31.0,5.2,0.0,0,0,0
2025_04_01,아이파크정문,6,depart,13,11.0,1,5,2025_1,1,0,0,0,0,0,0,0,21.0,7.6,0.0,0,0,0
2025_04_02,아이파크정문,6,depart,13,16.0,2,5,2025_1,1,0,0,0,0,0,0,0,11.0,7.6,0.6,1,0,0
2025_04_03,아이파크정문,6,depart,13,17.0,3,5,2025_1,1,0,0,0,0,0,0,0,16.0,7.8,0.0,0,0,0
2025_04_04,아이파크정문,6,depart,13,13.0,4,5,2025_1,1,0,0,0,0,0,0,0,17.0,9.0,0.0,0,0,0
2025_04_07,아이파크정문,6,depart,13,11.0,0,6,2025_1,1,0,0,0,1,0,0,0,13.0,10.9,0.0,0,0,0
2025_04_08,아이파크정문,6,depart,13,8.0,1,6,2025_1,1,0,0,0,1,0,0,0,11.0,11.1,3.3,1,0,0
2025_04_09,아이파크정문,6,depart,13,15.0,2,6,2025_1,1,0,0,0,1,0,0,0,8.0,10.8,0.2,0,0,0
2025_04_10,아이파크정문,6,depart,13,4.0,3,6,2025_1,1,0,0,0,1,0,0,0,15.0,11.0,0.0,0,0,0
2025_04_11,아이파크정문,6,depart,13,15.0,4,6,2025_1,1,0,0,0,1,0,0,0,4.0,12.8,0.0,0,0,0
2025_04_14,아이파크정문,6,depart,13,6.0,0,7,2025_1,1,0,0,0,0,0,0,0,15.0,4.6,8.8,1,1,0
2025_04_15,아이파크정문,6,depart,13,7.0,1,7,2025_1,1,0,0,0,0,0,0,0,6.0,5.6,0.0,0,0,0
2025_04_16,아이파크정문,6,depart,13,17.0,2,7,2025_1,1,1,1,0,0,0,0,0,7.0,12.2,1.4,1,0,0
2025_04_17,아이파크정문,6,depart,13,20.0,3,7,2025_1,1,1,1,0,0,0,0,0,17.0,18.0,0.0,0,0,0
2025_04_18,아이파크정문,6,depart,13,17.0,4,7,2025_1,1,1,1,0,0,0,0,0,20.0,16.8,0.0,0,0,0
2025_04_21,아이파크정문,6,depart,13,11.0,0,8,2025_1,1,1,1,0,0,0,0,0,17.0,18.0,0.0,0,0,0
2025_04_22,아이파크정문,6,depart,13,17.0,1,8,2025_1,1,1,1,0,0,0,0,0,11.0,16.2,25.2,1,0,0
2025_04_23,아이파크정문,6,depart,13,25.0,2,8,2025_1,1,1,1,0,0,0,0,0,17.0,15.2,0.0,0,0,0
2025_04_24,아이파크정문,6,depart,13,22.0,3,8,2025_1,1,1,1,0,0,0,1,0,25.0,12.3,0.0,0,0,0
2025_04_25,아이파크정문,6,depart,13,15.0,4,8,2025_1,1,1,1,0,0,0,0,0,22.0,10.4,0.0,0,0,0
2025_04_28,아이파크정문,6,depart,13,7.0,0,9,2025_1,1,1,1,0,0,0,0,0,15.0,12.4,0.0,0,0,0
2025_04_29,아이파크정문,6,depart,13,24.0,1,9,2025_1,1,1,1,0,0,0,0,0,7.0,12.0,0.0,0,0,0
2025_04_30,아이파크정문,6,depart,13,15.0,2,9,2025_1,1,1,1,0,0,0,0,0,24.0,16.2,0.0,0,0,0
2025_05_01,아이파크정문,6,depart,13,9.0,3,9,2025_1,1,0,0,0,0,0,0,0,15.0,12.6,22.3,1,0,0
2025_05_02,아이파크정문,6,depart,13,16.0,4,9,2025_1,1,0,0,0,0,0,0,0,9.0,12.1,0.0,0,0,0
2025_05_05,아이파크정문,6,depart,13,6.0,0,10,2025_1,1,0,0,0,0,1,0,0,16.0,10.6,0.3,0,0,0
2025_05_06,아이파크정문,6,depart,13,13.0,1,10,2025_1,1,0,0,0,0,1,0,0,6.0,12.5,0.0,0,0,0
2025_05_07,아이파크정문,6,depart,13,10.0,2,10,2025_1,1,0,0,0,0,0,0,0,13.0,12.6,0.1,0,0,0
2025_05_08,아이파크정문,6,depart,13,9.0,3,10,2025_1,1,0,0,0,0,0,0,0,10.0,15.4,0.0,0,0,0
2025_05_09,아이파크정문,6,depart,13,14.0,4,10,2025_1,1,0,0,0,0,0,0,0,9.0,13.6,21.7,1,0,0
2025_05_12,아이파크정문,6,depart,13,14.0,0,11,2025_1,1,0,0,0,0,0,0,0,14.0,15.0,0.0,0,0,0
2025_05_13,아이파크정문,6,depart,13,7.0,1,11,2025_1,1,0,0,0,0,0,0,0,14.0,19.0,0.0,0,0,0
2025_05_14,아이파크정문,6,depart,13,9.0,2,11,2025_1,1,0,0,0,0,0,0,0,7.0,20.4,0.1,0,0,0
2025_05_15,아이파크정문,6,depart,13,9.0,3,11,2025_1,1,0,0,0,0,0,0,0,9.0,19.4,4.7,1,0,0
2025_05_16,아이파크정문,6,depart,13,19.0,4,11,2025_1,1,0,0,0,0,0,0,0,9.0,20.0,16.3,1,0,0
2025_05_19,아이파크정문,6,depart,13,13.0,0,12,2025_1,1,0,0,0,0,0,0,0,19.0,15.0,0.0,0,0,0
2025_05_20,아이파크정문,6,depart,13,8.0,1,12,2025_1,1,0,0,0,0,0,0,0,13.0,21.3,0.2,0,0,0
2025_05_21,아이파크정문,6,depart,13,23.0,2,12,2025_1,1,0,0,0,0,0,0,0,8.0,24.2,0.4,0,0,0
2025_05_22,아이파크정문,6,depart,13,11.0,3,12,2025_1,1,0,0,0,0,0,0,0,23.0,22.7,2.6,1,0,0
2025_05_23,아이파크정문,6,depart,13,17.0,4,12,2025_1,1,0,0,0,0,0,0,0,11.0,19.3,3.5,1,0,0
2025_05_26,아이파크정문,6,depart,13,9.0,0,13,2025_1,1,0,0,0,1,0,0,0,17.0,18.7,0.0,0,0,0
2025_05_27,아이파크정문,6,depart,13,9.0,1,13,2025_1,1,0,0,0,1,0,0,0,9.0,19.6,0.0,0,0,0
2025_05_28,아이파크정문,6,depart,13,8.0,2,13,2025_1,1,0,0,0,1,0,0,0,9.0,19.5,0.6,1,0,0
2025_05_29,아이파크정문,6,depart,13,15.0,3,13,2025_1,1,0,0,0,1,0,0,0,8.0,20.4,0.4,0,0,0
2025_05_30,아이파크정문,6,depart,13,23.0,4,13,2025_1,1,0,0,0,1,0,0,0,15.0,21.7,0.0,0,0,0
2025_06_02,아이파크정문,6,depart,13,11.0,0,14,2025_1,1,0,0,0,0,0,0,0,23.0,20.2,1.0,1,0,0
2025_06_03,아이파크정문,6,depart,13,4.0,1,14,2025_1,1,0,0,0,0,0,0,0,11.0,20.2,0.2,0,0,0
2025_06_04,아이파크정문,6,depart,13,18.0,2,14,2025_1,1,1,0,1,0,0,0,0,4.0,19.0,0.0,0,0,0
2025_06_05,아이파크정문,6,depart,13,16.0,3,14,2025_1,1,1,0,1,0,0,0,0,18.0,20.0,0.0,0,0,0
2025_06_06,아이파크정문,6,depart,13,15.0,4,14,2025_1,1,1,0,1,0,1,0,0,16.0,23.3,0.0,0,0,0
2025_06_09,아이파크정문,6,depart,13,16.0,0,15,2025_1,1,1,0,1,0,0,0,0,15.0,24.5,0.2,0,0,0
2025_06_10,아이파크정문,6,depart,13,10.0,1,15,2025_1,1,1,0,1,0,0,0,0,16.0,21.0,0.0,0,0,0
2025_06_11,아이파크정문,6,depart,13,19.0,2,15,2025_1,1,1,0,1,0,0,0,0,10.0,21.2,0.0,0,0,0
2025_06_12,아이파크정문,6,depart,13,13.0,3,15,2025_1,1,1,0,1,0,0,0,0,19.0,23.9,0.0,0,0,0
2025_06_13,아이파크정문,6,depart,13,25.0,4,15,2025_1,1,1,0,1,0,0,0,0,13.0,23.2,3.8,1,0,0
2025_06_16,아이파크정문,6,depart,13,8.0,0,16,2025_1,1,1,0,1,0,0,0,0,25.0,22.8,16.0,1,0,0
2025_06_17,아이파크정문,6,depart,13,8.0,1,16,2025_1,1,1,0,1,0,0,0,0,8.0,23.0,0.4,0,0,0
2025_06_18,아이파크정문,6,depart,13,13.0,2,16,2025_1,1,0,0,0,0,0,0,0,8.0,24.2,0.0,0,0,0
2025_06_19,아이파크정문,6,depart,13,12.0,3,16,2025_1,1,0,0,0,0,0,0,0,13.0,26.2,0.3,0,0,0
2025_06_20,아이파크정문,6,depart,13,6.0,4,16,2025_1,1,0,0,0,0,0,0,0,12.0,23.0,48.9,1,0,0
2025_06_23,아이파크정문,6,depart,13,6.0,0,17,2025_1,1,0,0,0,0,0,0,0,6.0,23.3,0.0,0,0,0
2025_08_25,아이파크정문,6,depart,13,19.0,0,1,2025_2,2,0,0,0,0,0,0,0,6.0,28.0,21.8,1,0,0
2025_08_26,아이파크정문,6,depart,13,16.0,1,1,2025_2,2,0,0,0,0,0,0,0,19.0,26.1,22.2,1,0,0
2025_08_27,아이파크정문,6,depart,13,26.0,2,1,2025_2,2,0,0,0,0,0,0,0,16.0,25.9,0.1,0,0,0
2025_08_28,아이파크정문,6,depart,13,21.0,3,1,2025_2,2,0,0,0,0,0,0,0,26.0,26.6,1.5,1,0,0
2025_08_29,아이파크정문,6,depart,13,24.0,4,1,2025_2,2,0,0,0,0,0,0,0,21.0,27.6,5.9,1,0,0
2025_09_01,아이파크정문,6,depart,13,18.0,0,2,2025_2,2,0,0,0,0,0,0,0,24.0,25.7,17.6,1,0,0
2025_09_02,아이파크정문,6,depart,13,9.0,1,2,2025_2,2,0,0,0,0,0,0,0,18.0,24.3,0.0,0,0,0
2025_09_03,아이파크정문,6,depart,13,5.0,2,2,2025_2,2,0,0,0,0,0,0,0,9.0,25.0,0.0,0,0,0
2025_09_05,아이파크정문,6,depart,13,10.0,4,2,2025_2,2,0,0,0,0,0,0,0,5.0,26.1,0.3,0,0,0
2025_09_08,아이파크정문,6,depart,13,13.0,0,3,2025_2,2,0,0,0,0,0,0,0,10.0,22.8,0.0,0,0,0
2025_09_09,아이파크정문,6,depart,13,11.0,1,3,2025_2,2,0,0,0,0,0,0,0,13.0,23.0,0.7,1,0,0
2025_09_10,아이파크정문,6,depart,13,13.0,2,3,2025_2,2,0,0,0,0,0,0,0,11.0,23.8,0.0,0,0,0
2025_09_11,아이파크정문,6,depart,13,5.0,3,3,2025_2,2,0,0,0,0,0,0,0,13.0,23.4,0.0,0,0,0
2025_09_12,아이파크정문,6,depart,13,10.0,4,3,2025_2,2,0,0,0,0,0,0,0,5.0,22.0,10.2,1,0,0
2026_03_04,아이파크정문,6,depart,13,18.0,2,1,2026_1,1,0,0,0,0,0,0,0,10.0,5.0,0.0,0,0,0
2026_03_05,아이파크정문,6,depart,13,11.0,3,1,2026_1,1,0,0,0,0,0,0,0,18.0,5.4,14.0,1,0,0
2026_03_06,아이파크정문,6,depart,13,7.0,4,1,2026_1,1,0,0,0,0,0,0,0,11.0,1.0,1.6,1,1,0
2026_03_09,아이파크정문,6,depart,13,12.0,0,2,2026_1,1,0,0,0,0,0,0,0,7.0,3.0,0.0,0,1,0
2026_03_10,아이파크정문,6,depart,13,15.0,1,2,2026_1,1,0,0,0,0,0,0,0,12.0,2.2,0.0,0,1,0
2026_03_11,아이파크정문,6,depart,13,10.0,2,2,2026_1,1,0,0,0,0,0,0,0,15.0,3.4,0.0,0,1,0
2026_03_12,아이파크정문,6,depart,13,7.0,3,2,2026_1,1,0,0,0,0,0,0,0,10.0,4.9,0.0,0,1,0
2026_03_13,아이파크정문,6,depart,13,19.0,4,2,2026_1,1,0,0,0,0,0,0,0,7.0,5.8,0.0,0,0,0
2026_03_16,아이파크정문,6,depart,13,9.0,0,3,2026_1,1,0,0,0,0,0,0,0,19.0,5.8,0.0,0,0,0
2026_03_17,아이파크정문,6,depart,13,16.0,1,3,2026_1,1,0,0,0,0,0,0,0,9.0,6.0,0.0,0,0,0
2026_03_23,아이파크정문,6,depart,13,10.0,0,4,2026_1,1,0,0,0,0,0,0,0,16.0,9.6,0.0,0,0,0
2026_03_24,아이파크정문,6,depart,13,14.0,1,4,2026_1,1,0,0,0,0,0,0,0,10.0,10.6,0.0,0,0,0
2026_03_25,아이파크정문,6,depart,13,8.0,2,4,2026_1,1,0,0,0,0,0,0,0,14.0,12.0,0.0,0,0,0
2026_03_26,아이파크정문,6,depart,13,9.0,3,4,2026_1,1,0,0,0,0,0,0,0,8.0,10.5,0.0,0,0,0
2026_03_27,아이파크정문,6,depart,13,13.0,4,4,2026_1,1,0,0,0,0,0,0,0,9.0,11.0,0.1,0,0,0
2026_03_30,아이파크정문,6,depart,13,9.0,0,5,2026_1,1,0,0,0,0,0,0,0,13.0,13.7,3.2,1,0,0
2026_03_31,아이파크정문,6,depart,13,9.0,1,5,2026_1,1,0,0,0,0,0,0,0,9.0,13.6,9.5,1,0,0
2026_04_01,아이파크정문,6,depart,13,9.0,2,5,2026_1,1,0,0,0,0,0,0,0,9.0,11.5,0.1,0,0,0
2026_04_02,아이파크정문,6,depart,13,18.0,3,5,2026_1,1,0,0,0,0,0,0,0,9.0,9.6,0.0,0,0,0
2026_04_03,아이파크정문,6,depart,13,13.0,4,5,2026_1,1,0,0,0,0,0,0,0,18.0,13.0,0.0,0,0,0
2026_04_06,아이파크정문,6,depart,13,10.0,0,6,2026_1,1,0,0,0,1,0,0,0,13.0,9.1,5.5,1,0,0
2026_04_07,아이파크정문,6,depart,13,12.0,1,6,2026_1,1,0,0,0,1,0,0,0,10.0,6.4,0.0,0,0,0
2026_04_08,아이파크정문,6,depart,13,11.0,2,6,2026_1,1,0,0,0,1,0,0,0,12.0,7.4,0.0,0,0,0
2026_04_09,아이파크정문,6,depart,13,5.0,3,6,2026_1,1,0,0,0,1,0,0,0,11.0,9.1,18.9,1,0,0
2026_04_10,아이파크정문,6,depart,13,22.0,4,6,2026_1,1,0,0,0,1,0,0,0,5.0,9.8,5.8,1,0,0
2026_04_13,아이파크정문,6,depart,13,15.0,0,7,2026_1,1,0,0,0,0,0,0,0,22.0,16.4,0.0,0,0,0
2026_04_14,아이파크정문,6,depart,13,8.0,1,7,2026_1,1,0,0,0,0,0,0,0,15.0,19.0,0.0,0,0,0
2026_04_15,아이파크정문,6,depart,13,10.0,2,7,2026_1,1,0,0,0,0,0,0,0,8.0,17.6,0.0,0,0,0
2026_04_16,아이파크정문,6,depart,13,11.0,3,7,2026_1,1,1,1,0,0,0,0,0,10.0,17.8,0.0,0,0,0
2026_04_17,아이파크정문,6,depart,13,11.0,4,7,2026_1,1,1,1,0,0,0,0,0,11.0,16.0,0.2,0,0,0
2026_04_20,아이파크정문,6,depart,13,9.0,0,8,2026_1,1,1,1,0,0,0,0,0,11.0,12.2,0.7,1,0,0
2026_04_21,아이파크정문,6,depart,13,12.0,1,8,2026_1,1,1,1,0,0,0,0,0,9.0,11.1,0.0,0,0,0
2026_04_22,아이파크정문,6,depart,13,19.0,2,8,2026_1,1,1,1,0,0,0,0,0,12.0,13.4,0.0,0,0,0
2026_04_23,아이파크정문,6,depart,13,16.0,3,8,2026_1,1,1,1,0,0,0,0,0,19.0,16.1,0.0,0,0,0
2026_04_24,아이파크정문,6,depart,13,19.0,4,8,2026_1,1,1,1,0,0,0,0,0,16.0,17.2,0.0,0,0,0
2025_03_05,아이파크정문,6,depart,14,23.0,2,1,2025_1,1,0,0,0,0,0,1,0,,3.5,0.2,0,1,0
2025_03_06,아이파크정문,6,depart,14,20.0,3,1,2025_1,1,0,0,0,0,0,0,0,23.0,3.4,0.0,0,1,0
2025_03_07,아이파크정문,6,depart,14,8.0,4,1,2025_1,1,0,0,0,0,0,0,0,20.0,2.8,0.0,0,1,0
2025_03_10,아이파크정문,6,depart,14,38.0,0,2,2025_1,1,0,0,0,0,0,1,0,8.0,6.0,0.0,0,0,0
2025_03_12,아이파크정문,6,depart,14,21.0,2,2,2025_1,1,0,0,0,0,0,1,0,38.0,7.3,0.1,0,0,0
2025_03_13,아이파크정문,6,depart,14,21.0,3,2,2025_1,1,0,0,0,0,0,0,0,21.0,6.6,0.0,0,0,0
2025_03_14,아이파크정문,6,depart,14,10.0,4,2,2025_1,1,0,0,0,0,0,0,0,21.0,10.4,0.0,0,0,0
2025_03_17,아이파크정문,6,depart,14,18.0,0,3,2025_1,1,0,0,0,0,0,0,0,10.0,0.3,0.1,0,1,0
2025_03_18,아이파크정문,6,depart,14,6.0,1,3,2025_1,1,0,0,0,0,0,0,0,18.0,0.7,4.5,1,1,0
2025_03_19,아이파크정문,6,depart,14,15.0,2,3,2025_1,1,0,0,0,0,0,0,0,6.0,-0.8,0.0,0,1,0
2025_03_20,아이파크정문,6,depart,14,18.0,3,3,2025_1,1,0,0,0,0,0,0,0,15.0,6.1,0.0,0,0,0
2025_03_21,아이파크정문,6,depart,14,9.0,4,3,2025_1,1,0,0,0,0,0,0,0,18.0,9.6,0.0,0,0,0
2025_03_24,아이파크정문,6,depart,14,18.0,0,4,2025_1,1,0,0,0,0,0,0,0,9.0,14.1,0.0,0,0,0
2025_03_25,아이파크정문,6,depart,14,11.0,1,4,2025_1,1,0,0,0,0,0,0,0,18.0,13.2,0.0,0,0,0
2025_03_26,아이파크정문,6,depart,14,26.0,2,4,2025_1,1,0,0,0,0,0,1,0,11.0,12.6,0.0,0,0,0
2025_03_27,아이파크정문,6,depart,14,7.0,3,4,2025_1,1,0,0,0,0,0,0,0,26.0,12.6,1.0,1,0,0
2025_03_28,아이파크정문,6,depart,14,12.0,4,4,2025_1,1,0,0,0,0,0,0,0,7.0,6.0,0.0,0,0,0
2025_03_31,아이파크정문,6,depart,14,38.0,0,5,2025_1,1,0,0,0,0,0,1,0,12.0,5.2,0.0,0,0,0
2025_04_01,아이파크정문,6,depart,14,19.0,1,5,2025_1,1,0,0,0,0,0,0,0,38.0,7.6,0.0,0,0,0
2025_04_02,아이파크정문,6,depart,14,12.0,2,5,2025_1,1,0,0,0,0,0,0,0,19.0,7.6,0.6,1,0,0
2025_04_03,아이파크정문,6,depart,14,16.0,3,5,2025_1,1,0,0,0,0,0,0,0,12.0,7.8,0.0,0,0,0
2025_04_04,아이파크정문,6,depart,14,7.0,4,5,2025_1,1,0,0,0,0,0,0,0,16.0,9.0,0.0,0,0,0
2025_04_07,아이파크정문,6,depart,14,10.0,0,6,2025_1,1,0,0,0,1,0,0,0,7.0,10.9,0.0,0,0,0
2025_04_08,아이파크정문,6,depart,14,25.0,1,6,2025_1,1,0,0,0,1,0,0,0,10.0,11.1,3.3,1,0,0
2025_04_09,아이파크정문,6,depart,14,17.0,2,6,2025_1,1,0,0,0,1,0,0,0,25.0,10.8,0.2,0,0,0
2025_04_10,아이파크정문,6,depart,14,1.0,3,6,2025_1,1,0,0,0,1,0,0,0,17.0,11.0,0.0,0,0,0
2025_04_11,아이파크정문,6,depart,14,10.0,4,6,2025_1,1,0,0,0,1,0,0,0,1.0,12.8,0.0,0,0,0
2025_04_14,아이파크정문,6,depart,14,13.0,0,7,2025_1,1,0,0,0,0,0,0,0,10.0,4.6,8.8,1,1,0
2025_04_15,아이파크정문,6,depart,14,24.0,1,7,2025_1,1,0,0,0,0,0,0,0,13.0,5.6,0.0,0,0,0
2025_04_16,아이파크정문,6,depart,14,32.0,2,7,2025_1,1,1,1,0,0,0,1,0,24.0,12.2,1.4,1,0,0
2025_04_17,아이파크정문,6,depart,14,9.0,3,7,2025_1,1,1,1,0,0,0,0,0,32.0,18.0,0.0,0,0,0
2025_04_18,아이파크정문,6,depart,14,11.0,4,7,2025_1,1,1,1,0,0,0,0,0,9.0,16.8,0.0,0,0,0
2025_04_21,아이파크정문,6,depart,14,18.0,0,8,2025_1,1,1,1,0,0,0,0,0,11.0,18.0,0.0,0,0,0
2025_04_22,아이파크정문,6,depart,14,19.0,1,8,2025_1,1,1,1,0,0,0,0,0,18.0,16.2,25.2,1,0,0
2025_04_23,아이파크정문,6,depart,14,34.0,2,8,2025_1,1,1,1,0,0,0,1,0,19.0,15.2,0.0,0,0,0
2025_04_24,아이파크정문,6,depart,14,52.0,3,8,2025_1,1,1,1,0,0,0,1,1,34.0,12.3,0.0,0,0,0
2025_04_25,아이파크정문,6,depart,14,42.0,4,8,2025_1,1,1,1,0,0,0,1,1,52.0,10.4,0.0,0,0,0
2025_04_28,아이파크정문,6,depart,14,16.0,0,9,2025_1,1,1,1,0,0,0,0,0,42.0,12.4,0.0,0,0,0
2025_04_29,아이파크정문,6,depart,14,41.0,1,9,2025_1,1,1,1,0,0,0,1,0,16.0,12.0,0.0,0,0,0
2025_04_30,아이파크정문,6,depart,14,24.0,2,9,2025_1,1,1,1,0,0,0,0,0,41.0,16.2,0.0,0,0,0
2025_05_01,아이파크정문,6,depart,14,13.0,3,9,2025_1,1,0,0,0,0,0,0,0,24.0,12.6,22.3,1,0,0
2025_05_02,아이파크정문,6,depart,14,12.0,4,9,2025_1,1,0,0,0,0,0,0,0,13.0,12.1,0.0,0,0,0
2025_05_05,아이파크정문,6,depart,14,5.0,0,10,2025_1,1,0,0,0,0,1,0,0,12.0,10.6,0.3,0,0,0
2025_05_06,아이파크정문,6,depart,14,2.0,1,10,2025_1,1,0,0,0,0,1,0,0,5.0,12.5,0.0,0,0,0
2025_05_07,아이파크정문,6,depart,14,19.0,2,10,2025_1,1,0,0,0,0,0,0,0,2.0,12.6,0.1,0,0,0
2025_05_08,아이파크정문,6,depart,14,4.0,3,10,2025_1,1,0,0,0,0,0,0,0,19.0,15.4,0.0,0,0,0
2025_05_09,아이파크정문,6,depart,14,11.0,4,10,2025_1,1,0,0,0,0,0,0,0,4.0,13.6,21.7,1,0,0
2025_05_12,아이파크정문,6,depart,14,8.0,0,11,2025_1,1,0,0,0,0,0,0,0,11.0,15.0,0.0,0,0,0
2025_05_13,아이파크정문,6,depart,14,37.0,1,11,2025_1,1,0,0,0,0,0,1,0,8.0,19.0,0.0,0,0,0
2025_05_14,아이파크정문,6,depart,14,21.0,2,11,2025_1,1,0,0,0,0,0,1,0,37.0,20.4,0.1,0,0,0
2025_05_15,아이파크정문,6,depart,14,26.0,3,11,2025_1,1,0,0,0,0,0,0,0,21.0,19.4,4.7,1,0,0
2025_05_16,아이파크정문,6,depart,14,10.0,4,11,2025_1,1,0,0,0,0,0,0,0,26.0,20.0,16.3,1,0,0
2025_05_19,아이파크정문,6,depart,14,41.0,0,12,2025_1,1,0,0,0,0,0,1,0,10.0,15.0,0.0,0,0,0
2025_05_20,아이파크정문,6,depart,14,31.0,1,12,2025_1,1,0,0,0,0,0,1,0,41.0,21.3,0.2,0,0,0
2025_05_21,아이파크정문,6,depart,14,18.0,2,12,2025_1,1,0,0,0,0,0,0,0,31.0,24.2,0.4,0,0,0
2025_05_22,아이파크정문,6,depart,14,14.0,3,12,2025_1,1,0,0,0,0,0,0,0,18.0,22.7,2.6,1,0,0
2025_05_23,아이파크정문,6,depart,14,12.0,4,12,2025_1,1,0,0,0,0,0,0,0,14.0,19.3,3.5,1,0,0
2025_05_26,아이파크정문,6,depart,14,14.0,0,13,2025_1,1,0,0,0,1,0,0,0,12.0,18.7,0.0,0,0,0
2025_05_27,아이파크정문,6,depart,14,37.0,1,13,2025_1,1,0,0,0,1,0,1,0,14.0,19.6,0.0,0,0,0
2025_05_28,아이파크정문,6,depart,14,18.0,2,13,2025_1,1,0,0,0,1,0,0,0,37.0,19.5,0.6,1,0,0
2025_05_29,아이파크정문,6,depart,14,23.0,3,13,2025_1,1,0,0,0,1,0,0,0,18.0,20.4,0.4,0,0,0
2025_05_30,아이파크정문,6,depart,14,20.0,4,13,2025_1,1,0,0,0,1,0,0,0,23.0,21.7,0.0,0,0,0
2025_06_02,아이파크정문,6,depart,14,20.0,0,14,2025_1,1,0,0,0,0,0,0,0,20.0,20.2,1.0,1,0,0
2025_06_03,아이파크정문,6,depart,14,2.0,1,14,2025_1,1,0,0,0,0,0,0,0,20.0,20.2,0.2,0,0,0
2025_06_04,아이파크정문,6,depart,14,21.0,2,14,2025_1,1,1,0,1,0,0,0,0,2.0,19.0,0.0,0,0,0
2025_06_05,아이파크정문,6,depart,14,21.0,3,14,2025_1,1,1,0,1,0,0,0,0,21.0,20.0,0.0,0,0,0
2025_06_06,아이파크정문,6,depart,14,10.0,4,14,2025_1,1,1,0,1,0,1,0,0,21.0,23.3,0.0,0,0,0
2025_06_09,아이파크정문,6,depart,14,17.0,0,15,2025_1,1,1,0,1,0,0,0,0,10.0,24.5,0.2,0,0,0
2025_06_10,아이파크정문,6,depart,14,17.0,1,15,2025_1,1,1,0,1,0,0,0,0,17.0,21.0,0.0,0,0,0
2025_06_11,아이파크정문,6,depart,14,45.0,2,15,2025_1,1,1,0,1,0,0,1,0,17.0,21.2,0.0,0,0,0
2025_06_12,아이파크정문,6,depart,14,41.0,3,15,2025_1,1,1,0,1,0,0,1,0,45.0,23.9,0.0,0,0,0
2025_06_13,아이파크정문,6,depart,14,20.0,4,15,2025_1,1,1,0,1,0,0,0,0,41.0,23.2,3.8,1,0,0
2025_06_16,아이파크정문,6,depart,14,20.0,0,16,2025_1,1,1,0,1,0,0,0,0,20.0,22.8,16.0,1,0,0
2025_06_17,아이파크정문,6,depart,14,21.0,1,16,2025_1,1,1,0,1,0,0,0,0,20.0,23.0,0.4,0,0,0
2025_06_18,아이파크정문,6,depart,14,13.0,2,16,2025_1,1,0,0,0,0,0,0,0,21.0,24.2,0.0,0,0,0
2025_06_19,아이파크정문,6,depart,14,14.0,3,16,2025_1,1,0,0,0,0,0,0,0,13.0,26.2,0.3,0,0,0
2025_06_20,아이파크정문,6,depart,14,16.0,4,16,2025_1,1,0,0,0,0,0,0,0,14.0,23.0,48.9,1,0,0
2025_06_23,아이파크정문,6,depart,14,4.0,0,17,2025_1,1,0,0,0,0,0,0,0,16.0,23.3,0.0,0,0,0
2025_08_25,아이파크정문,6,depart,14,21.0,0,1,2025_2,2,0,0,0,0,0,0,0,4.0,28.0,21.8,1,0,0
2025_08_26,아이파크정문,6,depart,14,43.0,1,1,2025_2,2,0,0,0,0,0,1,0,21.0,26.1,22.2,1,0,0
2025_08_27,아이파크정문,6,depart,14,37.0,2,1,2025_2,2,0,0,0,0,0,1,0,43.0,25.9,0.1,0,0,0
2025_08_28,아이파크정문,6,depart,14,33.0,3,1,2025_2,2,0,0,0,0,0,1,0,37.0,26.6,1.5,1,0,0
2025_08_29,아이파크정문,6,depart,14,16.0,4,1,2025_2,2,0,0,0,0,0,0,0,33.0,27.6,5.9,1,0,0
2025_09_01,아이파크정문,6,depart,14,9.0,0,2,2025_2,2,0,0,0,0,0,0,0,16.0,25.7,17.6,1,0,0
2025_09_02,아이파크정문,6,depart,14,16.0,1,2,2025_2,2,0,0,0,0,0,0,0,9.0,24.3,0.0,0,0,0
2025_09_03,아이파크정문,6,depart,14,10.0,2,2,2025_2,2,0,0,0,0,0,0,0,16.0,25.0,0.0,0,0,0
2025_09_05,아이파크정문,6,depart,14,3.0,4,2,2025_2,2,0,0,0,0,0,0,0,10.0,26.1,0.3,0,0,0
2025_09_08,아이파크정문,6,depart,14,8.0,0,3,2025_2,2,0,0,0,0,0,0,0,3.0,22.8,0.0,0,0,0
2025_09_09,아이파크정문,6,depart,14,12.0,1,3,2025_2,2,0,0,0,0,0,0,0,8.0,23.0,0.7,1,0,0
2025_09_10,아이파크정문,6,depart,14,15.0,2,3,2025_2,2,0,0,0,0,0,0,0,12.0,23.8,0.0,0,0,0
2025_09_11,아이파크정문,6,depart,14,9.0,3,3,2025_2,2,0,0,0,0,0,0,0,15.0,23.4,0.0,0,0,0
2025_09_12,아이파크정문,6,depart,14,7.0,4,3,2025_2,2,0,0,0,0,0,0,0,9.0,22.0,10.2,1,0,0
2026_03_04,아이파크정문,6,depart,14,4.0,2,1,2026_1,1,0,0,0,0,0,0,0,7.0,5.0,0.0,0,0,0
2026_03_05,아이파크정문,6,depart,14,20.0,3,1,2026_1,1,0,0,0,0,0,1,0,4.0,5.4,14.0,1,0,0
2026_03_06,아이파크정문,6,depart,14,14.0,4,1,2026_1,1,0,0,0,0,0,0,0,20.0,1.0,1.6,1,1,0
2026_03_09,아이파크정문,6,depart,14,10.0,0,2,2026_1,1,0,0,0,0,0,0,0,14.0,3.0,0.0,0,1,0
2026_03_10,아이파크정문,6,depart,14,27.0,1,2,2026_1,1,0,0,0,0,0,0,0,10.0,2.2,0.0,0,1,0
2026_03_11,아이파크정문,6,depart,14,22.0,2,2,2026_1,1,0,0,0,0,0,0,0,27.0,3.4,0.0,0,1,0
2026_03_12,아이파크정문,6,depart,14,12.0,3,2,2026_1,1,0,0,0,0,0,0,0,22.0,4.9,0.0,0,1,0
2026_03_13,아이파크정문,6,depart,14,10.0,4,2,2026_1,1,0,0,0,0,0,0,0,12.0,5.8,0.0,0,0,0
2026_03_16,아이파크정문,6,depart,14,14.0,0,3,2026_1,1,0,0,0,0,0,0,0,10.0,5.8,0.0,0,0,0
2026_03_17,아이파크정문,6,depart,14,14.0,1,3,2026_1,1,0,0,0,0,0,0,0,14.0,6.0,0.0,0,0,0
2026_03_23,아이파크정문,6,depart,14,8.0,0,4,2026_1,1,0,0,0,0,0,0,0,14.0,9.6,0.0,0,0,0
2026_03_24,아이파크정문,6,depart,14,14.0,1,4,2026_1,1,0,0,0,0,0,0,0,8.0,10.6,0.0,0,0,0
2026_03_25,아이파크정문,6,depart,14,7.0,2,4,2026_1,1,0,0,0,0,0,0,0,14.0,12.0,0.0,0,0,0
2026_03_26,아이파크정문,6,depart,14,10.0,3,4,2026_1,1,0,0,0,0,0,0,0,7.0,10.5,0.0,0,0,0
2026_03_27,아이파크정문,6,depart,14,5.0,4,4,2026_1,1,0,0,0,0,0,0,0,10.0,11.0,0.1,0,0,0
2026_03_30,아이파크정문,6,depart,14,10.0,0,5,2026_1,1,0,0,0,0,0,0,0,5.0,13.7,3.2,1,0,0
2026_03_31,아이파크정문,6,depart,14,18.0,1,5,2026_1,1,0,0,0,0,0,0,0,10.0,13.6,9.5,1,0,0
2026_04_01,아이파크정문,6,depart,14,8.0,2,5,2026_1,1,0,0,0,0,0,0,0,18.0,11.5,0.1,0,0,0
2026_04_02,아이파크정문,6,depart,14,25.0,3,5,2026_1,1,0,0,0,0,0,0,0,8.0,9.6,0.0,0,0,0
2026_04_03,아이파크정문,6,depart,14,8.0,4,5,2026_1,1,0,0,0,0,0,0,0,25.0,13.0,0.0,0,0,0
2026_04_06,아이파크정문,6,depart,14,13.0,0,6,2026_1,1,0,0,0,1,0,0,0,8.0,9.1,5.5,1,0,0
2026_04_07,아이파크정문,6,depart,14,20.0,1,6,2026_1,1,0,0,0,1,0,0,0,13.0,6.4,0.0,0,0,0
2026_04_08,아이파크정문,6,depart,14,14.0,2,6,2026_1,1,0,0,0,1,0,0,0,20.0,7.4,0.0,0,0,0
2026_04_09,아이파크정문,6,depart,14,6.0,3,6,2026_1,1,0,0,0,1,0,0,0,14.0,9.1,18.9,1,0,0
2026_04_10,아이파크정문,6,depart,14,24.0,4,6,2026_1,1,0,0,0,1,0,0,0,6.0,9.8,5.8,1,0,0
2026_04_13,아이파크정문,6,depart,14,16.0,0,7,2026_1,1,0,0,0,0,0,0,0,24.0,16.4,0.0,0,0,0
2026_04_14,아이파크정문,6,depart,14,22.0,1,7,2026_1,1,0,0,0,0,0,0,0,16.0,19.0,0.0,0,0,0
2026_04_15,아이파크정문,6,depart,14,20.0,2,7,2026_1,1,0,0,0,0,0,0,0,22.0,17.6,0.0,0,0,0
2026_04_16,아이파크정문,6,depart,14,14.0,3,7,2026_1,1,1,1,0,0,0,0,0,20.0,17.8,0.0,0,0,0
2026_04_17,아이파크정문,6,depart,14,8.0,4,7,2026_1,1,1,1,0,0,0,0,0,14.0,16.0,0.2,0,0,0
2026_04_20,아이파크정문,6,depart,14,5.0,0,8,2026_1,1,1,1,0,0,0,0,0,8.0,12.2,0.7,1,0,0
2026_04_21,아이파크정문,6,depart,14,27.0,1,8,2026_1,1,1,1,0,0,0,1,0,5.0,11.1,0.0,0,0,0
2026_04_22,아이파크정문,6,depart,14,18.0,2,8,2026_1,1,1,1,0,0,0,0,0,27.0,13.4,0.0,0,0,0
2026_04_23,아이파크정문,6,depart,14,33.0,3,8,2026_1,1,1,1,0,0,0,1,1,18.0,16.1,0.0,0,0,0
2026_04_24,아이파크정문,6,depart,14,34.0,4,8,2026_1,1,1,1,0,0,0,1,0,33.0,17.2,0.0,0,0,0
2025_03_05,아이파크정문,6,depart,15,26.0,2,1,2025_1,1,0,0,0,0,0,1,0,,3.5,0.2,0,1,0
2025_03_06,아이파크정문,6,depart,15,31.0,3,1,2025_1,1,0,0,0,0,0,1,0,26.0,3.4,0.0,0,1,0
2025_03_07,아이파크정문,6,depart,15,9.0,4,1,2025_1,1,0,0,0,0,0,0,0,31.0,2.8,0.0,0,1,0
2025_03_10,아이파크정문,6,depart,15,38.0,0,2,2025_1,1,0,0,0,0,0,1,0,9.0,6.0,0.0,0,0,0
2025_03_12,아이파크정문,6,depart,15,76.0,2,2,2025_1,1,0,0,0,0,0,1,1,38.0,7.3,0.1,0,0,0
2025_03_13,아이파크정문,6,depart,15,67.0,3,2,2025_1,1,0,0,0,0,0,1,1,76.0,6.6,0.0,0,0,0
2025_03_14,아이파크정문,6,depart,15,73.0,4,2,2025_1,1,0,0,0,0,0,1,1,67.0,10.4,0.0,0,0,0
2025_03_17,아이파크정문,6,depart,15,40.0,0,3,2025_1,1,0,0,0,0,0,1,0,73.0,0.3,0.1,0,1,0
2025_03_18,아이파크정문,6,depart,15,72.0,1,3,2025_1,1,0,0,0,0,0,1,1,40.0,0.7,4.5,1,1,0
2025_03_19,아이파크정문,6,depart,15,72.0,2,3,2025_1,1,0,0,0,0,0,1,1,72.0,-0.8,0.0,0,1,0
2025_03_20,아이파크정문,6,depart,15,57.0,3,3,2025_1,1,0,0,0,0,0,1,1,72.0,6.1,0.0,0,0,0
2025_03_21,아이파크정문,6,depart,15,51.0,4,3,2025_1,1,0,0,0,0,0,1,1,57.0,9.6,0.0,0,0,0
2025_03_24,아이파크정문,6,depart,15,31.0,0,4,2025_1,1,0,0,0,0,0,0,0,51.0,14.1,0.0,0,0,0
2025_03_25,아이파크정문,6,depart,15,41.0,1,4,2025_1,1,0,0,0,0,0,1,0,31.0,13.2,0.0,0,0,0
2025_03_26,아이파크정문,6,depart,15,60.0,2,4,2025_1,1,0,0,0,0,0,1,1,41.0,12.6,0.0,0,0,0
2025_03_27,아이파크정문,6,depart,15,20.0,3,4,2025_1,1,0,0,0,0,0,1,1,60.0,12.6,1.0,1,0,0
2025_03_28,아이파크정문,6,depart,15,65.0,4,4,2025_1,1,0,0,0,0,0,1,1,20.0,6.0,0.0,0,0,0
2025_03_31,아이파크정문,6,depart,15,45.0,0,5,2025_1,1,0,0,0,0,0,1,0,65.0,5.2,0.0,0,0,0
2025_04_01,아이파크정문,6,depart,15,37.0,1,5,2025_1,1,0,0,0,0,0,1,0,45.0,7.6,0.0,0,0,0
2025_04_02,아이파크정문,6,depart,15,38.0,2,5,2025_1,1,0,0,0,0,0,1,0,37.0,7.6,0.6,1,0,0
2025_04_03,아이파크정문,6,depart,15,25.0,3,5,2025_1,1,0,0,0,0,0,0,0,38.0,7.8,0.0,0,0,0
2025_04_04,아이파크정문,6,depart,15,31.0,4,5,2025_1,1,0,0,0,0,0,1,0,25.0,9.0,0.0,0,0,0
2025_04_07,아이파크정문,6,depart,15,18.0,0,6,2025_1,1,0,0,0,1,0,0,0,31.0,10.9,0.0,0,0,0
2025_04_08,아이파크정문,6,depart,15,51.0,1,6,2025_1,1,0,0,0,1,0,1,0,18.0,11.1,3.3,1,0,0
2025_04_09,아이파크정문,6,depart,15,53.0,2,6,2025_1,1,0,0,0,1,0,1,0,51.0,10.8,0.2,0,0,0
2025_04_10,아이파크정문,6,depart,15,46.0,3,6,2025_1,1,0,0,0,1,0,1,0,53.0,11.0,0.0,0,0,0
2025_04_11,아이파크정문,6,depart,15,41.0,4,6,2025_1,1,0,0,0,1,0,1,0,46.0,12.8,0.0,0,0,0
2025_04_14,아이파크정문,6,depart,15,45.0,0,7,2025_1,1,0,0,0,0,0,1,0,41.0,4.6,8.8,1,1,0
2025_04_15,아이파크정문,6,depart,15,42.0,1,7,2025_1,1,0,0,0,0,0,1,0,45.0,5.6,0.0,0,0,0
2025_04_16,아이파크정문,6,depart,15,39.0,2,7,2025_1,1,1,1,0,0,0,1,0,42.0,12.2,1.4,1,0,0
2025_04_17,아이파크정문,6,depart,15,45.0,3,7,2025_1,1,1,1,0,0,0,1,0,39.0,18.0,0.0,0,0,0
2025_04_18,아이파크정문,6,depart,15,33.0,4,7,2025_1,1,1,1,0,0,0,1,0,45.0,16.8,0.0,0,0,0
2025_04_21,아이파크정문,6,depart,15,28.0,0,8,2025_1,1,1,1,0,0,0,1,0,33.0,18.0,0.0,0,0,0
2025_04_22,아이파크정문,6,depart,15,40.0,1,8,2025_1,1,1,1,0,0,0,1,0,28.0,16.2,25.2,1,0,0
2025_04_23,아이파크정문,6,depart,15,32.0,2,8,2025_1,1,1,1,0,0,0,1,0,40.0,15.2,0.0,0,0,0
2025_04_24,아이파크정문,6,depart,15,48.0,3,8,2025_1,1,1,1,0,0,0,1,1,32.0,12.3,0.0,0,0,0
2025_04_25,아이파크정문,6,depart,15,29.0,4,8,2025_1,1,1,1,0,0,0,1,0,48.0,10.4,0.0,0,0,0
2025_04_28,아이파크정문,6,depart,15,29.0,0,9,2025_1,1,1,1,0,0,0,1,0,29.0,12.4,0.0,0,0,0
2025_04_29,아이파크정문,6,depart,15,46.0,1,9,2025_1,1,1,1,0,0,0,1,1,29.0,12.0,0.0,0,0,0
2025_04_30,아이파크정문,6,depart,15,41.0,2,9,2025_1,1,1,1,0,0,0,1,1,46.0,16.2,0.0,0,0,0
2025_05_01,아이파크정문,6,depart,15,12.0,3,9,2025_1,1,0,0,0,0,0,0,0,41.0,12.6,22.3,1,0,0
2025_05_02,아이파크정문,6,depart,15,39.0,4,9,2025_1,1,0,0,0,0,0,1,0,12.0,12.1,0.0,0,0,0
2025_05_05,아이파크정문,6,depart,15,2.0,0,10,2025_1,1,0,0,0,0,1,0,0,39.0,10.6,0.3,0,0,0
2025_05_06,아이파크정문,6,depart,15,9.0,1,10,2025_1,1,0,0,0,0,1,0,0,2.0,12.5,0.0,0,0,0
2025_05_07,아이파크정문,6,depart,15,1.0,2,10,2025_1,1,0,0,0,0,0,1,0,9.0,12.6,0.1,0,0,0
2025_05_08,아이파크정문,6,depart,15,33.0,3,10,2025_1,1,0,0,0,0,0,1,1,1.0,15.4,0.0,0,0,0
2025_05_09,아이파크정문,6,depart,15,48.0,4,10,2025_1,1,0,0,0,0,0,1,0,33.0,13.6,21.7,1,0,0
2025_05_12,아이파크정문,6,depart,15,29.0,0,11,2025_1,1,0,0,0,0,0,0,0,48.0,15.0,0.0,0,0,0
2025_05_13,아이파크정문,6,depart,15,48.0,1,11,2025_1,1,0,0,0,0,0,1,1,29.0,19.0,0.0,0,0,0
2025_05_14,아이파크정문,6,depart,15,44.0,2,11,2025_1,1,0,0,0,0,0,1,1,48.0,20.4,0.1,0,0,0
2025_05_15,아이파크정문,6,depart,15,49.0,3,11,2025_1,1,0,0,0,0,0,1,1,44.0,19.4,4.7,1,0,0
2025_05_16,아이파크정문,6,depart,15,38.0,4,11,2025_1,1,0,0,0,0,0,1,0,49.0,20.0,16.3,1,0,0
2025_05_19,아이파크정문,6,depart,15,30.0,0,12,2025_1,1,0,0,0,0,0,1,0,38.0,15.0,0.0,0,0,0
2025_05_20,아이파크정문,6,depart,15,49.0,1,12,2025_1,1,0,0,0,0,0,1,1,30.0,21.3,0.2,0,0,0
2025_05_21,아이파크정문,6,depart,15,35.0,2,12,2025_1,1,0,0,0,0,0,1,1,49.0,24.2,0.4,0,0,0
2025_05_22,아이파크정문,6,depart,15,20.0,3,12,2025_1,1,0,0,0,0,0,0,0,35.0,22.7,2.6,1,0,0
2025_05_23,아이파크정문,6,depart,15,32.0,4,12,2025_1,1,0,0,0,0,0,0,0,20.0,19.3,3.5,1,0,0
2025_05_26,아이파크정문,6,depart,15,40.0,0,13,2025_1,1,0,0,0,1,0,1,0,32.0,18.7,0.0,0,0,0
2025_05_27,아이파크정문,6,depart,15,15.0,1,13,2025_1,1,0,0,0,1,0,1,1,40.0,19.6,0.0,0,0,0
2025_05_28,아이파크정문,6,depart,15,35.0,2,13,2025_1,1,0,0,0,1,0,1,1,15.0,19.5,0.6,1,0,0
2025_05_29,아이파크정문,6,depart,15,37.0,3,13,2025_1,1,0,0,0,1,0,1,1,35.0,20.4,0.4,0,0,0
2025_05_30,아이파크정문,6,depart,15,32.0,4,13,2025_1,1,0,0,0,1,0,0,0,37.0,21.7,0.0,0,0,0
2025_06_02,아이파크정문,6,depart,15,30.0,0,14,2025_1,1,0,0,0,0,0,0,0,32.0,20.2,1.0,1,0,0
2025_06_03,아이파크정문,6,depart,15,8.0,1,14,2025_1,1,0,0,0,0,0,0,0,30.0,20.2,0.2,0,0,0
2025_06_04,아이파크정문,6,depart,15,40.0,2,14,2025_1,1,1,0,1,0,0,1,1,8.0,19.0,0.0,0,0,0
2025_06_05,아이파크정문,6,depart,15,37.0,3,14,2025_1,1,1,0,1,0,0,1,0,40.0,20.0,0.0,0,0,0
2025_06_06,아이파크정문,6,depart,15,5.0,4,14,2025_1,1,1,0,1,0,1,0,0,37.0,23.3,0.0,0,0,0
2025_06_09,아이파크정문,6,depart,15,35.0,0,15,2025_1,1,1,0,1,0,0,1,0,5.0,24.5,0.2,0,0,0
2025_06_10,아이파크정문,6,depart,15,45.0,1,15,2025_1,1,1,0,1,0,0,1,0,35.0,21.0,0.0,0,0,0
2025_06_11,아이파크정문,6,depart,15,39.0,2,15,2025_1,1,1,0,1,0,0,1,0,45.0,21.2,0.0,0,0,0
2025_06_12,아이파크정문,6,depart,15,40.0,3,15,2025_1,1,1,0,1,0,0,1,0,39.0,23.9,0.0,0,0,0
2025_06_13,아이파크정문,6,depart,15,37.0,4,15,2025_1,1,1,0,1,0,0,1,0,40.0,23.2,3.8,1,0,0
2025_06_16,아이파크정문,6,depart,15,25.0,0,16,2025_1,1,1,0,1,0,0,0,0,37.0,22.8,16.0,1,0,0
2025_06_17,아이파크정문,6,depart,15,45.0,1,16,2025_1,1,1,0,1,0,0,1,1,25.0,23.0,0.4,0,0,0
2025_06_18,아이파크정문,6,depart,15,10.0,2,16,2025_1,1,0,0,0,0,0,0,0,45.0,24.2,0.0,0,0,0
2025_06_19,아이파크정문,6,depart,15,15.0,3,16,2025_1,1,0,0,0,0,0,0,0,10.0,26.2,0.3,0,0,0
2025_06_20,아이파크정문,6,depart,15,11.0,4,16,2025_1,1,0,0,0,0,0,0,0,15.0,23.0,48.9,1,0,0
2025_06_23,아이파크정문,6,depart,15,6.0,0,17,2025_1,1,0,0,0,0,0,0,0,11.0,23.3,0.0,0,0,0
2025_08_25,아이파크정문,6,depart,15,15.0,0,1,2025_2,2,0,0,0,0,0,0,0,6.0,28.0,21.8,1,0,0
2025_08_26,아이파크정문,6,depart,15,46.0,1,1,2025_2,2,0,0,0,0,0,1,0,15.0,26.1,22.2,1,0,0
2025_08_27,아이파크정문,6,depart,15,32.0,2,1,2025_2,2,0,0,0,0,0,1,0,46.0,25.9,0.1,0,0,0
2025_08_28,아이파크정문,6,depart,15,33.0,3,1,2025_2,2,0,0,0,0,0,0,0,32.0,26.6,1.5,1,0,0
2025_08_29,아이파크정문,6,depart,15,12.0,4,1,2025_2,2,0,0,0,0,0,0,0,33.0,27.6,5.9,1,0,0
2025_09_01,아이파크정문,6,depart,15,40.0,0,2,2025_2,2,0,0,0,0,0,1,0,12.0,25.7,17.6,1,0,0
2025_09_02,아이파크정문,6,depart,15,38.0,1,2,2025_2,2,0,0,0,0,0,1,1,40.0,24.3,0.0,0,0,0
2025_09_03,아이파크정문,6,depart,15,35.0,2,2,2025_2,2,0,0,0,0,0,1,1,38.0,25.0,0.0,0,0,0
2025_09_05,아이파크정문,6,depart,15,30.0,4,2,2025_2,2,0,0,0,0,0,1,0,35.0,26.1,0.3,0,0,0
2025_09_08,아이파크정문,6,depart,15,31.0,0,3,2025_2,2,0,0,0,0,0,0,0,30.0,22.8,0.0,0,0,0
2025_09_09,아이파크정문,6,depart,15,43.0,1,3,2025_2,2,0,0,0,0,0,1,0,31.0,23.0,0.7,1,0,0
2025_09_10,아이파크정문,6,depart,15,27.0,2,3,2025_2,2,0,0,0,0,0,1,0,43.0,23.8,0.0,0,0,0
2025_09_11,아이파크정문,6,depart,15,39.0,3,3,2025_2,2,0,0,0,0,0,1,0,27.0,23.4,0.0,0,0,0
2025_09_12,아이파크정문,6,depart,15,52.0,4,3,2025_2,2,0,0,0,0,0,1,0,39.0,22.0,10.2,1,0,0
2026_03_04,아이파크정문,6,depart,15,36.0,2,1,2026_1,1,0,0,0,0,0,1,1,52.0,5.0,0.0,0,0,0
2026_03_05,아이파크정문,6,depart,15,32.0,3,1,2026_1,1,0,0,0,0,0,1,0,36.0,5.4,14.0,1,0,0
2026_03_06,아이파크정문,6,depart,15,19.0,4,1,2026_1,1,0,0,0,0,0,0,0,32.0,1.0,1.6,1,1,0
2026_03_09,아이파크정문,6,depart,15,32.0,0,2,2026_1,1,0,0,0,0,0,1,0,19.0,3.0,0.0,0,1,0
2026_03_10,아이파크정문,6,depart,15,44.0,1,2,2026_1,1,0,0,0,0,0,1,0,32.0,2.2,0.0,0,1,0
2026_03_11,아이파크정문,6,depart,15,38.0,2,2,2026_1,1,0,0,0,0,0,1,0,44.0,3.4,0.0,0,1,0
2026_03_12,아이파크정문,6,depart,15,29.0,3,2,2026_1,1,0,0,0,0,0,1,0,38.0,4.9,0.0,0,1,0
2026_03_13,아이파크정문,6,depart,15,16.0,4,2,2026_1,1,0,0,0,0,0,1,0,29.0,5.8,0.0,0,0,0
2026_03_16,아이파크정문,6,depart,15,16.0,0,3,2026_1,1,0,0,0,0,0,0,0,16.0,5.8,0.0,0,0,0
2026_03_17,아이파크정문,6,depart,15,32.0,1,3,2026_1,1,0,0,0,0,0,1,0,16.0,6.0,0.0,0,0,0
2026_03_23,아이파크정문,6,depart,15,20.0,0,4,2026_1,1,0,0,0,0,0,0,0,32.0,9.6,0.0,0,0,0
2026_03_24,아이파크정문,6,depart,15,30.0,1,4,2026_1,1,0,0,0,0,0,1,0,20.0,10.6,0.0,0,0,0
2026_03_25,아이파크정문,6,depart,15,10.0,2,4,2026_1,1,0,0,0,0,0,1,0,30.0,12.0,0.0,0,0,0
2026_03_26,아이파크정문,6,depart,15,40.0,3,4,2026_1,1,0,0,0,0,0,1,1,10.0,10.5,0.0,0,0,0
2026_03_27,아이파크정문,6,depart,15,43.0,4,4,2026_1,1,0,0,0,0,0,1,1,40.0,11.0,0.1,0,0,0
2026_03_30,아이파크정문,6,depart,15,27.0,0,5,2026_1,1,0,0,0,0,0,1,0,43.0,13.7,3.2,1,0,0
2026_03_31,아이파크정문,6,depart,15,18.0,1,5,2026_1,1,0,0,0,0,0,1,0,27.0,13.6,9.5,1,0,0
2026_04_01,아이파크정문,6,depart,15,36.0,2,5,2026_1,1,0,0,0,0,0,1,1,18.0,11.5,0.1,0,0,0
2026_04_02,아이파크정문,6,depart,15,49.0,3,5,2026_1,1,0,0,0,0,0,1,1,36.0,9.6,0.0,0,0,0
2026_04_03,아이파크정문,6,depart,15,27.0,4,5,2026_1,1,0,0,0,0,0,1,1,49.0,13.0,0.0,0,0,0
2026_04_06,아이파크정문,6,depart,15,46.0,0,6,2026_1,1,0,0,0,1,0,1,1,27.0,9.1,5.5,1,0,0
2026_04_07,아이파크정문,6,depart,15,27.0,1,6,2026_1,1,0,0,0,1,0,1,0,46.0,6.4,0.0,0,0,0
2026_04_08,아이파크정문,6,depart,15,51.0,2,6,2026_1,1,0,0,0,1,0,1,0,27.0,7.4,0.0,0,0,0
2026_04_09,아이파크정문,6,depart,15,1.0,3,6,2026_1,1,0,0,0,1,0,0,0,51.0,9.1,18.9,1,0,0
2026_04_10,아이파크정문,6,depart,15,44.0,4,6,2026_1,1,0,0,0,1,0,1,1,1.0,9.8,5.8,1,0,0
2026_04_13,아이파크정문,6,depart,15,25.0,0,7,2026_1,1,0,0,0,0,0,1,0,44.0,16.4,0.0,0,0,0
2026_04_14,아이파크정문,6,depart,15,45.0,1,7,2026_1,1,0,0,0,0,0,1,1,25.0,19.0,0.0,0,0,0
2026_04_15,아이파크정문,6,depart,15,41.0,2,7,2026_1,1,0,0,0,0,0,1,0,45.0,17.6,0.0,0,0,0
2026_04_16,아이파크정문,6,depart,15,37.0,3,7,2026_1,1,1,1,0,0,0,1,0,41.0,17.8,0.0,0,0,0
2026_04_17,아이파크정문,6,depart,15,26.0,4,7,2026_1,1,1,1,0,0,0,1,0,37.0,16.0,0.2,0,0,0
2026_04_20,아이파크정문,6,depart,15,28.0,0,8,2026_1,1,1,1,0,0,0,1,0,26.0,12.2,0.7,1,0,0
2026_04_21,아이파크정문,6,depart,15,28.0,1,8,2026_1,1,1,1,0,0,0,1,0,28.0,11.1,0.0,0,0,0
2026_04_22,아이파크정문,6,depart,15,32.0,2,8,2026_1,1,1,1,0,0,0,1,0,28.0,13.4,0.0,0,0,0
2026_04_23,아이파크정문,6,depart,15,24.0,3,8,2026_1,1,1,1,0,0,0,1,1,32.0,16.1,0.0,0,0,0
2026_04_24,아이파크정문,6,depart,15,34.0,4,8,2026_1,1,1,1,0,0,0,1,0,24.0,17.2,0.0,0,0,0
2025_03_05,아이파크정문,6,depart,16,18.0,2,1,2025_1,1,0,0,0,0,0,0,0,,3.5,0.2,0,1,0
2025_03_06,아이파크정문,6,depart,16,21.0,3,1,2025_1,1,0,0,0,0,0,0,0,18.0,3.4,0.0,0,1,0
2025_03_07,아이파크정문,6,depart,16,12.0,4,1,2025_1,1,0,0,0,0,0,0,0,21.0,2.8,0.0,0,1,0
2025_03_10,아이파크정문,6,depart,16,73.0,0,2,2025_1,1,0,0,0,0,0,1,1,12.0,6.0,0.0,0,0,0
2025_03_12,아이파크정문,6,depart,16,47.0,2,2,2025_1,1,0,0,0,0,0,1,1,73.0,7.3,0.1,0,0,0
2025_03_13,아이파크정문,6,depart,16,61.0,3,2,2025_1,1,0,0,0,0,0,1,1,47.0,6.6,0.0,0,0,0
2025_03_14,아이파크정문,6,depart,16,33.0,4,2,2025_1,1,0,0,0,0,0,1,1,61.0,10.4,0.0,0,0,0
2025_03_17,아이파크정문,6,depart,16,58.0,0,3,2025_1,1,0,0,0,0,0,1,1,33.0,0.3,0.1,0,1,0
2025_03_18,아이파크정문,6,depart,16,37.0,1,3,2025_1,1,0,0,0,0,0,1,0,58.0,0.7,4.5,1,1,0
2025_03_19,아이파크정문,6,depart,16,54.0,2,3,2025_1,1,0,0,0,0,0,1,1,37.0,-0.8,0.0,0,1,0
2025_03_20,아이파크정문,6,depart,16,58.0,3,3,2025_1,1,0,0,0,0,0,1,1,54.0,6.1,0.0,0,0,0
2025_03_21,아이파크정문,6,depart,16,11.0,4,3,2025_1,1,0,0,0,0,0,0,0,58.0,9.6,0.0,0,0,0
2025_03_24,아이파크정문,6,depart,16,56.0,0,4,2025_1,1,0,0,0,0,0,1,1,11.0,14.1,0.0,0,0,0
2025_03_25,아이파크정문,6,depart,16,29.0,1,4,2025_1,1,0,0,0,0,0,1,0,56.0,13.2,0.0,0,0,0
2025_03_26,아이파크정문,6,depart,16,75.0,2,4,2025_1,1,0,0,0,0,0,1,1,29.0,12.6,0.0,0,0,0
2025_03_27,아이파크정문,6,depart,16,0.0,3,4,2025_1,1,0,0,0,0,0,0,0,75.0,12.6,1.0,1,0,0
2025_03_28,아이파크정문,6,depart,16,96.0,4,4,2025_1,1,0,0,0,0,0,1,1,0.0,6.0,0.0,0,0,0
2025_03_31,아이파크정문,6,depart,16,68.0,0,5,2025_1,1,0,0,0,0,0,1,1,96.0,5.2,0.0,0,0,0
2025_04_01,아이파크정문,6,depart,16,17.0,1,5,2025_1,1,0,0,0,0,0,0,0,68.0,7.6,0.0,0,0,0
2025_04_02,아이파크정문,6,depart,16,42.0,2,5,2025_1,1,0,0,0,0,0,1,0,17.0,7.6,0.6,1,0,0
2025_04_03,아이파크정문,6,depart,16,39.0,3,5,2025_1,1,0,0,0,0,0,1,0,42.0,7.8,0.0,0,0,0
2025_04_04,아이파크정문,6,depart,16,28.0,4,5,2025_1,1,0,0,0,0,0,1,1,39.0,9.0,0.0,0,0,0
2025_04_07,아이파크정문,6,depart,16,35.0,0,6,2025_1,1,0,0,0,1,0,1,0,28.0,10.9,0.0,0,0,0
2025_04_08,아이파크정문,6,depart,16,30.0,1,6,2025_1,1,0,0,0,1,0,1,0,35.0,11.1,3.3,1,0,0
2025_04_09,아이파크정문,6,depart,16,27.0,2,6,2025_1,1,0,0,0,1,0,0,0,30.0,10.8,0.2,0,0,0
2025_04_10,아이파크정문,6,depart,16,31.0,3,6,2025_1,1,0,0,0,1,0,1,1,27.0,11.0,0.0,0,0,0
2025_04_11,아이파크정문,6,depart,16,23.0,4,6,2025_1,1,0,0,0,1,0,1,0,31.0,12.8,0.0,0,0,0
2025_04_14,아이파크정문,6,depart,16,31.0,0,7,2025_1,1,0,0,0,0,0,1,0,23.0,4.6,8.8,1,1,0
2025_04_15,아이파크정문,6,depart,16,20.0,1,7,2025_1,1,0,0,0,0,0,0,0,31.0,5.6,0.0,0,0,0
2025_04_16,아이파크정문,6,depart,16,39.0,2,7,2025_1,1,1,1,0,0,0,1,0,20.0,12.2,1.4,1,0,0
2025_04_17,아이파크정문,6,depart,16,42.0,3,7,2025_1,1,1,1,0,0,0,1,1,39.0,18.0,0.0,0,0,0
2025_04_18,아이파크정문,6,depart,16,26.0,4,7,2025_1,1,1,1,0,0,0,1,0,42.0,16.8,0.0,0,0,0
2025_04_21,아이파크정문,6,depart,16,28.0,0,8,2025_1,1,1,1,0,0,0,0,0,26.0,18.0,0.0,0,0,0
2025_04_22,아이파크정문,6,depart,16,28.0,1,8,2025_1,1,1,1,0,0,0,0,0,28.0,16.2,25.2,1,0,0
2025_04_23,아이파크정문,6,depart,16,20.0,2,8,2025_1,1,1,1,0,0,0,0,0,28.0,15.2,0.0,0,0,0
2025_04_24,아이파크정문,6,depart,16,36.0,3,8,2025_1,1,1,1,0,0,0,1,0,20.0,12.3,0.0,0,0,0
2025_04_25,아이파크정문,6,depart,16,22.0,4,8,2025_1,1,1,1,0,0,0,0,0,36.0,10.4,0.0,0,0,0
2025_04_28,아이파크정문,6,depart,16,17.0,0,9,2025_1,1,1,1,0,0,0,0,0,22.0,12.4,0.0,0,0,0
2025_04_29,아이파크정문,6,depart,16,34.0,1,9,2025_1,1,1,1,0,0,0,1,0,17.0,12.0,0.0,0,0,0
2025_04_30,아이파크정문,6,depart,16,38.0,2,9,2025_1,1,1,1,0,0,0,1,0,34.0,16.2,0.0,0,0,0
2025_05_01,아이파크정문,6,depart,16,11.0,3,9,2025_1,1,0,0,0,0,0,0,0,38.0,12.6,22.3,1,0,0
2025_05_02,아이파크정문,6,depart,16,21.0,4,9,2025_1,1,0,0,0,0,0,0,0,11.0,12.1,0.0,0,0,0
2025_05_05,아이파크정문,6,depart,16,7.0,0,10,2025_1,1,0,0,0,0,1,0,0,21.0,10.6,0.3,0,0,0
2025_05_06,아이파크정문,6,depart,16,3.0,1,10,2025_1,1,0,0,0,0,1,0,0,7.0,12.5,0.0,0,0,0
2025_05_07,아이파크정문,6,depart,16,17.0,2,10,2025_1,1,0,0,0,0,0,1,1,3.0,12.6,0.1,0,0,0
2025_05_08,아이파크정문,6,depart,16,38.0,3,10,2025_1,1,0,0,0,0,0,1,1,17.0,15.4,0.0,0,0,0
2025_05_09,아이파크정문,6,depart,16,17.0,4,10,2025_1,1,0,0,0,0,0,0,0,38.0,13.6,21.7,1,0,0
2025_05_12,아이파크정문,6,depart,16,49.0,0,11,2025_1,1,0,0,0,0,0,1,1,17.0,15.0,0.0,0,0,0
2025_05_13,아이파크정문,6,depart,16,43.0,1,11,2025_1,1,0,0,0,0,0,1,1,49.0,19.0,0.0,0,0,0
2025_05_14,아이파크정문,6,depart,16,30.0,2,11,2025_1,1,0,0,0,0,0,1,0,43.0,20.4,0.1,0,0,0
2025_05_15,아이파크정문,6,depart,16,31.0,3,11,2025_1,1,0,0,0,0,0,1,1,30.0,19.4,4.7,1,0,0
2025_05_16,아이파크정문,6,depart,16,18.0,4,11,2025_1,1,0,0,0,0,0,0,0,31.0,20.0,16.3,1,0,0
2025_05_19,아이파크정문,6,depart,16,41.0,0,12,2025_1,1,0,0,0,0,0,1,0,18.0,15.0,0.0,0,0,0
2025_05_20,아이파크정문,6,depart,16,26.0,1,12,2025_1,1,0,0,0,0,0,1,0,41.0,21.3,0.2,0,0,0
2025_05_21,아이파크정문,6,depart,16,29.0,2,12,2025_1,1,0,0,0,0,0,1,0,26.0,24.2,0.4,0,0,0
2025_05_22,아이파크정문,6,depart,16,31.0,3,12,2025_1,1,0,0,0,0,0,0,0,29.0,22.7,2.6,1,0,0
2025_05_23,아이파크정문,6,depart,16,15.0,4,12,2025_1,1,0,0,0,0,0,0,0,31.0,19.3,3.5,1,0,0
2025_05_26,아이파크정문,6,depart,16,50.0,0,13,2025_1,1,0,0,0,1,0,1,1,15.0,18.7,0.0,0,0,0
2025_05_27,아이파크정문,6,depart,16,29.0,1,13,2025_1,1,0,0,0,1,0,1,1,50.0,19.6,0.0,0,0,0
2025_05_28,아이파크정문,6,depart,16,47.0,2,13,2025_1,1,0,0,0,1,0,1,1,29.0,19.5,0.6,1,0,0
2025_05_29,아이파크정문,6,depart,16,0.0,3,13,2025_1,1,0,0,0,1,0,1,1,47.0,20.4,0.4,0,0,0
2025_05_30,아이파크정문,6,depart,16,21.0,4,13,2025_1,1,0,0,0,1,0,1,0,0.0,21.7,0.0,0,0,0
2025_06_02,아이파크정문,6,depart,16,23.0,0,14,2025_1,1,0,0,0,0,0,1,0,21.0,20.2,1.0,1,0,0
2025_06_03,아이파크정문,6,depart,16,5.0,1,14,2025_1,1,0,0,0,0,0,0,0,23.0,20.2,0.2,0,0,0
2025_06_04,아이파크정문,6,depart,16,29.0,2,14,2025_1,1,1,0,1,0,0,1,0,5.0,19.0,0.0,0,0,0
2025_06_05,아이파크정문,6,depart,16,45.0,3,14,2025_1,1,1,0,1,0,0,1,1,29.0,20.0,0.0,0,0,0
2025_06_06,아이파크정문,6,depart,16,5.0,4,14,2025_1,1,1,0,1,0,1,0,0,45.0,23.3,0.0,0,0,0
2025_06_09,아이파크정문,6,depart,16,24.0,0,15,2025_1,1,1,0,1,0,0,1,0,5.0,24.5,0.2,0,0,0
2025_06_10,아이파크정문,6,depart,16,28.0,1,15,2025_1,1,1,0,1,0,0,1,0,24.0,21.0,0.0,0,0,0
2025_06_11,아이파크정문,6,depart,16,16.0,2,15,2025_1,1,1,0,1,0,0,0,0,28.0,21.2,0.0,0,0,0
2025_06_12,아이파크정문,6,depart,16,23.0,3,15,2025_1,1,1,0,1,0,0,0,0,16.0,23.9,0.0,0,0,0
2025_06_13,아이파크정문,6,depart,16,24.0,4,15,2025_1,1,1,0,1,0,0,0,0,23.0,23.2,3.8,1,0,0
2025_06_16,아이파크정문,6,depart,16,24.0,0,16,2025_1,1,1,0,1,0,0,0,0,24.0,22.8,16.0,1,0,0
2025_06_17,아이파크정문,6,depart,16,24.0,1,16,2025_1,1,1,0,1,0,0,0,0,24.0,23.0,0.4,0,0,0
2025_06_18,아이파크정문,6,depart,16,14.0,2,16,2025_1,1,0,0,0,0,0,0,0,24.0,24.2,0.0,0,0,0
2025_06_19,아이파크정문,6,depart,16,15.0,3,16,2025_1,1,0,0,0,0,0,0,0,14.0,26.2,0.3,0,0,0
2025_06_20,아이파크정문,6,depart,16,8.0,4,16,2025_1,1,0,0,0,0,0,0,0,15.0,23.0,48.9,1,0,0
2025_06_23,아이파크정문,6,depart,16,17.0,0,17,2025_1,1,0,0,0,0,0,0,0,8.0,23.3,0.0,0,0,0
2025_08_25,아이파크정문,6,depart,16,24.0,0,1,2025_2,2,0,0,0,0,0,0,0,17.0,28.0,21.8,1,0,0
2025_08_26,아이파크정문,6,depart,16,21.0,1,1,2025_2,2,0,0,0,0,0,0,0,24.0,26.1,22.2,1,0,0
2025_08_27,아이파크정문,6,depart,16,36.0,2,1,2025_2,2,0,0,0,0,0,1,0,21.0,25.9,0.1,0,0,0
2025_08_28,아이파크정문,6,depart,16,25.0,3,1,2025_2,2,0,0,0,0,0,1,0,36.0,26.6,1.5,1,0,0
2025_08_29,아이파크정문,6,depart,16,13.0,4,1,2025_2,2,0,0,0,0,0,0,0,25.0,27.6,5.9,1,0,0
2025_09_01,아이파크정문,6,depart,16,37.0,0,2,2025_2,2,0,0,0,0,0,1,0,13.0,25.7,17.6,1,0,0
2025_09_02,아이파크정문,6,depart,16,34.0,1,2,2025_2,2,0,0,0,0,0,0,0,37.0,24.3,0.0,0,0,0
2025_09_03,아이파크정문,6,depart,16,24.0,2,2,2025_2,2,0,0,0,0,0,1,1,34.0,25.0,0.0,0,0,0
2025_09_05,아이파크정문,6,depart,16,32.0,4,2,2025_2,2,0,0,0,0,0,1,0,24.0,26.1,0.3,0,0,0
2025_09_08,아이파크정문,6,depart,16,39.0,0,3,2025_2,2,0,0,0,0,0,1,0,32.0,22.8,0.0,0,0,0
2025_09_09,아이파크정문,6,depart,16,26.0,1,3,2025_2,2,0,0,0,0,0,1,0,39.0,23.0,0.7,1,0,0
2025_09_10,아이파크정문,6,depart,16,40.0,2,3,2025_2,2,0,0,0,0,0,1,0,26.0,23.8,0.0,0,0,0
2025_09_11,아이파크정문,6,depart,16,29.0,3,3,2025_2,2,0,0,0,0,0,1,0,40.0,23.4,0.0,0,0,0
2025_09_12,아이파크정문,6,depart,16,26.0,4,3,2025_2,2,0,0,0,0,0,0,0,29.0,22.0,10.2,1,0,0
2026_03_04,아이파크정문,6,depart,16,51.0,2,1,2026_1,1,0,0,0,0,0,1,0,26.0,5.0,0.0,0,0,0
2026_03_05,아이파크정문,6,depart,16,24.0,3,1,2026_1,1,0,0,0,0,0,0,0,51.0,5.4,14.0,1,0,0
2026_03_06,아이파크정문,6,depart,16,15.0,4,1,2026_1,1,0,0,0,0,0,0,0,24.0,1.0,1.6,1,1,0
2026_03_09,아이파크정문,6,depart,16,25.0,0,2,2026_1,1,0,0,0,0,0,0,0,15.0,3.0,0.0,0,1,0
2026_03_10,아이파크정문,6,depart,16,24.0,1,2,2026_1,1,0,0,0,0,0,1,0,25.0,2.2,0.0,0,1,0
2026_03_11,아이파크정문,6,depart,16,35.0,2,2,2026_1,1,0,0,0,0,0,1,0,24.0,3.4,0.0,0,1,0
2026_03_12,아이파크정문,6,depart,16,41.0,3,2,2026_1,1,0,0,0,0,0,1,1,35.0,4.9,0.0,0,1,0
2026_03_13,아이파크정문,6,depart,16,31.0,4,2,2026_1,1,0,0,0,0,0,1,1,41.0,5.8,0.0,0,0,0
2026_03_16,아이파크정문,6,depart,16,34.0,0,3,2026_1,1,0,0,0,0,0,1,1,31.0,5.8,0.0,0,0,0
2026_03_17,아이파크정문,6,depart,16,41.0,1,3,2026_1,1,0,0,0,0,0,1,1,34.0,6.0,0.0,0,0,0
2026_03_23,아이파크정문,6,depart,16,11.0,0,4,2026_1,1,0,0,0,0,0,1,1,41.0,9.6,0.0,0,0,0
2026_03_24,아이파크정문,6,depart,16,45.0,1,4,2026_1,1,0,0,0,0,0,1,1,11.0,10.6,0.0,0,0,0
2026_03_25,아이파크정문,6,depart,16,38.0,2,4,2026_1,1,0,0,0,0,0,1,1,45.0,12.0,0.0,0,0,0
2026_03_26,아이파크정문,6,depart,16,43.0,3,4,2026_1,1,0,0,0,0,0,1,1,38.0,10.5,0.0,0,0,0
2026_03_27,아이파크정문,6,depart,16,40.0,4,4,2026_1,1,0,0,0,0,0,1,0,43.0,11.0,0.1,0,0,0
2026_03_30,아이파크정문,6,depart,16,38.0,0,5,2026_1,1,0,0,0,0,0,1,0,40.0,13.7,3.2,1,0,0
2026_03_31,아이파크정문,6,depart,16,38.0,1,5,2026_1,1,0,0,0,0,0,1,1,38.0,13.6,9.5,1,0,0
2026_04_01,아이파크정문,6,depart,16,35.0,2,5,2026_1,1,0,0,0,0,0,1,1,38.0,11.5,0.1,0,0,0
2026_04_02,아이파크정문,6,depart,16,24.0,3,5,2026_1,1,0,0,0,0,0,1,0,35.0,9.6,0.0,0,0,0
2026_04_03,아이파크정문,6,depart,16,41.0,4,5,2026_1,1,0,0,0,0,0,1,1,24.0,13.0,0.0,0,0,0
2026_04_06,아이파크정문,6,depart,16,37.0,0,6,2026_1,1,0,0,0,1,0,1,0,41.0,9.1,5.5,1,0,0
2026_04_07,아이파크정문,6,depart,16,38.0,1,6,2026_1,1,0,0,0,1,0,1,0,37.0,6.4,0.0,0,0,0
2026_04_08,아이파크정문,6,depart,16,35.0,2,6,2026_1,1,0,0,0,1,0,1,0,38.0,7.4,0.0,0,0,0
2026_04_09,아이파크정문,6,depart,16,26.0,3,6,2026_1,1,0,0,0,1,0,1,1,35.0,9.1,18.9,1,0,0
2026_04_10,아이파크정문,6,depart,16,31.0,4,6,2026_1,1,0,0,0,1,0,1,0,26.0,9.8,5.8,1,0,0
2026_04_13,아이파크정문,6,depart,16,23.0,0,7,2026_1,1,0,0,0,0,0,1,0,31.0,16.4,0.0,0,0,0
2026_04_14,아이파크정문,6,depart,16,12.0,1,7,2026_1,1,0,0,0,0,0,1,0,23.0,19.0,0.0,0,0,0
2026_04_15,아이파크정문,6,depart,16,28.0,2,7,2026_1,1,0,0,0,0,0,1,1,12.0,17.6,0.0,0,0,0
2026_04_16,아이파크정문,6,depart,16,23.0,3,7,2026_1,1,1,1,0,0,0,1,1,28.0,17.8,0.0,0,0,0
2026_04_17,아이파크정문,6,depart,16,17.0,4,7,2026_1,1,1,1,0,0,0,0,0,23.0,16.0,0.2,0,0,0
2026_04_20,아이파크정문,6,depart,16,28.0,0,8,2026_1,1,1,1,0,0,0,1,0,17.0,12.2,0.7,1,0,0
2026_04_21,아이파크정문,6,depart,16,31.0,1,8,2026_1,1,1,1,0,0,0,1,0,28.0,11.1,0.0,0,0,0
2026_04_22,아이파크정문,6,depart,16,26.0,2,8,2026_1,1,1,1,0,0,0,1,0,31.0,13.4,0.0,0,0,0
2026_04_23,아이파크정문,6,depart,16,26.0,3,8,2026_1,1,1,1,0,0,0,1,1,26.0,16.1,0.0,0,0,0
2026_04_24,아이파크정문,6,depart,16,28.0,4,8,2026_1,1,1,1,0,0,0,1,0,26.0,17.2,0.0,0,0,0
2025_03_05,아이파크정문,6,depart,17,17.0,2,1,2025_1,1,0,0,0,0,0,0,0,,3.5,0.2,0,1,0
2025_03_06,아이파크정문,6,depart,17,16.0,3,1,2025_1,1,0,0,0,0,0,0,0,17.0,3.4,0.0,0,1,0
2025_03_07,아이파크정문,6,depart,17,5.0,4,1,2025_1,1,0,0,0,0,0,0,0,16.0,2.8,0.0,0,1,0
2025_03_10,아이파크정문,6,depart,17,22.0,0,2,2025_1,1,0,0,0,0,0,0,0,5.0,6.0,0.0,0,0,0
2025_03_12,아이파크정문,6,depart,17,61.0,2,2,2025_1,1,0,0,0,0,0,1,1,22.0,7.3,0.1,0,0,0
2025_03_13,아이파크정문,6,depart,17,56.0,3,2,2025_1,1,0,0,0,0,0,1,1,61.0,6.6,0.0,0,0,0
2025_03_14,아이파크정문,6,depart,17,41.0,4,2,2025_1,1,0,0,0,0,0,1,0,56.0,10.4,0.0,0,0,0
2025_03_17,아이파크정문,6,depart,17,24.0,0,3,2025_1,1,0,0,0,0,0,0,0,41.0,0.3,0.1,0,1,0
2025_03_18,아이파크정문,6,depart,17,63.0,1,3,2025_1,1,0,0,0,0,0,1,1,24.0,0.7,4.5,1,1,0
2025_03_19,아이파크정문,6,depart,17,34.0,2,3,2025_1,1,0,0,0,0,0,1,0,63.0,-0.8,0.0,0,1,0
2025_03_20,아이파크정문,6,depart,17,64.0,3,3,2025_1,1,0,0,0,0,0,1,1,34.0,6.1,0.0,0,0,0
2025_03_21,아이파크정문,6,depart,17,72.0,4,3,2025_1,1,0,0,0,0,0,1,1,64.0,9.6,0.0,0,0,0
2025_03_24,아이파크정문,6,depart,17,62.0,0,4,2025_1,1,0,0,0,0,0,1,1,72.0,14.1,0.0,0,0,0
2025_03_25,아이파크정문,6,depart,17,45.0,1,4,2025_1,1,0,0,0,0,0,1,1,62.0,13.2,0.0,0,0,0
2025_03_26,아이파크정문,6,depart,17,40.0,2,4,2025_1,1,0,0,0,0,0,1,1,45.0,12.6,0.0,0,0,0
2025_03_27,아이파크정문,6,depart,17,24.0,3,4,2025_1,1,0,0,0,0,0,1,1,40.0,12.6,1.0,1,0,0
2025_03_28,아이파크정문,6,depart,17,47.0,4,4,2025_1,1,0,0,0,0,0,1,0,24.0,6.0,0.0,0,0,0
2025_03_31,아이파크정문,6,depart,17,36.0,0,5,2025_1,1,0,0,0,0,0,1,0,47.0,5.2,0.0,0,0,0
2025_04_01,아이파크정문,6,depart,17,30.0,1,5,2025_1,1,0,0,0,0,0,0,0,36.0,7.6,0.0,0,0,0
2025_04_02,아이파크정문,6,depart,17,33.0,2,5,2025_1,1,0,0,0,0,0,1,0,30.0,7.6,0.6,1,0,0
2025_04_03,아이파크정문,6,depart,17,32.0,3,5,2025_1,1,0,0,0,0,0,1,0,33.0,7.8,0.0,0,0,0
2025_04_04,아이파크정문,6,depart,17,37.0,4,5,2025_1,1,0,0,0,0,0,1,0,32.0,9.0,0.0,0,0,0
2025_04_07,아이파크정문,6,depart,17,21.0,0,6,2025_1,1,0,0,0,1,0,0,0,37.0,10.9,0.0,0,0,0
2025_04_08,아이파크정문,6,depart,17,35.0,1,6,2025_1,1,0,0,0,1,0,1,0,21.0,11.1,3.3,1,0,0
2025_04_09,아이파크정문,6,depart,17,48.0,2,6,2025_1,1,0,0,0,1,0,1,0,35.0,10.8,0.2,0,0,0
2025_04_10,아이파크정문,6,depart,17,22.0,3,6,2025_1,1,0,0,0,1,0,1,1,48.0,11.0,0.0,0,0,0
2025_04_11,아이파크정문,6,depart,17,21.0,4,6,2025_1,1,0,0,0,1,0,0,0,22.0,12.8,0.0,0,0,0
2025_04_14,아이파크정문,6,depart,17,23.0,0,7,2025_1,1,0,0,0,0,0,0,0,21.0,4.6,8.8,1,1,0
2025_04_15,아이파크정문,6,depart,17,26.0,1,7,2025_1,1,0,0,0,0,0,0,0,23.0,5.6,0.0,0,0,0
2025_04_16,아이파크정문,6,depart,17,41.0,2,7,2025_1,1,1,1,0,0,0,1,0,26.0,12.2,1.4,1,0,0
2025_04_17,아이파크정문,6,depart,17,47.0,3,7,2025_1,1,1,1,0,0,0,1,1,41.0,18.0,0.0,0,0,0
2025_04_18,아이파크정문,6,depart,17,45.0,4,7,2025_1,1,1,1,0,0,0,1,0,47.0,16.8,0.0,0,0,0
2025_04_21,아이파크정문,6,depart,17,30.0,0,8,2025_1,1,1,1,0,0,0,0,0,45.0,18.0,0.0,0,0,0
2025_04_22,아이파크정문,6,depart,17,25.0,1,8,2025_1,1,1,1,0,0,0,0,0,30.0,16.2,25.2,1,0,0
2025_04_23,아이파크정문,6,depart,17,8.0,2,8,2025_1,1,1,1,0,0,0,0,0,25.0,15.2,0.0,0,0,0
2025_04_24,아이파크정문,6,depart,17,22.0,3,8,2025_1,1,1,1,0,0,0,0,0,8.0,12.3,0.0,0,0,0
2025_04_25,아이파크정문,6,depart,17,15.0,4,8,2025_1,1,1,1,0,0,0,0,0,22.0,10.4,0.0,0,0,0
2025_04_28,아이파크정문,6,depart,17,9.0,0,9,2025_1,1,1,1,0,0,0,0,0,15.0,12.4,0.0,0,0,0
2025_04_29,아이파크정문,6,depart,17,10.0,1,9,2025_1,1,1,1,0,0,0,0,0,9.0,12.0,0.0,0,0,0
2025_04_30,아이파크정문,6,depart,17,38.0,2,9,2025_1,1,1,1,0,0,0,1,1,10.0,16.2,0.0,0,0,0
2025_05_01,아이파크정문,6,depart,17,3.0,3,9,2025_1,1,0,0,0,0,0,0,0,38.0,12.6,22.3,1,0,0
2025_05_02,아이파크정문,6,depart,17,38.0,4,9,2025_1,1,0,0,0,0,0,1,0,3.0,12.1,0.0,0,0,0
2025_05_05,아이파크정문,6,depart,17,4.0,0,10,2025_1,1,0,0,0,0,1,0,0,38.0,10.6,0.3,0,0,0
2025_05_06,아이파크정문,6,depart,17,2.0,1,10,2025_1,1,0,0,0,0,1,0,0,4.0,12.5,0.0,0,0,0
2025_05_07,아이파크정문,6,depart,17,42.0,2,10,2025_1,1,0,0,0,0,0,1,1,2.0,12.6,0.1,0,0,0
2025_05_08,아이파크정문,6,depart,17,37.0,3,10,2025_1,1,0,0,0,0,0,1,1,42.0,15.4,0.0,0,0,0
2025_05_09,아이파크정문,6,depart,17,29.0,4,10,2025_1,1,0,0,0,0,0,0,0,37.0,13.6,21.7,1,0,0
2025_05_12,아이파크정문,6,depart,17,43.0,0,11,2025_1,1,0,0,0,0,0,1,0,29.0,15.0,0.0,0,0,0
2025_05_13,아이파크정문,6,depart,17,26.0,1,11,2025_1,1,0,0,0,0,0,0,0,43.0,19.0,0.0,0,0,0
2025_05_14,아이파크정문,6,depart,17,32.0,2,11,2025_1,1,0,0,0,0,0,1,0,26.0,20.4,0.1,0,0,0
2025_05_15,아이파크정문,6,depart,17,38.0,3,11,2025_1,1,0,0,0,0,0,1,1,32.0,19.4,4.7,1,0,0
2025_05_16,아이파크정문,6,depart,17,28.0,4,11,2025_1,1,0,0,0,0,0,1,0,38.0,20.0,16.3,1,0,0
2025_05_19,아이파크정문,6,depart,17,30.0,0,12,2025_1,1,0,0,0,0,0,1,0,28.0,15.0,0.0,0,0,0
2025_05_20,아이파크정문,6,depart,17,39.0,1,12,2025_1,1,0,0,0,0,0,1,0,30.0,21.3,0.2,0,0,0
2025_05_21,아이파크정문,6,depart,17,34.0,2,12,2025_1,1,0,0,0,0,0,1,0,39.0,24.2,0.4,0,0,0
2025_05_22,아이파크정문,6,depart,17,9.0,3,12,2025_1,1,0,0,0,0,0,0,0,34.0,22.7,2.6,1,0,0
2025_05_23,아이파크정문,6,depart,17,18.0,4,12,2025_1,1,0,0,0,0,0,0,0,9.0,19.3,3.5,1,0,0
2025_05_26,아이파크정문,6,depart,17,30.0,0,13,2025_1,1,0,0,0,1,0,1,0,18.0,18.7,0.0,0,0,0
2025_05_27,아이파크정문,6,depart,17,39.0,1,13,2025_1,1,0,0,0,1,0,1,0,30.0,19.6,0.0,0,0,0
2025_05_28,아이파크정문,6,depart,17,36.0,2,13,2025_1,1,0,0,0,1,0,1,0,39.0,19.5,0.6,1,0,0
2025_05_29,아이파크정문,6,depart,17,0.0,3,13,2025_1,1,0,0,0,1,0,1,1,36.0,20.4,0.4,0,0,0
2025_05_30,아이파크정문,6,depart,17,31.0,4,13,2025_1,1,0,0,0,1,0,1,0,0.0,21.7,0.0,0,0,0
2025_06_02,아이파크정문,6,depart,17,30.0,0,14,2025_1,1,0,0,0,0,0,1,0,31.0,20.2,1.0,1,0,0
2025_06_03,아이파크정문,6,depart,17,3.0,1,14,2025_1,1,0,0,0,0,0,0,0,30.0,20.2,0.2,0,0,0
2025_06_04,아이파크정문,6,depart,17,23.0,2,14,2025_1,1,1,0,1,0,0,0,0,3.0,19.0,0.0,0,0,0
2025_06_05,아이파크정문,6,depart,17,26.0,3,14,2025_1,1,1,0,1,0,0,1,1,23.0,20.0,0.0,0,0,0
2025_06_06,아이파크정문,6,depart,17,2.0,4,14,2025_1,1,1,0,1,0,1,0,0,26.0,23.3,0.0,0,0,0
2025_06_09,아이파크정문,6,depart,17,27.0,0,15,2025_1,1,1,0,1,0,0,0,0,2.0,24.5,0.2,0,0,0
2025_06_10,아이파크정문,6,depart,17,24.0,1,15,2025_1,1,1,0,1,0,0,0,0,27.0,21.0,0.0,0,0,0
2025_06_11,아이파크정문,6,depart,17,12.0,2,15,2025_1,1,1,0,1,0,0,0,0,24.0,21.2,0.0,0,0,0
2025_06_12,아이파크정문,6,depart,17,13.0,3,15,2025_1,1,1,0,1,0,0,0,0,12.0,23.9,0.0,0,0,0
2025_06_13,아이파크정문,6,depart,17,21.0,4,15,2025_1,1,1,0,1,0,0,0,0,13.0,23.2,3.8,1,0,0
2025_06_16,아이파크정문,6,depart,17,10.0,0,16,2025_1,1,1,0,1,0,0,0,0,21.0,22.8,16.0,1,0,0
2025_06_17,아이파크정문,6,depart,17,26.0,1,16,2025_1,1,1,0,1,0,0,0,0,10.0,23.0,0.4,0,0,0
2025_06_18,아이파크정문,6,depart,17,1.0,2,16,2025_1,1,0,0,0,0,0,0,0,26.0,24.2,0.0,0,0,0
2025_06_19,아이파크정문,6,depart,17,11.0,3,16,2025_1,1,0,0,0,0,0,0,0,1.0,26.2,0.3,0,0,0
2025_06_20,아이파크정문,6,depart,17,3.0,4,16,2025_1,1,0,0,0,0,0,0,0,11.0,23.0,48.9,1,0,0
2025_06_23,아이파크정문,6,depart,17,5.0,0,17,2025_1,1,0,0,0,0,0,0,0,3.0,23.3,0.0,0,0,0
2025_08_25,아이파크정문,6,depart,17,5.0,0,1,2025_2,2,0,0,0,0,0,0,0,5.0,28.0,21.8,1,0,0
2025_08_26,아이파크정문,6,depart,17,7.0,1,1,2025_2,2,0,0,0,0,0,0,0,5.0,26.1,22.2,1,0,0
2025_08_27,아이파크정문,6,depart,17,9.0,2,1,2025_2,2,0,0,0,0,0,0,0,7.0,25.9,0.1,0,0,0
2025_08_28,아이파크정문,6,depart,17,12.0,3,1,2025_2,2,0,0,0,0,0,0,0,9.0,26.6,1.5,1,0,0
2025_08_29,아이파크정문,6,depart,17,11.0,4,1,2025_2,2,0,0,0,0,0,0,0,12.0,27.6,5.9,1,0,0
2025_09_01,아이파크정문,6,depart,17,15.0,0,2,2025_2,2,0,0,0,0,0,0,0,11.0,25.7,17.6,1,0,0
2025_09_02,아이파크정문,6,depart,17,31.0,1,2,2025_2,2,0,0,0,0,0,0,0,15.0,24.3,0.0,0,0,0
2025_09_03,아이파크정문,6,depart,17,36.0,2,2,2025_2,2,0,0,0,0,0,1,0,31.0,25.0,0.0,0,0,0
2025_09_05,아이파크정문,6,depart,17,15.0,4,2,2025_2,2,0,0,0,0,0,0,0,36.0,26.1,0.3,0,0,0
2025_09_08,아이파크정문,6,depart,17,24.0,0,3,2025_2,2,0,0,0,0,0,0,0,15.0,22.8,0.0,0,0,0
2025_09_09,아이파크정문,6,depart,17,11.0,1,3,2025_2,2,0,0,0,0,0,0,0,24.0,23.0,0.7,1,0,0
2025_09_10,아이파크정문,6,depart,17,19.0,2,3,2025_2,2,0,0,0,0,0,0,0,11.0,23.8,0.0,0,0,0
2025_09_11,아이파크정문,6,depart,17,24.0,3,3,2025_2,2,0,0,0,0,0,0,0,19.0,23.4,0.0,0,0,0
2025_09_12,아이파크정문,6,depart,17,23.0,4,3,2025_2,2,0,0,0,0,0,0,0,24.0,22.0,10.2,1,0,0
2026_03_04,아이파크정문,6,depart,17,25.0,2,1,2026_1,1,0,0,0,0,0,0,0,23.0,5.0,0.0,0,0,0
2026_03_05,아이파크정문,6,depart,17,14.0,3,1,2026_1,1,0,0,0,0,0,0,0,25.0,5.4,14.0,1,0,0
2026_03_06,아이파크정문,6,depart,17,5.0,4,1,2026_1,1,0,0,0,0,0,0,0,14.0,1.0,1.6,1,1,0
2026_03_09,아이파크정문,6,depart,17,16.0,0,2,2026_1,1,0,0,0,0,0,0,0,5.0,3.0,0.0,0,1,0
2026_03_10,아이파크정문,6,depart,17,22.0,1,2,2026_1,1,0,0,0,0,0,0,0,16.0,2.2,0.0,0,1,0
2026_03_11,아이파크정문,6,depart,17,26.0,2,2,2026_1,1,0,0,0,0,0,0,0,22.0,3.4,0.0,0,1,0
2026_03_12,아이파크정문,6,depart,17,31.0,3,2,2026_1,1,0,0,0,0,0,1,0,26.0,4.9,0.0,0,1,0
2026_03_13,아이파크정문,6,depart,17,24.0,4,2,2026_1,1,0,0,0,0,0,1,0,31.0,5.8,0.0,0,0,0
2026_03_16,아이파크정문,6,depart,17,39.0,0,3,2026_1,1,0,0,0,0,0,1,0,24.0,5.8,0.0,0,0,0
2026_03_17,아이파크정문,6,depart,17,23.0,1,3,2026_1,1,0,0,0,0,0,1,0,39.0,6.0,0.0,0,0,0
2026_03_23,아이파크정문,6,depart,17,24.0,0,4,2026_1,1,0,0,0,0,0,1,1,23.0,9.6,0.0,0,0,0
2026_03_24,아이파크정문,6,depart,17,42.0,1,4,2026_1,1,0,0,0,0,0,1,1,24.0,10.6,0.0,0,0,0
2026_03_25,아이파크정문,6,depart,17,23.0,2,4,2026_1,1,0,0,0,0,0,1,0,42.0,12.0,0.0,0,0,0
2026_03_26,아이파크정문,6,depart,17,27.0,3,4,2026_1,1,0,0,0,0,0,1,0,23.0,10.5,0.0,0,0,0
2026_03_27,아이파크정문,6,depart,17,22.0,4,4,2026_1,1,0,0,0,0,0,0,0,27.0,11.0,0.1,0,0,0
2026_03_30,아이파크정문,6,depart,17,22.0,0,5,2026_1,1,0,0,0,0,0,0,0,22.0,13.7,3.2,1,0,0
2026_03_31,아이파크정문,6,depart,17,27.0,1,5,2026_1,1,0,0,0,0,0,1,0,22.0,13.6,9.5,1,0,0
2026_04_01,아이파크정문,6,depart,17,36.0,2,5,2026_1,1,0,0,0,0,0,1,0,27.0,11.5,0.1,0,0,0
2026_04_02,아이파크정문,6,depart,17,27.0,3,5,2026_1,1,0,0,0,0,0,1,1,36.0,9.6,0.0,0,0,0
2026_04_03,아이파크정문,6,depart,17,27.0,4,5,2026_1,1,0,0,0,0,0,1,0,27.0,13.0,0.0,0,0,0
2026_04_06,아이파크정문,6,depart,17,20.0,0,6,2026_1,1,0,0,0,1,0,1,0,27.0,9.1,5.5,1,0,0
2026_04_07,아이파크정문,6,depart,17,25.0,1,6,2026_1,1,0,0,0,1,0,0,0,20.0,6.4,0.0,0,0,0
2026_04_08,아이파크정문,6,depart,17,36.0,2,6,2026_1,1,0,0,0,1,0,1,0,25.0,7.4,0.0,0,0,0
2026_04_09,아이파크정문,6,depart,17,29.0,3,6,2026_1,1,0,0,0,1,0,1,1,36.0,9.1,18.9,1,0,0
2026_04_10,아이파크정문,6,depart,17,11.0,4,6,2026_1,1,0,0,0,1,0,0,0,29.0,9.8,5.8,1,0,0
2026_04_13,아이파크정문,6,depart,17,26.0,0,7,2026_1,1,0,0,0,0,0,1,0,11.0,16.4,0.0,0,0,0
2026_04_14,아이파크정문,6,depart,17,16.0,1,7,2026_1,1,0,0,0,0,0,1,1,26.0,19.0,0.0,0,0,0
2026_04_15,아이파크정문,6,depart,17,19.0,2,7,2026_1,1,0,0,0,0,0,0,0,16.0,17.6,0.0,0,0,0
2026_04_16,아이파크정문,6,depart,17,17.0,3,7,2026_1,1,1,1,0,0,0,0,0,19.0,17.8,0.0,0,0,0
2026_04_17,아이파크정문,6,depart,17,14.0,4,7,2026_1,1,1,1,0,0,0,0,0,17.0,16.0,0.2,0,0,0
2026_04_20,아이파크정문,6,depart,17,21.0,0,8,2026_1,1,1,1,0,0,0,0,0,14.0,12.2,0.7,1,0,0
2026_04_21,아이파크정문,6,depart,17,34.0,1,8,2026_1,1,1,1,0,0,0,1,0,21.0,11.1,0.0,0,0,0
2026_04_22,아이파크정문,6,depart,17,25.0,2,8,2026_1,1,1,1,0,0,0,1,0,34.0,13.4,0.0,0,0,0
2026_04_23,아이파크정문,6,depart,17,23.0,3,8,2026_1,1,1,1,0,0,0,0,0,25.0,16.1,0.0,0,0,0
2026_04_24,아이파크정문,6,depart,17,12.0,4,8,2026_1,1,1,1,0,0,0,0,0,23.0,17.2,0.0,0,0,0
2025_03_05,아이파크정문,6,depart,18,3.0,2,1,2025_1,1,0,0,0,0,0,0,0,,3.5,0.2,0,1,0
2025_03_06,아이파크정문,6,depart,18,9.0,3,1,2025_1,1,0,0,0,0,0,0,0,3.0,3.4,0.0,0,1,0
2025_03_07,아이파크정문,6,depart,18,2.0,4,1,2025_1,1,0,0,0,0,0,0,0,9.0,2.8,0.0,0,1,0
2025_03_10,아이파크정문,6,depart,18,18.0,0,2,2025_1,1,0,0,0,0,0,0,0,2.0,6.0,0.0,0,0,0
2025_03_12,아이파크정문,6,depart,18,9.0,2,2,2025_1,1,0,0,0,0,0,0,0,18.0,7.3,0.1,0,0,0
2025_03_13,아이파크정문,6,depart,18,20.0,3,2,2025_1,1,0,0,0,0,0,0,0,9.0,6.6,0.0,0,0,0
2025_03_14,아이파크정문,6,depart,18,14.0,4,2,2025_1,1,0,0,0,0,0,0,0,20.0,10.4,0.0,0,0,0
2025_03_17,아이파크정문,6,depart,18,17.0,0,3,2025_1,1,0,0,0,0,0,1,0,14.0,0.3,0.1,0,1,0
2025_03_18,아이파크정문,6,depart,18,34.0,1,3,2025_1,1,0,0,0,0,0,1,0,17.0,0.7,4.5,1,1,0
2025_03_19,아이파크정문,6,depart,18,19.0,2,3,2025_1,1,0,0,0,0,0,0,0,34.0,-0.8,0.0,0,1,0
2025_03_20,아이파크정문,6,depart,18,22.0,3,3,2025_1,1,0,0,0,0,0,0,0,19.0,6.1,0.0,0,0,0
2025_03_21,아이파크정문,6,depart,18,7.0,4,3,2025_1,1,0,0,0,0,0,0,0,22.0,9.6,0.0,0,0,0
2025_03_24,아이파크정문,6,depart,18,17.0,0,4,2025_1,1,0,0,0,0,0,0,0,7.0,14.1,0.0,0,0,0
2025_03_25,아이파크정문,6,depart,18,27.0,1,4,2025_1,1,0,0,0,0,0,0,0,17.0,13.2,0.0,0,0,0
2025_03_26,아이파크정문,6,depart,18,9.0,2,4,2025_1,1,0,0,0,0,0,0,0,27.0,12.6,0.0,0,0,0
2025_03_27,아이파크정문,6,depart,18,15.0,3,4,2025_1,1,0,0,0,0,0,0,0,9.0,12.6,1.0,1,0,0
2025_03_28,아이파크정문,6,depart,18,13.0,4,4,2025_1,1,0,0,0,0,0,0,0,15.0,6.0,0.0,0,0,0
2025_03_31,아이파크정문,6,depart,18,26.0,0,5,2025_1,1,0,0,0,0,0,0,0,13.0,5.2,0.0,0,0,0
2025_04_01,아이파크정문,6,depart,18,26.0,1,5,2025_1,1,0,0,0,0,0,0,0,26.0,7.6,0.0,0,0,0
2025_04_02,아이파크정문,6,depart,18,8.0,2,5,2025_1,1,0,0,0,0,0,0,0,26.0,7.6,0.6,1,0,0
2025_04_03,아이파크정문,6,depart,18,6.0,3,5,2025_1,1,0,0,0,0,0,0,0,8.0,7.8,0.0,0,0,0
2025_04_04,아이파크정문,6,depart,18,5.0,4,5,2025_1,1,0,0,0,0,0,0,0,6.0,9.0,0.0,0,0,0
2025_04_07,아이파크정문,6,depart,18,8.0,0,6,2025_1,1,0,0,0,1,0,0,0,5.0,10.9,0.0,0,0,0
2025_04_08,아이파크정문,6,depart,18,6.0,1,6,2025_1,1,0,0,0,1,0,0,0,8.0,11.1,3.3,1,0,0
2025_04_09,아이파크정문,6,depart,18,14.0,2,6,2025_1,1,0,0,0,1,0,0,0,6.0,10.8,0.2,0,0,0
2025_04_10,아이파크정문,6,depart,18,22.0,3,6,2025_1,1,0,0,0,1,0,0,0,14.0,11.0,0.0,0,0,0
2025_04_11,아이파크정문,6,depart,18,6.0,4,6,2025_1,1,0,0,0,1,0,0,0,22.0,12.8,0.0,0,0,0
2025_04_14,아이파크정문,6,depart,18,14.0,0,7,2025_1,1,0,0,0,0,0,0,0,6.0,4.6,8.8,1,1,0
2025_04_15,아이파크정문,6,depart,18,25.0,1,7,2025_1,1,0,0,0,0,0,0,0,14.0,5.6,0.0,0,0,0
2025_04_16,아이파크정문,6,depart,18,13.0,2,7,2025_1,1,1,1,0,0,0,0,0,25.0,12.2,1.4,1,0,0
2025_04_17,아이파크정문,6,depart,18,37.0,3,7,2025_1,1,1,1,0,0,0,1,0,13.0,18.0,0.0,0,0,0
2025_04_18,아이파크정문,6,depart,18,6.0,4,7,2025_1,1,1,1,0,0,0,0,0,37.0,16.8,0.0,0,0,0
2025_04_21,아이파크정문,6,depart,18,11.0,0,8,2025_1,1,1,1,0,0,0,0,0,6.0,18.0,0.0,0,0,0
2025_04_22,아이파크정문,6,depart,18,9.0,1,8,2025_1,1,1,1,0,0,0,0,0,11.0,16.2,25.2,1,0,0
2025_04_23,아이파크정문,6,depart,18,4.0,2,8,2025_1,1,1,1,0,0,0,0,0,9.0,15.2,0.0,0,0,0
2025_04_24,아이파크정문,6,depart,18,7.0,3,8,2025_1,1,1,1,0,0,0,0,0,4.0,12.3,0.0,0,0,0
2025_04_25,아이파크정문,6,depart,18,4.0,4,8,2025_1,1,1,1,0,0,0,0,0,7.0,10.4,0.0,0,0,0
2025_04_28,아이파크정문,6,depart,18,10.0,0,9,2025_1,1,1,1,0,0,0,0,0,4.0,12.4,0.0,0,0,0
2025_04_29,아이파크정문,6,depart,18,14.0,1,9,2025_1,1,1,1,0,0,0,0,0,10.0,12.0,0.0,0,0,0
2025_04_30,아이파크정문,6,depart,18,20.0,2,9,2025_1,1,1,1,0,0,0,0,0,14.0,16.2,0.0,0,0,0
2025_05_01,아이파크정문,6,depart,18,4.0,3,9,2025_1,1,0,0,0,0,0,0,0,20.0,12.6,22.3,1,0,0
2025_05_02,아이파크정문,6,depart,18,7.0,4,9,2025_1,1,0,0,0,0,0,0,0,4.0,12.1,0.0,0,0,0
2025_05_05,아이파크정문,6,depart,18,1.0,0,10,2025_1,1,0,0,0,0,1,0,0,7.0,10.6,0.3,0,0,0
2025_05_06,아이파크정문,6,depart,18,2.0,1,10,2025_1,1,0,0,0,0,1,0,0,1.0,12.5,0.0,0,0,0
2025_05_07,아이파크정문,6,depart,18,5.0,2,10,2025_1,1,0,0,0,0,0,0,0,2.0,12.6,0.1,0,0,0
2025_05_08,아이파크정문,6,depart,18,17.0,3,10,2025_1,1,0,0,0,0,0,0,0,5.0,15.4,0.0,0,0,0
2025_05_09,아이파크정문,6,depart,18,11.0,4,10,2025_1,1,0,0,0,0,0,0,0,17.0,13.6,21.7,1,0,0
2025_05_12,아이파크정문,6,depart,18,22.0,0,11,2025_1,1,0,0,0,0,0,0,0,11.0,15.0,0.0,0,0,0
2025_05_13,아이파크정문,6,depart,18,18.0,1,11,2025_1,1,0,0,0,0,0,0,0,22.0,19.0,0.0,0,0,0
2025_05_14,아이파크정문,6,depart,18,13.0,2,11,2025_1,1,0,0,0,0,0,0,0,18.0,20.4,0.1,0,0,0
2025_05_15,아이파크정문,6,depart,18,21.0,3,11,2025_1,1,0,0,0,0,0,0,0,13.0,19.4,4.7,1,0,0
2025_05_16,아이파크정문,6,depart,18,5.0,4,11,2025_1,1,0,0,0,0,0,0,0,21.0,20.0,16.3,1,0,0
2025_05_19,아이파크정문,6,depart,18,9.0,0,12,2025_1,1,0,0,0,0,0,0,0,5.0,15.0,0.0,0,0,0
2025_05_20,아이파크정문,6,depart,18,11.0,1,12,2025_1,1,0,0,0,0,0,0,0,9.0,21.3,0.2,0,0,0
2025_05_21,아이파크정문,6,depart,18,8.0,2,12,2025_1,1,0,0,0,0,0,0,0,11.0,24.2,0.4,0,0,0
2025_05_22,아이파크정문,6,depart,18,11.0,3,12,2025_1,1,0,0,0,0,0,0,0,8.0,22.7,2.6,1,0,0
2025_05_23,아이파크정문,6,depart,18,7.0,4,12,2025_1,1,0,0,0,0,0,0,0,11.0,19.3,3.5,1,0,0
2025_05_26,아이파크정문,6,depart,18,21.0,0,13,2025_1,1,0,0,0,1,0,0,0,7.0,18.7,0.0,0,0,0
2025_05_27,아이파크정문,6,depart,18,18.0,1,13,2025_1,1,0,0,0,1,0,0,0,21.0,19.6,0.0,0,0,0
2025_05_28,아이파크정문,6,depart,18,10.0,2,13,2025_1,1,0,0,0,1,0,0,0,18.0,19.5,0.6,1,0,0
2025_05_29,아이파크정문,6,depart,18,37.0,3,13,2025_1,1,0,0,0,1,0,1,0,10.0,20.4,0.4,0,0,0
2025_05_30,아이파크정문,6,depart,18,11.0,4,13,2025_1,1,0,0,0,1,0,0,0,37.0,21.7,0.0,0,0,0
2025_06_02,아이파크정문,6,depart,18,18.0,0,14,2025_1,1,0,0,0,0,0,0,0,11.0,20.2,1.0,1,0,0
2025_06_03,아이파크정문,6,depart,18,1.0,1,14,2025_1,1,0,0,0,0,0,0,0,18.0,20.2,0.2,0,0,0
2025_06_04,아이파크정문,6,depart,18,19.0,2,14,2025_1,1,1,0,1,0,0,0,0,1.0,19.0,0.0,0,0,0
2025_06_05,아이파크정문,6,depart,18,27.0,3,14,2025_1,1,1,0,1,0,0,0,0,19.0,20.0,0.0,0,0,0
2025_06_06,아이파크정문,6,depart,18,9.0,4,14,2025_1,1,1,0,1,0,1,0,0,27.0,23.3,0.0,0,0,0
2025_06_09,아이파크정문,6,depart,18,11.0,0,15,2025_1,1,1,0,1,0,0,0,0,9.0,24.5,0.2,0,0,0
2025_06_10,아이파크정문,6,depart,18,16.0,1,15,2025_1,1,1,0,1,0,0,0,0,11.0,21.0,0.0,0,0,0
2025_06_11,아이파크정문,6,depart,18,7.0,2,15,2025_1,1,1,0,1,0,0,0,0,16.0,21.2,0.0,0,0,0
2025_06_12,아이파크정문,6,depart,18,16.0,3,15,2025_1,1,1,0,1,0,0,0,0,7.0,23.9,0.0,0,0,0
2025_06_13,아이파크정문,6,depart,18,11.0,4,15,2025_1,1,1,0,1,0,0,0,0,16.0,23.2,3.8,1,0,0
2025_06_16,아이파크정문,6,depart,18,8.0,0,16,2025_1,1,1,0,1,0,0,0,0,11.0,22.8,16.0,1,0,0
2025_06_17,아이파크정문,6,depart,18,7.0,1,16,2025_1,1,1,0,1,0,0,0,0,8.0,23.0,0.4,0,0,0
2025_06_18,아이파크정문,6,depart,18,6.0,2,16,2025_1,1,0,0,0,0,0,0,0,7.0,24.2,0.0,0,0,0
2025_06_19,아이파크정문,6,depart,18,6.0,3,16,2025_1,1,0,0,0,0,0,0,0,6.0,26.2,0.3,0,0,0
2025_06_20,아이파크정문,6,depart,18,6.0,4,16,2025_1,1,0,0,0,0,0,0,0,6.0,23.0,48.9,1,0,0
2025_06_23,아이파크정문,6,depart,18,8.0,0,17,2025_1,1,0,0,0,0,0,0,0,6.0,23.3,0.0,0,0,0
2025_08_25,아이파크정문,6,depart,18,5.0,0,1,2025_2,2,0,0,0,0,0,0,0,8.0,28.0,21.8,1,0,0
2025_08_26,아이파크정문,6,depart,18,2.0,1,1,2025_2,2,0,0,0,0,0,0,0,5.0,26.1,22.2,1,0,0
2025_08_27,아이파크정문,6,depart,18,3.0,2,1,2025_2,2,0,0,0,0,0,0,0,2.0,25.9,0.1,0,0,0
2025_08_28,아이파크정문,6,depart,18,3.0,3,1,2025_2,2,0,0,0,0,0,0,0,3.0,26.6,1.5,1,0,0
2025_08_29,아이파크정문,6,depart,18,3.0,4,1,2025_2,2,0,0,0,0,0,0,0,3.0,27.6,5.9,1,0,0
2025_09_01,아이파크정문,6,depart,18,10.0,0,2,2025_2,2,0,0,0,0,0,0,0,3.0,25.7,17.6,1,0,0
2025_09_02,아이파크정문,6,depart,18,8.0,1,2,2025_2,2,0,0,0,0,0,0,0,10.0,24.3,0.0,0,0,0
2025_09_03,아이파크정문,6,depart,18,15.0,2,2,2025_2,2,0,0,0,0,0,0,0,8.0,25.0,0.0,0,0,0
2025_09_05,아이파크정문,6,depart,18,18.0,4,2,2025_2,2,0,0,0,0,0,0,0,15.0,26.1,0.3,0,0,0
2025_09_08,아이파크정문,6,depart,18,7.0,0,3,2025_2,2,0,0,0,0,0,0,0,18.0,22.8,0.0,0,0,0
2025_09_09,아이파크정문,6,depart,18,11.0,1,3,2025_2,2,0,0,0,0,0,0,0,7.0,23.0,0.7,1,0,0
2025_09_10,아이파크정문,6,depart,18,11.0,2,3,2025_2,2,0,0,0,0,0,0,0,11.0,23.8,0.0,0,0,0
2025_09_11,아이파크정문,6,depart,18,5.0,3,3,2025_2,2,0,0,0,0,0,0,0,11.0,23.4,0.0,0,0,0
2025_09_12,아이파크정문,6,depart,18,14.0,4,3,2025_2,2,0,0,0,0,0,0,0,5.0,22.0,10.2,1,0,0
2026_03_04,아이파크정문,6,depart,18,13.0,2,1,2026_1,1,0,0,0,0,0,0,0,14.0,5.0,0.0,0,0,0
2026_03_05,아이파크정문,6,depart,18,3.0,3,1,2026_1,1,0,0,0,0,0,0,0,13.0,5.4,14.0,1,0,0
2026_03_06,아이파크정문,6,depart,18,2.0,4,1,2026_1,1,0,0,0,0,0,0,0,3.0,1.0,1.6,1,1,0
2026_03_09,아이파크정문,6,depart,18,14.0,0,2,2026_1,1,0,0,0,0,0,0,0,2.0,3.0,0.0,0,1,0
2026_03_10,아이파크정문,6,depart,18,9.0,1,2,2026_1,1,0,0,0,0,0,0,0,14.0,2.2,0.0,0,1,0
2026_03_11,아이파크정문,6,depart,18,8.0,2,2,2026_1,1,0,0,0,0,0,0,0,9.0,3.4,0.0,0,1,0
2026_03_12,아이파크정문,6,depart,18,22.0,3,2,2026_1,1,0,0,0,0,0,0,0,8.0,4.9,0.0,0,1,0
2026_03_13,아이파크정문,6,depart,18,13.0,4,2,2026_1,1,0,0,0,0,0,0,0,22.0,5.8,0.0,0,0,0
2026_03_16,아이파크정문,6,depart,18,11.0,0,3,2026_1,1,0,0,0,0,0,0,0,13.0,5.8,0.0,0,0,0
2026_03_17,아이파크정문,6,depart,18,21.0,1,3,2026_1,1,0,0,0,0,0,0,0,11.0,6.0,0.0,0,0,0
2026_03_23,아이파크정문,6,depart,18,5.0,0,4,2026_1,1,0,0,0,0,0,0,0,21.0,9.6,0.0,0,0,0
2026_03_24,아이파크정문,6,depart,18,25.0,1,4,2026_1,1,0,0,0,0,0,0,0,5.0,10.6,0.0,0,0,0
2026_03_25,아이파크정문,6,depart,18,15.0,2,4,2026_1,1,0,0,0,0,0,0,0,25.0,12.0,0.0,0,0,0
2026_03_26,아이파크정문,6,depart,18,9.0,3,4,2026_1,1,0,0,0,0,0,0,0,15.0,10.5,0.0,0,0,0
2026_03_27,아이파크정문,6,depart,18,12.0,4,4,2026_1,1,0,0,0,0,0,0,0,9.0,11.0,0.1,0,0,0
2026_03_30,아이파크정문,6,depart,18,14.0,0,5,2026_1,1,0,0,0,0,0,0,0,12.0,13.7,3.2,1,0,0
2026_03_31,아이파크정문,6,depart,18,31.0,1,5,2026_1,1,0,0,0,0,0,0,0,14.0,13.6,9.5,1,0,0
2026_04_01,아이파크정문,6,depart,18,24.0,2,5,2026_1,1,0,0,0,0,0,0,0,31.0,11.5,0.1,0,0,0
2026_04_02,아이파크정문,6,depart,18,19.0,3,5,2026_1,1,0,0,0,0,0,0,0,24.0,9.6,0.0,0,0,0
2026_04_03,아이파크정문,6,depart,18,7.0,4,5,2026_1,1,0,0,0,0,0,0,0,19.0,13.0,0.0,0,0,0
2026_04_06,아이파크정문,6,depart,18,9.0,0,6,2026_1,1,0,0,0,1,0,0,0,7.0,9.1,5.5,1,0,0
2026_04_07,아이파크정문,6,depart,18,21.0,1,6,2026_1,1,0,0,0,1,0,0,0,9.0,6.4,0.0,0,0,0
2026_04_08,아이파크정문,6,depart,18,19.0,2,6,2026_1,1,0,0,0,1,0,0,0,21.0,7.4,0.0,0,0,0
2026_04_09,아이파크정문,6,depart,18,20.0,3,6,2026_1,1,0,0,0,1,0,0,0,19.0,9.1,18.9,1,0,0
2026_04_10,아이파크정문,6,depart,18,5.0,4,6,2026_1,1,0,0,0,1,0,0,0,20.0,9.8,5.8,1,0,0
2026_04_13,아이파크정문,6,depart,18,11.0,0,7,2026_1,1,0,0,0,0,0,0,0,5.0,16.4,0.0,0,0,0
2026_04_14,아이파크정문,6,depart,18,26.0,1,7,2026_1,1,0,0,0,0,0,0,0,11.0,19.0,0.0,0,0,0
2026_04_15,아이파크정문,6,depart,18,19.0,2,7,2026_1,1,0,0,0,0,0,0,0,26.0,17.6,0.0,0,0,0
2026_04_16,아이파크정문,6,depart,18,4.0,3,7,2026_1,1,1,1,0,0,0,0,0,19.0,17.8,0.0,0,0,0
2026_04_17,아이파크정문,6,depart,18,10.0,4,7,2026_1,1,1,1,0,0,0,0,0,4.0,16.0,0.2,0,0,0
2026_04_20,아이파크정문,6,depart,18,7.0,0,8,2026_1,1,1,1,0,0,0,0,0,10.0,12.2,0.7,1,0,0
2026_04_21,아이파크정문,6,depart,18,12.0,1,8,2026_1,1,1,1,0,0,0,0,0,7.0,11.1,0.0,0,0,0
2026_04_22,아이파크정문,6,depart,18,7.0,2,8,2026_1,1,1,1,0,0,0,0,0,12.0,13.4,0.0,0,0,0
2026_04_23,아이파크정문,6,depart,18,7.0,3,8,2026_1,1,1,1,0,0,0,0,0,7.0,16.1,0.0,0,0,0
2026_04_24,아이파크정문,6,depart,18,3.0,4,8,2026_1,1,1,1,0,0,0,0,0,7.0,17.2,0.0,0,0,0
2025_03_05,효행초등학교정문,5,depart,13,6.0,2,1,2025_1,1,0,0,0,0,0,0,0,,3.5,0.2,0,1,0
2025_03_06,효행초등학교정문,5,depart,13,6.0,3,1,2025_1,1,0,0,0,0,0,0,0,6.0,3.4,0.0,0,1,0
2025_03_07,효행초등학교정문,5,depart,13,1.0,4,1,2025_1,1,0,0,0,0,0,0,0,6.0,2.8,0.0,0,1,0
2025_03_10,효행초등학교정문,5,depart,13,2.0,0,2,2025_1,1,0,0,0,0,0,0,0,1.0,6.0,0.0,0,0,0
2025_03_12,효행초등학교정문,5,depart,13,13.0,2,2,2025_1,1,0,0,0,0,0,0,0,2.0,7.3,0.1,0,0,0
2025_03_13,효행초등학교정문,5,depart,13,13.0,3,2,2025_1,1,0,0,0,0,0,0,0,13.0,6.6,0.0,0,0,0
2025_03_14,효행초등학교정문,5,depart,13,5.0,4,2,2025_1,1,0,0,0,0,0,0,0,13.0,10.4,0.0,0,0,0
2025_03_17,효행초등학교정문,5,depart,13,13.0,0,3,2025_1,1,0,0,0,0,0,0,0,5.0,0.3,0.1,0,1,0
2025_03_18,효행초등학교정문,5,depart,13,7.0,1,3,2025_1,1,0,0,0,0,0,0,0,13.0,0.7,4.5,1,1,0
2025_03_19,효행초등학교정문,5,depart,13,10.0,2,3,2025_1,1,0,0,0,0,0,0,0,7.0,-0.8,0.0,0,1,0
2025_03_20,효행초등학교정문,5,depart,13,5.0,3,3,2025_1,1,0,0,0,0,0,0,0,10.0,6.1,0.0,0,0,0
2025_03_21,효행초등학교정문,5,depart,13,4.0,4,3,2025_1,1,0,0,0,0,0,0,0,5.0,9.6,0.0,0,0,0
2025_03_24,효행초등학교정문,5,depart,13,18.0,0,4,2025_1,1,0,0,0,0,0,0,0,4.0,14.1,0.0,0,0,0
2025_03_25,효행초등학교정문,5,depart,13,4.0,1,4,2025_1,1,0,0,0,0,0,0,0,18.0,13.2,0.0,0,0,0
2025_03_26,효행초등학교정문,5,depart,13,13.0,2,4,2025_1,1,0,0,0,0,0,0,0,4.0,12.6,0.0,0,0,0
2025_03_27,효행초등학교정문,5,depart,13,13.0,3,4,2025_1,1,0,0,0,0,0,0,0,13.0,12.6,1.0,1,0,0
2025_03_28,효행초등학교정문,5,depart,13,5.0,4,4,2025_1,1,0,0,0,0,0,0,0,13.0,6.0,0.0,0,0,0
2025_03_31,효행초등학교정문,5,depart,13,14.0,0,5,2025_1,1,0,0,0,0,0,0,0,5.0,5.2,0.0,0,0,0
2025_04_01,효행초등학교정문,5,depart,13,6.0,1,5,2025_1,1,0,0,0,0,0,0,0,14.0,7.6,0.0,0,0,0
2025_04_02,효행초등학교정문,5,depart,13,4.0,2,5,2025_1,1,0,0,0,0,0,0,0,6.0,7.6,0.6,1,0,0
2025_04_03,효행초등학교정문,5,depart,13,1.0,3,5,2025_1,1,0,0,0,0,0,0,0,4.0,7.8,0.0,0,0,0
2025_04_04,효행초등학교정문,5,depart,13,5.0,4,5,2025_1,1,0,0,0,0,0,0,0,1.0,9.0,0.0,0,0,0
2025_04_07,효행초등학교정문,5,depart,13,9.0,0,6,2025_1,1,0,0,0,1,0,0,0,5.0,10.9,0.0,0,0,0
2025_04_08,효행초등학교정문,5,depart,13,6.0,1,6,2025_1,1,0,0,0,1,0,0,0,9.0,11.1,3.3,1,0,0
2025_04_09,효행초등학교정문,5,depart,13,5.0,2,6,2025_1,1,0,0,0,1,0,0,0,6.0,10.8,0.2,0,0,0
2025_04_10,효행초등학교정문,5,depart,13,2.0,3,6,2025_1,1,0,0,0,1,0,0,0,5.0,11.0,0.0,0,0,0
2025_04_11,효행초등학교정문,5,depart,13,3.0,4,6,2025_1,1,0,0,0,1,0,0,0,2.0,12.8,0.0,0,0,0
2025_04_14,효행초등학교정문,5,depart,13,1.0,0,7,2025_1,1,0,0,0,0,0,0,0,3.0,4.6,8.8,1,1,0
2025_04_15,효행초등학교정문,5,depart,13,6.0,1,7,2025_1,1,0,0,0,0,0,0,0,1.0,5.6,0.0,0,0,0
2025_04_16,효행초등학교정문,5,depart,13,4.0,2,7,2025_1,1,1,1,0,0,0,0,0,6.0,12.2,1.4,1,0,0
2025_04_17,효행초등학교정문,5,depart,13,7.0,3,7,2025_1,1,1,1,0,0,0,0,0,4.0,18.0,0.0,0,0,0
2025_04_18,효행초등학교정문,5,depart,13,9.0,4,7,2025_1,1,1,1,0,0,0,0,0,7.0,16.8,0.0,0,0,0
2025_04_21,효행초등학교정문,5,depart,13,2.0,0,8,2025_1,1,1,1,0,0,0,0,0,9.0,18.0,0.0,0,0,0
2025_04_22,효행초등학교정문,5,depart,13,8.0,1,8,2025_1,1,1,1,0,0,0,0,0,2.0,16.2,25.2,1,0,0
2025_04_23,효행초등학교정문,5,depart,13,9.0,2,8,2025_1,1,1,1,0,0,0,0,0,8.0,15.2,0.0,0,0,0
2025_04_24,효행초등학교정문,5,depart,13,23.0,3,8,2025_1,1,1,1,0,0,0,0,0,9.0,12.3,0.0,0,0,0
2025_04_25,효행초등학교정문,5,depart,13,2.0,4,8,2025_1,1,1,1,0,0,0,0,0,23.0,10.4,0.0,0,0,0
2025_04_28,효행초등학교정문,5,depart,13,7.0,0,9,2025_1,1,1,1,0,0,0,0,0,2.0,12.4,0.0,0,0,0
2025_04_29,효행초등학교정문,5,depart,13,7.0,1,9,2025_1,1,1,1,0,0,0,0,0,7.0,12.0,0.0,0,0,0
2025_04_30,효행초등학교정문,5,depart,13,8.0,2,9,2025_1,1,1,1,0,0,0,0,0,7.0,16.2,0.0,0,0,0
2025_05_01,효행초등학교정문,5,depart,13,4.0,3,9,2025_1,1,0,0,0,0,0,0,0,8.0,12.6,22.3,1,0,0
2025_05_02,효행초등학교정문,5,depart,13,1.0,4,9,2025_1,1,0,0,0,0,0,0,0,4.0,12.1,0.0,0,0,0
2025_05_05,효행초등학교정문,5,depart,13,7.0,0,10,2025_1,1,0,0,0,0,1,0,0,1.0,10.6,0.3,0,0,0
2025_05_06,효행초등학교정문,5,depart,13,2.0,1,10,2025_1,1,0,0,0,0,1,0,0,7.0,12.5,0.0,0,0,0
2025_05_07,효행초등학교정문,5,depart,13,2.0,2,10,2025_1,1,0,0,0,0,0,0,0,2.0,12.6,0.1,0,0,0
2025_05_08,효행초등학교정문,5,depart,13,10.0,3,10,2025_1,1,0,0,0,0,0,0,0,2.0,15.4,0.0,0,0,0
2025_05_09,효행초등학교정문,5,depart,13,12.0,4,10,2025_1,1,0,0,0,0,0,0,0,10.0,13.6,21.7,1,0,0
2025_05_12,효행초등학교정문,5,depart,13,8.0,0,11,2025_1,1,0,0,0,0,0,0,0,12.0,15.0,0.0,0,0,0
2025_05_13,효행초등학교정문,5,depart,13,9.0,1,11,2025_1,1,0,0,0,0,0,0,0,8.0,19.0,0.0,0,0,0
2025_05_14,효행초등학교정문,5,depart,13,1.0,2,11,2025_1,1,0,0,0,0,0,0,0,9.0,20.4,0.1,0,0,0
2025_05_15,효행초등학교정문,5,depart,13,2.0,3,11,2025_1,1,0,0,0,0,0,0,0,1.0,19.4,4.7,1,0,0
2025_05_16,효행초등학교정문,5,depart,13,15.0,4,11,2025_1,1,0,0,0,0,0,0,0,2.0,20.0,16.3,1,0,0
2025_05_19,효행초등학교정문,5,depart,13,7.0,0,12,2025_1,1,0,0,0,0,0,0,0,15.0,15.0,0.0,0,0,0
2025_05_20,효행초등학교정문,5,depart,13,12.0,1,12,2025_1,1,0,0,0,0,0,0,0,7.0,21.3,0.2,0,0,0
2025_05_21,효행초등학교정문,5,depart,13,2.0,2,12,2025_1,1,0,0,0,0,0,0,0,12.0,24.2,0.4,0,0,0
2025_05_22,효행초등학교정문,5,depart,13,0.0,3,12,2025_1,1,0,0,0,0,0,0,0,2.0,22.7,2.6,1,0,0
2025_05_23,효행초등학교정문,5,depart,13,1.0,4,12,2025_1,1,0,0,0,0,0,0,0,0.0,19.3,3.5,1,0,0
2025_05_26,효행초등학교정문,5,depart,13,7.0,0,13,2025_1,1,0,0,0,1,0,0,0,1.0,18.7,0.0,0,0,0
2025_05_27,효행초등학교정문,5,depart,13,2.0,1,13,2025_1,1,0,0,0,1,0,0,0,7.0,19.6,0.0,0,0,0
2025_05_28,효행초등학교정문,5,depart,13,4.0,2,13,2025_1,1,0,0,0,1,0,0,0,2.0,19.5,0.6,1,0,0
2025_05_29,효행초등학교정문,5,depart,13,3.0,3,13,2025_1,1,0,0,0,1,0,0,0,4.0,20.4,0.4,0,0,0
2025_05_30,효행초등학교정문,5,depart,13,6.0,4,13,2025_1,1,0,0,0,1,0,0,0,3.0,21.7,0.0,0,0,0
2025_06_02,효행초등학교정문,5,depart,13,3.0,0,14,2025_1,1,0,0,0,0,0,0,0,6.0,20.2,1.0,1,0,0
2025_06_03,효행초등학교정문,5,depart,13,3.0,1,14,2025_1,1,0,0,0,0,0,0,0,3.0,20.2,0.2,0,0,0
2025_06_04,효행초등학교정문,5,depart,13,2.0,2,14,2025_1,1,1,0,1,0,0,0,0,3.0,19.0,0.0,0,0,0
2025_06_05,효행초등학교정문,5,depart,13,2.0,3,14,2025_1,1,1,0,1,0,0,0,0,2.0,20.0,0.0,0,0,0
2025_06_06,효행초등학교정문,5,depart,13,2.0,4,14,2025_1,1,1,0,1,0,1,0,0,2.0,23.3,0.0,0,0,0
2025_06_09,효행초등학교정문,5,depart,13,0.0,0,15,2025_1,1,1,0,1,0,0,0,0,2.0,24.5,0.2,0,0,0
2025_06_10,효행초등학교정문,5,depart,13,1.0,1,15,2025_1,1,1,0,1,0,0,0,0,0.0,21.0,0.0,0,0,0
2025_06_11,효행초등학교정문,5,depart,13,10.0,2,15,2025_1,1,1,0,1,0,0,0,0,1.0,21.2,0.0,0,0,0
2025_06_12,효행초등학교정문,5,depart,13,3.0,3,15,2025_1,1,1,0,1,0,0,0,0,10.0,23.9,0.0,0,0,0
2025_06_13,효행초등학교정문,5,depart,13,5.0,4,15,2025_1,1,1,0,1,0,0,0,0,3.0,23.2,3.8,1,0,0
2025_06_16,효행초등학교정문,5,depart,13,6.0,0,16,2025_1,1,1,0,1,0,0,0,0,5.0,22.8,16.0,1,0,0
2025_06_17,효행초등학교정문,5,depart,13,9.0,1,16,2025_1,1,1,0,1,0,0,0,0,6.0,23.0,0.4,0,0,0
2025_06_18,효행초등학교정문,5,depart,13,2.0,2,16,2025_1,1,0,0,0,0,0,0,0,9.0,24.2,0.0,0,0,0
2025_06_19,효행초등학교정문,5,depart,13,4.0,3,16,2025_1,1,0,0,0,0,0,0,0,2.0,26.2,0.3,0,0,0
2025_06_20,효행초등학교정문,5,depart,13,5.0,4,16,2025_1,1,0,0,0,0,0,0,0,4.0,23.0,48.9,1,0,0
2025_06_23,효행초등학교정문,5,depart,13,1.0,0,17,2025_1,1,0,0,0,0,0,0,0,5.0,23.3,0.0,0,0,0
2025_08_25,효행초등학교정문,5,depart,13,10.0,0,1,2025_2,2,0,0,0,0,0,0,0,1.0,28.0,21.8,1,0,0
2025_08_26,효행초등학교정문,5,depart,13,6.0,1,1,2025_2,2,0,0,0,0,0,0,0,10.0,26.1,22.2,1,0,0
2025_08_27,효행초등학교정문,5,depart,13,9.0,2,1,2025_2,2,0,0,0,0,0,0,0,6.0,25.9,0.1,0,0,0
2025_08_28,효행초등학교정문,5,depart,13,17.0,3,1,2025_2,2,0,0,0,0,0,0,0,9.0,26.6,1.5,1,0,0
2025_08_29,효행초등학교정문,5,depart,13,6.0,4,1,2025_2,2,0,0,0,0,0,0,0,17.0,27.6,5.9,1,0,0
2025_09_01,효행초등학교정문,5,depart,13,6.0,0,2,2025_2,2,0,0,0,0,0,0,0,6.0,25.7,17.6,1,0,0
2025_09_02,효행초등학교정문,5,depart,13,3.0,1,2,2025_2,2,0,0,0,0,0,0,0,6.0,24.3,0.0,0,0,0
2025_09_03,효행초등학교정문,5,depart,13,2.0,2,2,2025_2,2,0,0,0,0,0,0,0,3.0,25.0,0.0,0,0,0
2025_09_05,효행초등학교정문,5,depart,13,3.0,4,2,2025_2,2,0,0,0,0,0,0,0,2.0,26.1,0.3,0,0,0
2025_09_08,효행초등학교정문,5,depart,13,2.0,0,3,2025_2,2,0,0,0,0,0,0,0,3.0,22.8,0.0,0,0,0
2025_09_09,효행초등학교정문,5,depart,13,1.0,1,3,2025_2,2,0,0,0,0,0,0,0,2.0,23.0,0.7,1,0,0
2025_09_10,효행초등학교정문,5,depart,13,3.0,2,3,2025_2,2,0,0,0,0,0,0,0,1.0,23.8,0.0,0,0,0
2025_09_11,효행초등학교정문,5,depart,13,2.0,3,3,2025_2,2,0,0,0,0,0,0,0,3.0,23.4,0.0,0,0,0
2025_09_12,효행초등학교정문,5,depart,13,1.0,4,3,2025_2,2,0,0,0,0,0,0,0,2.0,22.0,10.2,1,0,0
2026_03_04,효행초등학교정문,5,depart,13,10.0,2,1,2026_1,1,0,0,0,0,0,0,0,1.0,5.0,0.0,0,0,0
2026_03_05,효행초등학교정문,5,depart,13,0.0,3,1,2026_1,1,0,0,0,0,0,0,0,10.0,5.4,14.0,1,0,0
2026_03_06,효행초등학교정문,5,depart,13,1.0,4,1,2026_1,1,0,0,0,0,0,0,0,0.0,1.0,1.6,1,1,0
2026_03_09,효행초등학교정문,5,depart,13,10.0,0,2,2026_1,1,0,0,0,0,0,0,0,1.0,3.0,0.0,0,1,0
2026_03_10,효행초등학교정문,5,depart,13,4.0,1,2,2026_1,1,0,0,0,0,0,0,0,10.0,2.2,0.0,0,1,0
2026_03_11,효행초등학교정문,5,depart,13,0.0,2,2,2026_1,1,0,0,0,0,0,0,0,4.0,3.4,0.0,0,1,0
2026_03_12,효행초등학교정문,5,depart,13,7.0,3,2,2026_1,1,0,0,0,0,0,0,0,0.0,4.9,0.0,0,1,0
2026_03_13,효행초등학교정문,5,depart,13,6.0,4,2,2026_1,1,0,0,0,0,0,0,0,7.0,5.8,0.0,0,0,0
2026_03_16,효행초등학교정문,5,depart,13,0.0,0,3,2026_1,1,0,0,0,0,0,0,0,6.0,5.8,0.0,0,0,0
2026_03_17,효행초등학교정문,5,depart,13,2.0,1,3,2026_1,1,0,0,0,0,0,0,0,0.0,6.0,0.0,0,0,0
2026_03_23,효행초등학교정문,5,depart,13,1.0,0,4,2026_1,1,0,0,0,0,0,0,0,2.0,9.6,0.0,0,0,0
2026_03_24,효행초등학교정문,5,depart,13,2.0,1,4,2026_1,1,0,0,0,0,0,0,0,1.0,10.6,0.0,0,0,0
2026_03_25,효행초등학교정문,5,depart,13,4.0,2,4,2026_1,1,0,0,0,0,0,0,0,2.0,12.0,0.0,0,0,0
2026_03_26,효행초등학교정문,5,depart,13,4.0,3,4,2026_1,1,0,0,0,0,0,0,0,4.0,10.5,0.0,0,0,0
2026_03_27,효행초등학교정문,5,depart,13,6.0,4,4,2026_1,1,0,0,0,0,0,0,0,4.0,11.0,0.1,0,0,0
2026_03_30,효행초등학교정문,5,depart,13,5.0,0,5,2026_1,1,0,0,0,0,0,0,0,6.0,13.7,3.2,1,0,0
2026_03_31,효행초등학교정문,5,depart,13,1.0,1,5,2026_1,1,0,0,0,0,0,0,0,5.0,13.6,9.5,1,0,0
2026_04_01,효행초등학교정문,5,depart,13,1.0,2,5,2026_1,1,0,0,0,0,0,0,0,1.0,11.5,0.1,0,0,0
2026_04_02,효행초등학교정문,5,depart,13,2.0,3,5,2026_1,1,0,0,0,0,0,0,0,1.0,9.6,0.0,0,0,0
2026_04_03,효행초등학교정문,5,depart,13,10.0,4,5,2026_1,1,0,0,0,0,0,0,0,2.0,13.0,0.0,0,0,0
2026_04_06,효행초등학교정문,5,depart,13,6.0,0,6,2026_1,1,0,0,0,1,0,0,0,10.0,9.1,5.5,1,0,0
2026_04_07,효행초등학교정문,5,depart,13,8.0,1,6,2026_1,1,0,0,0,1,0,0,0,6.0,6.4,0.0,0,0,0
2026_04_08,효행초등학교정문,5,depart,13,3.0,2,6,2026_1,1,0,0,0,1,0,0,0,8.0,7.4,0.0,0,0,0
2026_04_09,효행초등학교정문,5,depart,13,4.0,3,6,2026_1,1,0,0,0,1,0,0,0,3.0,9.1,18.9,1,0,0
2026_04_10,효행초등학교정문,5,depart,13,6.0,4,6,2026_1,1,0,0,0,1,0,0,0,4.0,9.8,5.8,1,0,0
2026_04_13,효행초등학교정문,5,depart,13,3.0,0,7,2026_1,1,0,0,0,0,0,0,0,6.0,16.4,0.0,0,0,0
2026_04_14,효행초등학교정문,5,depart,13,6.0,1,7,2026_1,1,0,0,0,0,0,0,0,3.0,19.0,0.0,0,0,0
2026_04_15,효행초등학교정문,5,depart,13,6.0,2,7,2026_1,1,0,0,0,0,0,0,0,6.0,17.6,0.0,0,0,0
2026_04_16,효행초등학교정문,5,depart,13,2.0,3,7,2026_1,1,1,1,0,0,0,0,0,6.0,17.8,0.0,0,0,0
2026_04_17,효행초등학교정문,5,depart,13,6.0,4,7,2026_1,1,1,1,0,0,0,0,0,2.0,16.0,0.2,0,0,0
2026_04_20,효행초등학교정문,5,depart,13,2.0,0,8,2026_1,1,1,1,0,0,0,0,0,6.0,12.2,0.7,1,0,0
2026_04_21,효행초등학교정문,5,depart,13,8.0,1,8,2026_1,1,1,1,0,0,0,0,0,2.0,11.1,0.0,0,0,0
2026_04_22,효행초등학교정문,5,depart,13,0.0,2,8,2026_1,1,1,1,0,0,0,0,0,8.0,13.4,0.0,0,0,0
2026_04_23,효행초등학교정문,5,depart,13,8.0,3,8,2026_1,1,1,1,0,0,0,0,0,0.0,16.1,0.0,0,0,0
2026_04_24,효행초등학교정문,5,depart,13,5.0,4,8,2026_1,1,1,1,0,0,0,0,0,8.0,17.2,0.0,0,0,0
2025_03_05,효행초등학교정문,5,depart,14,29.0,2,1,2025_1,1,0,0,0,0,0,0,0,,3.5,0.2,0,1,0
2025_03_06,효행초등학교정문,5,depart,14,0.0,3,1,2025_1,1,0,0,0,0,0,0,0,29.0,3.4,0.0,0,1,0
2025_03_07,효행초등학교정문,5,depart,14,1.0,4,1,2025_1,1,0,0,0,0,0,0,0,0.0,2.8,0.0,0,1,0
2025_03_10,효행초등학교정문,5,depart,14,3.0,0,2,2025_1,1,0,0,0,0,0,0,0,1.0,6.0,0.0,0,0,0
2025_03_12,효행초등학교정문,5,depart,14,2.0,2,2,2025_1,1,0,0,0,0,0,0,0,3.0,7.3,0.1,0,0,0
2025_03_13,효행초등학교정문,5,depart,14,0.0,3,2,2025_1,1,0,0,0,0,0,0,0,2.0,6.6,0.0,0,0,0
2025_03_14,효행초등학교정문,5,depart,14,3.0,4,2,2025_1,1,0,0,0,0,0,0,0,0.0,10.4,0.0,0,0,0
2025_03_17,효행초등학교정문,5,depart,14,4.0,0,3,2025_1,1,0,0,0,0,0,0,0,3.0,0.3,0.1,0,1,0
2025_03_18,효행초등학교정문,5,depart,14,7.0,1,3,2025_1,1,0,0,0,0,0,0,0,4.0,0.7,4.5,1,1,0
2025_03_19,효행초등학교정문,5,depart,14,23.0,2,3,2025_1,1,0,0,0,0,0,0,0,7.0,-0.8,0.0,0,1,0
2025_03_20,효행초등학교정문,5,depart,14,8.0,3,3,2025_1,1,0,0,0,0,0,0,0,23.0,6.1,0.0,0,0,0
2025_03_21,효행초등학교정문,5,depart,14,24.0,4,3,2025_1,1,0,0,0,0,0,0,0,8.0,9.6,0.0,0,0,0
2025_03_24,효행초등학교정문,5,depart,14,13.0,0,4,2025_1,1,0,0,0,0,0,0,0,24.0,14.1,0.0,0,0,0
2025_03_25,효행초등학교정문,5,depart,14,2.0,1,4,2025_1,1,0,0,0,0,0,0,0,13.0,13.2,0.0,0,0,0
2025_03_26,효행초등학교정문,5,depart,14,2.0,2,4,2025_1,1,0,0,0,0,0,0,0,2.0,12.6,0.0,0,0,0
2025_03_27,효행초등학교정문,5,depart,14,20.0,3,4,2025_1,1,0,0,0,0,0,0,0,2.0,12.6,1.0,1,0,0
2025_03_28,효행초등학교정문,5,depart,14,10.0,4,4,2025_1,1,0,0,0,0,0,0,0,20.0,6.0,0.0,0,0,0
2025_03_31,효행초등학교정문,5,depart,14,7.0,0,5,2025_1,1,0,0,0,0,0,0,0,10.0,5.2,0.0,0,0,0
2025_04_01,효행초등학교정문,5,depart,14,7.0,1,5,2025_1,1,0,0,0,0,0,0,0,7.0,7.6,0.0,0,0,0
2025_04_02,효행초등학교정문,5,depart,14,10.0,2,5,2025_1,1,0,0,0,0,0,0,0,7.0,7.6,0.6,1,0,0
2025_04_03,효행초등학교정문,5,depart,14,3.0,3,5,2025_1,1,0,0,0,0,0,0,0,10.0,7.8,0.0,0,0,0
2025_04_04,효행초등학교정문,5,depart,14,1.0,4,5,2025_1,1,0,0,0,0,0,0,0,3.0,9.0,0.0,0,0,0
2025_04_07,효행초등학교정문,5,depart,14,5.0,0,6,2025_1,1,0,0,0,1,0,0,0,1.0,10.9,0.0,0,0,0
2025_04_08,효행초등학교정문,5,depart,14,6.0,1,6,2025_1,1,0,0,0,1,0,0,0,5.0,11.1,3.3,1,0,0
2025_04_09,효행초등학교정문,5,depart,14,11.0,2,6,2025_1,1,0,0,0,1,0,0,0,6.0,10.8,0.2,0,0,0
2025_04_10,효행초등학교정문,5,depart,14,16.0,3,6,2025_1,1,0,0,0,1,0,0,0,11.0,11.0,0.0,0,0,0
2025_04_11,효행초등학교정문,5,depart,14,9.0,4,6,2025_1,1,0,0,0,1,0,0,0,16.0,12.8,0.0,0,0,0
2025_04_14,효행초등학교정문,5,depart,14,2.0,0,7,2025_1,1,0,0,0,0,0,0,0,9.0,4.6,8.8,1,1,0
2025_04_15,효행초등학교정문,5,depart,14,0.0,1,7,2025_1,1,0,0,0,0,0,0,0,2.0,5.6,0.0,0,0,0
2025_04_16,효행초등학교정문,5,depart,14,9.0,2,7,2025_1,1,1,1,0,0,0,0,0,0.0,12.2,1.4,1,0,0
2025_04_17,효행초등학교정문,5,depart,14,1.0,3,7,2025_1,1,1,1,0,0,0,0,0,9.0,18.0,0.0,0,0,0
2025_04_18,효행초등학교정문,5,depart,14,4.0,4,7,2025_1,1,1,1,0,0,0,0,0,1.0,16.8,0.0,0,0,0
2025_04_21,효행초등학교정문,5,depart,14,3.0,0,8,2025_1,1,1,1,0,0,0,0,0,4.0,18.0,0.0,0,0,0
2025_04_22,효행초등학교정문,5,depart,14,12.0,1,8,2025_1,1,1,1,0,0,0,0,0,3.0,16.2,25.2,1,0,0
2025_04_23,효행초등학교정문,5,depart,14,6.0,2,8,2025_1,1,1,1,0,0,0,0,0,12.0,15.2,0.0,0,0,0
2025_04_24,효행초등학교정문,5,depart,14,14.0,3,8,2025_1,1,1,1,0,0,0,0,0,6.0,12.3,0.0,0,0,0
2025_04_25,효행초등학교정문,5,depart,14,27.0,4,8,2025_1,1,1,1,0,0,0,0,0,14.0,10.4,0.0,0,0,0
2025_04_28,효행초등학교정문,5,depart,14,14.0,0,9,2025_1,1,1,1,0,0,0,0,0,27.0,12.4,0.0,0,0,0
2025_04_29,효행초등학교정문,5,depart,14,2.0,1,9,2025_1,1,1,1,0,0,0,0,0,14.0,12.0,0.0,0,0,0
2025_04_30,효행초등학교정문,5,depart,14,3.0,2,9,2025_1,1,1,1,0,0,0,0,0,2.0,16.2,0.0,0,0,0
2025_05_01,효행초등학교정문,5,depart,14,11.0,3,9,2025_1,1,0,0,0,0,0,0,0,3.0,12.6,22.3,1,0,0
2025_05_02,효행초등학교정문,5,depart,14,9.0,4,9,2025_1,1,0,0,0,0,0,0,0,11.0,12.1,0.0,0,0,0
2025_05_05,효행초등학교정문,5,depart,14,8.0,0,10,2025_1,1,0,0,0,0,1,0,0,9.0,10.6,0.3,0,0,0
2025_05_06,효행초등학교정문,5,depart,14,1.0,1,10,2025_1,1,0,0,0,0,1,0,0,8.0,12.5,0.0,0,0,0
2025_05_07,효행초등학교정문,5,depart,14,7.0,2,10,2025_1,1,0,0,0,0,0,0,0,1.0,12.6,0.1,0,0,0
2025_05_08,효행초등학교정문,5,depart,14,1.0,3,10,2025_1,1,0,0,0,0,0,0,0,7.0,15.4,0.0,0,0,0
2025_05_09,효행초등학교정문,5,depart,14,6.0,4,10,2025_1,1,0,0,0,0,0,0,0,1.0,13.6,21.7,1,0,0
2025_05_12,효행초등학교정문,5,depart,14,6.0,0,11,2025_1,1,0,0,0,0,0,0,0,6.0,15.0,0.0,0,0,0
2025_05_13,효행초등학교정문,5,depart,14,8.0,1,11,2025_1,1,0,0,0,0,0,0,0,6.0,19.0,0.0,0,0,0
2025_05_14,효행초등학교정문,5,depart,14,4.0,2,11,2025_1,1,0,0,0,0,0,0,0,8.0,20.4,0.1,0,0,0
2025_05_15,효행초등학교정문,5,depart,14,3.0,3,11,2025_1,1,0,0,0,0,0,0,0,4.0,19.4,4.7,1,0,0
2025_05_16,효행초등학교정문,5,depart,14,1.0,4,11,2025_1,1,0,0,0,0,0,0,0,3.0,20.0,16.3,1,0,0
2025_05_19,효행초등학교정문,5,depart,14,9.0,0,12,2025_1,1,0,0,0,0,0,0,0,1.0,15.0,0.0,0,0,0
2025_05_20,효행초등학교정문,5,depart,14,2.0,1,12,2025_1,1,0,0,0,0,0,0,0,9.0,21.3,0.2,0,0,0
2025_05_21,효행초등학교정문,5,depart,14,13.0,2,12,2025_1,1,0,0,0,0,0,0,0,2.0,24.2,0.4,0,0,0
2025_05_22,효행초등학교정문,5,depart,14,1.0,3,12,2025_1,1,0,0,0,0,0,0,0,13.0,22.7,2.6,1,0,0
2025_05_23,효행초등학교정문,5,depart,14,3.0,4,12,2025_1,1,0,0,0,0,0,0,0,1.0,19.3,3.5,1,0,0
2025_05_26,효행초등학교정문,5,depart,14,8.0,0,13,2025_1,1,0,0,0,1,0,0,0,3.0,18.7,0.0,0,0,0
2025_05_27,효행초등학교정문,5,depart,14,6.0,1,13,2025_1,1,0,0,0,1,0,0,0,8.0,19.6,0.0,0,0,0
2025_05_28,효행초등학교정문,5,depart,14,11.0,2,13,2025_1,1,0,0,0,1,0,0,0,6.0,19.5,0.6,1,0,0
2025_05_29,효행초등학교정문,5,depart,14,0.0,3,13,2025_1,1,0,0,0,1,0,0,0,11.0,20.4,0.4,0,0,0
2025_05_30,효행초등학교정문,5,depart,14,2.0,4,13,2025_1,1,0,0,0,1,0,0,0,0.0,21.7,0.0,0,0,0
2025_06_02,효행초등학교정문,5,depart,14,1.0,0,14,2025_1,1,0,0,0,0,0,0,0,2.0,20.2,1.0,1,0,0
2025_06_03,효행초등학교정문,5,depart,14,2.0,1,14,2025_1,1,0,0,0,0,0,0,0,1.0,20.2,0.2,0,0,0
2025_06_04,효행초등학교정문,5,depart,14,2.0,2,14,2025_1,1,1,0,1,0,0,0,0,2.0,19.0,0.0,0,0,0
2025_06_05,효행초등학교정문,5,depart,14,4.0,3,14,2025_1,1,1,0,1,0,0,0,0,2.0,20.0,0.0,0,0,0
2025_06_06,효행초등학교정문,5,depart,14,3.0,4,14,2025_1,1,1,0,1,0,1,0,0,4.0,23.3,0.0,0,0,0
2025_06_09,효행초등학교정문,5,depart,14,12.0,0,15,2025_1,1,1,0,1,0,0,0,0,3.0,24.5,0.2,0,0,0
2025_06_10,효행초등학교정문,5,depart,14,5.0,1,15,2025_1,1,1,0,1,0,0,0,0,12.0,21.0,0.0,0,0,0
2025_06_11,효행초등학교정문,5,depart,14,15.0,2,15,2025_1,1,1,0,1,0,0,0,0,5.0,21.2,0.0,0,0,0
2025_06_12,효행초등학교정문,5,depart,14,6.0,3,15,2025_1,1,1,0,1,0,0,0,0,15.0,23.9,0.0,0,0,0
2025_06_13,효행초등학교정문,5,depart,14,16.0,4,15,2025_1,1,1,0,1,0,0,0,0,6.0,23.2,3.8,1,0,0
2025_06_16,효행초등학교정문,5,depart,14,16.0,0,16,2025_1,1,1,0,1,0,0,0,0,16.0,22.8,16.0,1,0,0
2025_06_17,효행초등학교정문,5,depart,14,4.0,1,16,2025_1,1,1,0,1,0,0,0,0,16.0,23.0,0.4,0,0,0
2025_06_18,효행초등학교정문,5,depart,14,5.0,2,16,2025_1,1,0,0,0,0,0,0,0,4.0,24.2,0.0,0,0,0
2025_06_19,효행초등학교정문,5,depart,14,9.0,3,16,2025_1,1,0,0,0,0,0,0,0,5.0,26.2,0.3,0,0,0
2025_06_20,효행초등학교정문,5,depart,14,1.0,4,16,2025_1,1,0,0,0,0,0,0,0,9.0,23.0,48.9,1,0,0
2025_06_23,효행초등학교정문,5,depart,14,6.0,0,17,2025_1,1,0,0,0,0,0,0,0,1.0,23.3,0.0,0,0,0
2025_08_25,효행초등학교정문,5,depart,14,8.0,0,1,2025_2,2,0,0,0,0,0,0,0,6.0,28.0,21.8,1,0,0
2025_08_26,효행초등학교정문,5,depart,14,6.0,1,1,2025_2,2,0,0,0,0,0,0,0,8.0,26.1,22.2,1,0,0
2025_08_27,효행초등학교정문,5,depart,14,4.0,2,1,2025_2,2,0,0,0,0,0,0,0,6.0,25.9,0.1,0,0,0
2025_08_28,효행초등학교정문,5,depart,14,25.0,3,1,2025_2,2,0,0,0,0,0,0,0,4.0,26.6,1.5,1,0,0
2025_08_29,효행초등학교정문,5,depart,14,5.0,4,1,2025_2,2,0,0,0,0,0,0,0,25.0,27.6,5.9,1,0,0
2025_09_01,효행초등학교정문,5,depart,14,4.0,0,2,2025_2,2,0,0,0,0,0,0,0,5.0,25.7,17.6,1,0,0
2025_09_02,효행초등학교정문,5,depart,14,2.0,1,2,2025_2,2,0,0,0,0,0,0,0,4.0,24.3,0.0,0,0,0
2025_09_03,효행초등학교정문,5,depart,14,8.0,2,2,2025_2,2,0,0,0,0,0,0,0,2.0,25.0,0.0,0,0,0
2025_09_05,효행초등학교정문,5,depart,14,5.0,4,2,2025_2,2,0,0,0,0,0,0,0,8.0,26.1,0.3,0,0,0
2025_09_08,효행초등학교정문,5,depart,14,4.0,0,3,2025_2,2,0,0,0,0,0,0,0,5.0,22.8,0.0,0,0,0
2025_09_09,효행초등학교정문,5,depart,14,9.0,1,3,2025_2,2,0,0,0,0,0,0,0,4.0,23.0,0.7,1,0,0
2025_09_10,효행초등학교정문,5,depart,14,6.0,2,3,2025_2,2,0,0,0,0,0,0,0,9.0,23.8,0.0,0,0,0
2025_09_11,효행초등학교정문,5,depart,14,16.0,3,3,2025_2,2,0,0,0,0,0,0,0,6.0,23.4,0.0,0,0,0
2025_09_12,효행초등학교정문,5,depart,14,13.0,4,3,2025_2,2,0,0,0,0,0,0,0,16.0,22.0,10.2,1,0,0
2026_03_04,효행초등학교정문,5,depart,14,8.0,2,1,2026_1,1,0,0,0,0,0,0,0,13.0,5.0,0.0,0,0,0
2026_03_05,효행초등학교정문,5,depart,14,14.0,3,1,2026_1,1,0,0,0,0,0,0,0,8.0,5.4,14.0,1,0,0
2026_03_06,효행초등학교정문,5,depart,14,5.0,4,1,2026_1,1,0,0,0,0,0,0,0,14.0,1.0,1.6,1,1,0
2026_03_09,효행초등학교정문,5,depart,14,9.0,0,2,2026_1,1,0,0,0,0,0,0,0,5.0,3.0,0.0,0,1,0
2026_03_10,효행초등학교정문,5,depart,14,5.0,1,2,2026_1,1,0,0,0,0,0,0,0,9.0,2.2,0.0,0,1,0
2026_03_11,효행초등학교정문,5,depart,14,5.0,2,2,2026_1,1,0,0,0,0,0,0,0,5.0,3.4,0.0,0,1,0
2026_03_12,효행초등학교정문,5,depart,14,10.0,3,2,2026_1,1,0,0,0,0,0,0,0,5.0,4.9,0.0,0,1,0
2026_03_13,효행초등학교정문,5,depart,14,2.0,4,2,2026_1,1,0,0,0,0,0,0,0,10.0,5.8,0.0,0,0,0
2026_03_16,효행초등학교정문,5,depart,14,0.0,0,3,2026_1,1,0,0,0,0,0,0,0,2.0,5.8,0.0,0,0,0
2026_03_17,효행초등학교정문,5,depart,14,1.0,1,3,2026_1,1,0,0,0,0,0,0,0,0.0,6.0,0.0,0,0,0
2026_03_23,효행초등학교정문,5,depart,14,1.0,0,4,2026_1,1,0,0,0,0,0,0,0,1.0,9.6,0.0,0,0,0
2026_03_24,효행초등학교정문,5,depart,14,2.0,1,4,2026_1,1,0,0,0,0,0,0,0,1.0,10.6,0.0,0,0,0
2026_03_25,효행초등학교정문,5,depart,14,4.0,2,4,2026_1,1,0,0,0,0,0,0,0,2.0,12.0,0.0,0,0,0
2026_03_26,효행초등학교정문,5,depart,14,2.0,3,4,2026_1,1,0,0,0,0,0,0,0,4.0,10.5,0.0,0,0,0
2026_03_27,효행초등학교정문,5,depart,14,9.0,4,4,2026_1,1,0,0,0,0,0,0,0,2.0,11.0,0.1,0,0,0
2026_03_30,효행초등학교정문,5,depart,14,2.0,0,5,2026_1,1,0,0,0,0,0,0,0,9.0,13.7,3.2,1,0,0
2026_03_31,효행초등학교정문,5,depart,14,4.0,1,5,2026_1,1,0,0,0,0,0,0,0,2.0,13.6,9.5,1,0,0
2026_04_01,효행초등학교정문,5,depart,14,5.0,2,5,2026_1,1,0,0,0,0,0,0,0,4.0,11.5,0.1,0,0,0
2026_04_02,효행초등학교정문,5,depart,14,6.0,3,5,2026_1,1,0,0,0,0,0,0,0,5.0,9.6,0.0,0,0,0
2026_04_03,효행초등학교정문,5,depart,14,3.0,4,5,2026_1,1,0,0,0,0,0,0,0,6.0,13.0,0.0,0,0,0
2026_04_06,효행초등학교정문,5,depart,14,15.0,0,6,2026_1,1,0,0,0,1,0,0,0,3.0,9.1,5.5,1,0,0
2026_04_07,효행초등학교정문,5,depart,14,12.0,1,6,2026_1,1,0,0,0,1,0,0,0,15.0,6.4,0.0,0,0,0
2026_04_08,효행초등학교정문,5,depart,14,10.0,2,6,2026_1,1,0,0,0,1,0,0,0,12.0,7.4,0.0,0,0,0
2026_04_09,효행초등학교정문,5,depart,14,17.0,3,6,2026_1,1,0,0,0,1,0,0,0,10.0,9.1,18.9,1,0,0
2026_04_10,효행초등학교정문,5,depart,14,6.0,4,6,2026_1,1,0,0,0,1,0,0,0,17.0,9.8,5.8,1,0,0
2026_04_13,효행초등학교정문,5,depart,14,15.0,0,7,2026_1,1,0,0,0,0,0,0,0,6.0,16.4,0.0,0,0,0
2026_04_14,효행초등학교정문,5,depart,14,1.0,1,7,2026_1,1,0,0,0,0,0,0,0,15.0,19.0,0.0,0,0,0
2026_04_15,효행초등학교정문,5,depart,14,4.0,2,7,2026_1,1,0,0,0,0,0,0,0,1.0,17.6,0.0,0,0,0
2026_04_16,효행초등학교정문,5,depart,14,1.0,3,7,2026_1,1,1,1,0,0,0,0,0,4.0,17.8,0.0,0,0,0
2026_04_17,효행초등학교정문,5,depart,14,6.0,4,7,2026_1,1,1,1,0,0,0,0,0,1.0,16.0,0.2,0,0,0
2026_04_20,효행초등학교정문,5,depart,14,16.0,0,8,2026_1,1,1,1,0,0,0,0,0,6.0,12.2,0.7,1,0,0
2026_04_21,효행초등학교정문,5,depart,14,20.0,1,8,2026_1,1,1,1,0,0,0,0,0,16.0,11.1,0.0,0,0,0
2026_04_22,효행초등학교정문,5,depart,14,11.0,2,8,2026_1,1,1,1,0,0,0,0,0,20.0,13.4,0.0,0,0,0
2026_04_23,효행초등학교정문,5,depart,14,16.0,3,8,2026_1,1,1,1,0,0,0,0,0,11.0,16.1,0.0,0,0,0
2026_04_24,효행초등학교정문,5,depart,14,6.0,4,8,2026_1,1,1,1,0,0,0,0,0,16.0,17.2,0.0,0,0,0
2025_03_05,효행초등학교정문,5,depart,15,8.0,2,1,2025_1,1,0,0,0,0,0,0,0,,3.5,0.2,0,1,0
2025_03_06,효행초등학교정문,5,depart,15,18.0,3,1,2025_1,1,0,0,0,0,0,0,0,8.0,3.4,0.0,0,1,0
2025_03_07,효행초등학교정문,5,depart,15,6.0,4,1,2025_1,1,0,0,0,0,0,0,0,18.0,2.8,0.0,0,1,0
2025_03_10,효행초등학교정문,5,depart,15,20.0,0,2,2025_1,1,0,0,0,0,0,0,0,6.0,6.0,0.0,0,0,0
2025_03_12,효행초등학교정문,5,depart,15,18.0,2,2,2025_1,1,0,0,0,0,0,0,0,20.0,7.3,0.1,0,0,0
2025_03_13,효행초등학교정문,5,depart,15,7.0,3,2,2025_1,1,0,0,0,0,0,0,0,18.0,6.6,0.0,0,0,0
2025_03_14,효행초등학교정문,5,depart,15,7.0,4,2,2025_1,1,0,0,0,0,0,0,0,7.0,10.4,0.0,0,0,0
2025_03_17,효행초등학교정문,5,depart,15,2.0,0,3,2025_1,1,0,0,0,0,0,0,0,7.0,0.3,0.1,0,1,0
2025_03_18,효행초등학교정문,5,depart,15,10.0,1,3,2025_1,1,0,0,0,0,0,0,0,2.0,0.7,4.5,1,1,0
2025_03_19,효행초등학교정문,5,depart,15,14.0,2,3,2025_1,1,0,0,0,0,0,0,0,10.0,-0.8,0.0,0,1,0
2025_03_20,효행초등학교정문,5,depart,15,11.0,3,3,2025_1,1,0,0,0,0,0,0,0,14.0,6.1,0.0,0,0,0
2025_03_21,효행초등학교정문,5,depart,15,11.0,4,3,2025_1,1,0,0,0,0,0,0,0,11.0,9.6,0.0,0,0,0
2025_03_24,효행초등학교정문,5,depart,15,3.0,0,4,2025_1,1,0,0,0,0,0,0,0,11.0,14.1,0.0,0,0,0
2025_03_25,효행초등학교정문,5,depart,15,6.0,1,4,2025_1,1,0,0,0,0,0,0,0,3.0,13.2,0.0,0,0,0
2025_03_26,효행초등학교정문,5,depart,15,38.0,2,4,2025_1,1,0,0,0,0,0,0,0,6.0,12.6,0.0,0,0,0
2025_03_27,효행초등학교정문,5,depart,15,59.0,3,4,2025_1,1,0,0,0,0,0,1,1,38.0,12.6,1.0,1,0,0
2025_03_28,효행초등학교정문,5,depart,15,21.0,4,4,2025_1,1,0,0,0,0,0,0,0,59.0,6.0,0.0,0,0,0
2025_03_31,효행초등학교정문,5,depart,15,11.0,0,5,2025_1,1,0,0,0,0,0,0,0,21.0,5.2,0.0,0,0,0
2025_04_01,효행초등학교정문,5,depart,15,8.0,1,5,2025_1,1,0,0,0,0,0,0,0,11.0,7.6,0.0,0,0,0
2025_04_02,효행초등학교정문,5,depart,15,12.0,2,5,2025_1,1,0,0,0,0,0,0,0,8.0,7.6,0.6,1,0,0
2025_04_03,효행초등학교정문,5,depart,15,7.0,3,5,2025_1,1,0,0,0,0,0,0,0,12.0,7.8,0.0,0,0,0
2025_04_04,효행초등학교정문,5,depart,15,17.0,4,5,2025_1,1,0,0,0,0,0,0,0,7.0,9.0,0.0,0,0,0
2025_04_07,효행초등학교정문,5,depart,15,1.0,0,6,2025_1,1,0,0,0,1,0,0,0,17.0,10.9,0.0,0,0,0
2025_04_08,효행초등학교정문,5,depart,15,15.0,1,6,2025_1,1,0,0,0,1,0,0,0,1.0,11.1,3.3,1,0,0
2025_04_09,효행초등학교정문,5,depart,15,5.0,2,6,2025_1,1,0,0,0,1,0,0,0,15.0,10.8,0.2,0,0,0
2025_04_10,효행초등학교정문,5,depart,15,9.0,3,6,2025_1,1,0,0,0,1,0,0,0,5.0,11.0,0.0,0,0,0
2025_04_11,효행초등학교정문,5,depart,15,8.0,4,6,2025_1,1,0,0,0,1,0,0,0,9.0,12.8,0.0,0,0,0
2025_04_14,효행초등학교정문,5,depart,15,3.0,0,7,2025_1,1,0,0,0,0,0,0,0,8.0,4.6,8.8,1,1,0
2025_04_15,효행초등학교정문,5,depart,15,6.0,1,7,2025_1,1,0,0,0,0,0,0,0,3.0,5.6,0.0,0,0,0
2025_04_16,효행초등학교정문,5,depart,15,10.0,2,7,2025_1,1,1,1,0,0,0,0,0,6.0,12.2,1.4,1,0,0
2025_04_17,효행초등학교정문,5,depart,15,9.0,3,7,2025_1,1,1,1,0,0,0,0,0,10.0,18.0,0.0,0,0,0
2025_04_18,효행초등학교정문,5,depart,15,10.0,4,7,2025_1,1,1,1,0,0,0,0,0,9.0,16.8,0.0,0,0,0
2025_04_21,효행초등학교정문,5,depart,15,17.0,0,8,2025_1,1,1,1,0,0,0,0,0,10.0,18.0,0.0,0,0,0
2025_04_22,효행초등학교정문,5,depart,15,9.0,1,8,2025_1,1,1,1,0,0,0,0,0,17.0,16.2,25.2,1,0,0
2025_04_23,효행초등학교정문,5,depart,15,23.0,2,8,2025_1,1,1,1,0,0,0,0,0,9.0,15.2,0.0,0,0,0
2025_04_24,효행초등학교정문,5,depart,15,13.0,3,8,2025_1,1,1,1,0,0,0,0,0,23.0,12.3,0.0,0,0,0
2025_04_25,효행초등학교정문,5,depart,15,16.0,4,8,2025_1,1,1,1,0,0,0,0,0,13.0,10.4,0.0,0,0,0
2025_04_28,효행초등학교정문,5,depart,15,16.0,0,9,2025_1,1,1,1,0,0,0,0,0,16.0,12.4,0.0,0,0,0
2025_04_29,효행초등학교정문,5,depart,15,16.0,1,9,2025_1,1,1,1,0,0,0,0,0,16.0,12.0,0.0,0,0,0
2025_04_30,효행초등학교정문,5,depart,15,19.0,2,9,2025_1,1,1,1,0,0,0,0,0,16.0,16.2,0.0,0,0,0
2025_05_01,효행초등학교정문,5,depart,15,3.0,3,9,2025_1,1,0,0,0,0,0,0,0,19.0,12.6,22.3,1,0,0
2025_05_02,효행초등학교정문,5,depart,15,17.0,4,9,2025_1,1,0,0,0,0,0,0,0,3.0,12.1,0.0,0,0,0
2025_05_05,효행초등학교정문,5,depart,15,6.0,0,10,2025_1,1,0,0,0,0,1,0,0,17.0,10.6,0.3,0,0,0
2025_05_06,효행초등학교정문,5,depart,15,3.0,1,10,2025_1,1,0,0,0,0,1,0,0,6.0,12.5,0.0,0,0,0
2025_05_07,효행초등학교정문,5,depart,15,43.0,2,10,2025_1,1,0,0,0,0,0,1,0,3.0,12.6,0.1,0,0,0
2025_05_08,효행초등학교정문,5,depart,15,27.0,3,10,2025_1,1,0,0,0,0,0,0,0,43.0,15.4,0.0,0,0,0
2025_05_09,효행초등학교정문,5,depart,15,7.0,4,10,2025_1,1,0,0,0,0,0,0,0,27.0,13.6,21.7,1,0,0
2025_05_12,효행초등학교정문,5,depart,15,5.0,0,11,2025_1,1,0,0,0,0,0,0,0,7.0,15.0,0.0,0,0,0
2025_05_13,효행초등학교정문,5,depart,15,19.0,1,11,2025_1,1,0,0,0,0,0,0,0,5.0,19.0,0.0,0,0,0
2025_05_14,효행초등학교정문,5,depart,15,22.0,2,11,2025_1,1,0,0,0,0,0,0,0,19.0,20.4,0.1,0,0,0
2025_05_15,효행초등학교정문,5,depart,15,12.0,3,11,2025_1,1,0,0,0,0,0,0,0,22.0,19.4,4.7,1,0,0
2025_05_16,효행초등학교정문,5,depart,15,6.0,4,11,2025_1,1,0,0,0,0,0,0,0,12.0,20.0,16.3,1,0,0
2025_05_19,효행초등학교정문,5,depart,15,11.0,0,12,2025_1,1,0,0,0,0,0,0,0,6.0,15.0,0.0,0,0,0
2025_05_20,효행초등학교정문,5,depart,15,16.0,1,12,2025_1,1,0,0,0,0,0,0,0,11.0,21.3,0.2,0,0,0
2025_05_21,효행초등학교정문,5,depart,15,25.0,2,12,2025_1,1,0,0,0,0,0,0,0,16.0,24.2,0.4,0,0,0
2025_05_22,효행초등학교정문,5,depart,15,4.0,3,12,2025_1,1,0,0,0,0,0,0,0,25.0,22.7,2.6,1,0,0
2025_05_23,효행초등학교정문,5,depart,15,3.0,4,12,2025_1,1,0,0,0,0,0,0,0,4.0,19.3,3.5,1,0,0
2025_05_26,효행초등학교정문,5,depart,15,8.0,0,13,2025_1,1,0,0,0,1,0,0,0,3.0,18.7,0.0,0,0,0
2025_05_27,효행초등학교정문,5,depart,15,44.0,1,13,2025_1,1,0,0,0,1,0,1,0,8.0,19.6,0.0,0,0,0
2025_05_28,효행초등학교정문,5,depart,15,29.0,2,13,2025_1,1,0,0,0,1,0,0,0,44.0,19.5,0.6,1,0,0
2025_05_29,효행초등학교정문,5,depart,15,27.0,3,13,2025_1,1,0,0,0,1,0,0,0,29.0,20.4,0.4,0,0,0
2025_05_30,효행초등학교정문,5,depart,15,6.0,4,13,2025_1,1,0,0,0,1,0,0,0,27.0,21.7,0.0,0,0,0
2025_06_02,효행초등학교정문,5,depart,15,2.0,0,14,2025_1,1,0,0,0,0,0,0,0,6.0,20.2,1.0,1,0,0
2025_06_03,효행초등학교정문,5,depart,15,4.0,1,14,2025_1,1,0,0,0,0,0,0,0,2.0,20.2,0.2,0,0,0
2025_06_04,효행초등학교정문,5,depart,15,22.0,2,14,2025_1,1,1,0,1,0,0,0,0,4.0,19.0,0.0,0,0,0
2025_06_05,효행초등학교정문,5,depart,15,10.0,3,14,2025_1,1,1,0,1,0,0,0,0,22.0,20.0,0.0,0,0,0
2025_06_06,효행초등학교정문,5,depart,15,2.0,4,14,2025_1,1,1,0,1,0,1,0,0,10.0,23.3,0.0,0,0,0
2025_06_09,효행초등학교정문,5,depart,15,6.0,0,15,2025_1,1,1,0,1,0,0,0,0,2.0,24.5,0.2,0,0,0
2025_06_10,효행초등학교정문,5,depart,15,20.0,1,15,2025_1,1,1,0,1,0,0,0,0,6.0,21.0,0.0,0,0,0
2025_06_11,효행초등학교정문,5,depart,15,12.0,2,15,2025_1,1,1,0,1,0,0,0,0,20.0,21.2,0.0,0,0,0
2025_06_12,효행초등학교정문,5,depart,15,7.0,3,15,2025_1,1,1,0,1,0,0,0,0,12.0,23.9,0.0,0,0,0
2025_06_13,효행초등학교정문,5,depart,15,6.0,4,15,2025_1,1,1,0,1,0,0,0,0,7.0,23.2,3.8,1,0,0
2025_06_16,효행초등학교정문,5,depart,15,0.0,0,16,2025_1,1,1,0,1,0,0,0,0,6.0,22.8,16.0,1,0,0
2025_06_17,효행초등학교정문,5,depart,15,13.0,1,16,2025_1,1,1,0,1,0,0,0,0,0.0,23.0,0.4,0,0,0
2025_06_18,효행초등학교정문,5,depart,15,3.0,2,16,2025_1,1,0,0,0,0,0,0,0,13.0,24.2,0.0,0,0,0
2025_06_19,효행초등학교정문,5,depart,15,19.0,3,16,2025_1,1,0,0,0,0,0,0,0,3.0,26.2,0.3,0,0,0
2025_06_20,효행초등학교정문,5,depart,15,2.0,4,16,2025_1,1,0,0,0,0,0,0,0,19.0,23.0,48.9,1,0,0
2025_06_23,효행초등학교정문,5,depart,15,5.0,0,17,2025_1,1,0,0,0,0,0,0,0,2.0,23.3,0.0,0,0,0
2025_08_25,효행초등학교정문,5,depart,15,3.0,0,1,2025_2,2,0,0,0,0,0,0,0,5.0,28.0,21.8,1,0,0
2025_08_26,효행초등학교정문,5,depart,15,20.0,1,1,2025_2,2,0,0,0,0,0,0,0,3.0,26.1,22.2,1,0,0
2025_08_27,효행초등학교정문,5,depart,15,6.0,2,1,2025_2,2,0,0,0,0,0,0,0,20.0,25.9,0.1,0,0,0
2025_08_28,효행초등학교정문,5,depart,15,8.0,3,1,2025_2,2,0,0,0,0,0,0,0,6.0,26.6,1.5,1,0,0
2025_08_29,효행초등학교정문,5,depart,15,5.0,4,1,2025_2,2,0,0,0,0,0,0,0,8.0,27.6,5.9,1,0,0
2025_09_01,효행초등학교정문,5,depart,15,20.0,0,2,2025_2,2,0,0,0,0,0,0,0,5.0,25.7,17.6,1,0,0
2025_09_02,효행초등학교정문,5,depart,15,19.0,1,2,2025_2,2,0,0,0,0,0,0,0,20.0,24.3,0.0,0,0,0
2025_09_03,효행초등학교정문,5,depart,15,19.0,2,2,2025_2,2,0,0,0,0,0,0,0,19.0,25.0,0.0,0,0,0
2025_09_05,효행초등학교정문,5,depart,15,7.0,4,2,2025_2,2,0,0,0,0,0,0,0,19.0,26.1,0.3,0,0,0
2025_09_08,효행초등학교정문,5,depart,15,11.0,0,3,2025_2,2,0,0,0,0,0,0,0,7.0,22.8,0.0,0,0,0
2025_09_09,효행초등학교정문,5,depart,15,6.0,1,3,2025_2,2,0,0,0,0,0,0,0,11.0,23.0,0.7,1,0,0
2025_09_10,효행초등학교정문,5,depart,15,16.0,2,3,2025_2,2,0,0,0,0,0,0,0,6.0,23.8,0.0,0,0,0
2025_09_11,효행초등학교정문,5,depart,15,7.0,3,3,2025_2,2,0,0,0,0,0,0,0,16.0,23.4,0.0,0,0,0
2025_09_12,효행초등학교정문,5,depart,15,7.0,4,3,2025_2,2,0,0,0,0,0,0,0,7.0,22.0,10.2,1,0,0
2026_03_04,효행초등학교정문,5,depart,15,21.0,2,1,2026_1,1,0,0,0,0,0,0,0,7.0,5.0,0.0,0,0,0
2026_03_05,효행초등학교정문,5,depart,15,4.0,3,1,2026_1,1,0,0,0,0,0,0,0,21.0,5.4,14.0,1,0,0
2026_03_06,효행초등학교정문,5,depart,15,6.0,4,1,2026_1,1,0,0,0,0,0,0,0,4.0,1.0,1.6,1,1,0
2026_03_09,효행초등학교정문,5,depart,15,22.0,0,2,2026_1,1,0,0,0,0,0,0,0,6.0,3.0,0.0,0,1,0
2026_03_10,효행초등학교정문,5,depart,15,13.0,1,2,2026_1,1,0,0,0,0,0,0,0,22.0,2.2,0.0,0,1,0
2026_03_11,효행초등학교정문,5,depart,15,21.0,2,2,2026_1,1,0,0,0,0,0,0,0,13.0,3.4,0.0,0,1,0
2026_03_12,효행초등학교정문,5,depart,15,8.0,3,2,2026_1,1,0,0,0,0,0,0,0,21.0,4.9,0.0,0,1,0
2026_03_13,효행초등학교정문,5,depart,15,27.0,4,2,2026_1,1,0,0,0,0,0,0,0,8.0,5.8,0.0,0,0,0
2026_03_16,효행초등학교정문,5,depart,15,0.0,0,3,2026_1,1,0,0,0,0,0,0,0,27.0,5.8,0.0,0,0,0
2026_03_17,효행초등학교정문,5,depart,15,10.0,1,3,2026_1,1,0,0,0,0,0,0,0,0.0,6.0,0.0,0,0,0
2026_03_23,효행초등학교정문,5,depart,15,10.0,0,4,2026_1,1,0,0,0,0,0,0,0,10.0,9.6,0.0,0,0,0
2026_03_24,효행초등학교정문,5,depart,15,9.0,1,4,2026_1,1,0,0,0,0,0,0,0,10.0,10.6,0.0,0,0,0
2026_03_25,효행초등학교정문,5,depart,15,27.0,2,4,2026_1,1,0,0,0,0,0,0,0,9.0,12.0,0.0,0,0,0
2026_03_26,효행초등학교정문,5,depart,15,26.0,3,4,2026_1,1,0,0,0,0,0,0,0,27.0,10.5,0.0,0,0,0
2026_03_27,효행초등학교정문,5,depart,15,21.0,4,4,2026_1,1,0,0,0,0,0,0,0,26.0,11.0,0.1,0,0,0
2026_03_30,효행초등학교정문,5,depart,15,6.0,0,5,2026_1,1,0,0,0,0,0,0,0,21.0,13.7,3.2,1,0,0
2026_03_31,효행초등학교정문,5,depart,15,15.0,1,5,2026_1,1,0,0,0,0,0,0,0,6.0,13.6,9.5,1,0,0
2026_04_01,효행초등학교정문,5,depart,15,24.0,2,5,2026_1,1,0,0,0,0,0,0,0,15.0,11.5,0.1,0,0,0
2026_04_02,효행초등학교정문,5,depart,15,12.0,3,5,2026_1,1,0,0,0,0,0,0,0,24.0,9.6,0.0,0,0,0
2026_04_03,효행초등학교정문,5,depart,15,37.0,4,5,2026_1,1,0,0,0,0,0,1,0,12.0,13.0,0.0,0,0,0
2026_04_06,효행초등학교정문,5,depart,15,17.0,0,6,2026_1,1,0,0,0,1,0,0,0,37.0,9.1,5.5,1,0,0
2026_04_07,효행초등학교정문,5,depart,15,20.0,1,6,2026_1,1,0,0,0,1,0,0,0,17.0,6.4,0.0,0,0,0
2026_04_08,효행초등학교정문,5,depart,15,11.0,2,6,2026_1,1,0,0,0,1,0,0,0,20.0,7.4,0.0,0,0,0
2026_04_09,효행초등학교정문,5,depart,15,38.0,3,6,2026_1,1,0,0,0,1,0,0,0,11.0,9.1,18.9,1,0,0
2026_04_10,효행초등학교정문,5,depart,15,21.0,4,6,2026_1,1,0,0,0,1,0,0,0,38.0,9.8,5.8,1,0,0
2026_04_13,효행초등학교정문,5,depart,15,6.0,0,7,2026_1,1,0,0,0,0,0,0,0,21.0,16.4,0.0,0,0,0
2026_04_14,효행초등학교정문,5,depart,15,14.0,1,7,2026_1,1,0,0,0,0,0,0,0,6.0,19.0,0.0,0,0,0
2026_04_15,효행초등학교정문,5,depart,15,9.0,2,7,2026_1,1,0,0,0,0,0,0,0,14.0,17.6,0.0,0,0,0
2026_04_16,효행초등학교정문,5,depart,15,3.0,3,7,2026_1,1,1,1,0,0,0,0,0,9.0,17.8,0.0,0,0,0
2026_04_17,효행초등학교정문,5,depart,15,14.0,4,7,2026_1,1,1,1,0,0,0,0,0,3.0,16.0,0.2,0,0,0
2026_04_20,효행초등학교정문,5,depart,15,7.0,0,8,2026_1,1,1,1,0,0,0,0,0,14.0,12.2,0.7,1,0,0
2026_04_21,효행초등학교정문,5,depart,15,16.0,1,8,2026_1,1,1,1,0,0,0,0,0,7.0,11.1,0.0,0,0,0
2026_04_22,효행초등학교정문,5,depart,15,16.0,2,8,2026_1,1,1,1,0,0,0,0,0,16.0,13.4,0.0,0,0,0
2026_04_23,효행초등학교정문,5,depart,15,36.0,3,8,2026_1,1,1,1,0,0,0,1,0,16.0,16.1,0.0,0,0,0
2026_04_24,효행초등학교정문,5,depart,15,12.0,4,8,2026_1,1,1,1,0,0,0,0,0,36.0,17.2,0.0,0,0,0
2025_03_05,효행초등학교정문,5,depart,16,7.0,2,1,2025_1,1,0,0,0,0,0,0,0,,3.5,0.2,0,1,0
2025_03_06,효행초등학교정문,5,depart,16,2.0,3,1,2025_1,1,0,0,0,0,0,0,0,7.0,3.4,0.0,0,1,0
2025_03_07,효행초등학교정문,5,depart,16,2.0,4,1,2025_1,1,0,0,0,0,0,0,0,2.0,2.8,0.0,0,1,0
2025_03_10,효행초등학교정문,5,depart,16,10.0,0,2,2025_1,1,0,0,0,0,0,0,0,2.0,6.0,0.0,0,0,0
2025_03_12,효행초등학교정문,5,depart,16,41.0,2,2,2025_1,1,0,0,0,0,0,1,0,10.0,7.3,0.1,0,0,0
2025_03_13,효행초등학교정문,5,depart,16,18.0,3,2,2025_1,1,0,0,0,0,0,0,0,41.0,6.6,0.0,0,0,0
2025_03_14,효행초등학교정문,5,depart,16,18.0,4,2,2025_1,1,0,0,0,0,0,0,0,18.0,10.4,0.0,0,0,0
2025_03_17,효행초등학교정문,5,depart,16,10.0,0,3,2025_1,1,0,0,0,0,0,0,0,18.0,0.3,0.1,0,1,0
2025_03_18,효행초등학교정문,5,depart,16,4.0,1,3,2025_1,1,0,0,0,0,0,0,0,10.0,0.7,4.5,1,1,0
2025_03_19,효행초등학교정문,5,depart,16,14.0,2,3,2025_1,1,0,0,0,0,0,0,0,4.0,-0.8,0.0,0,1,0
2025_03_20,효행초등학교정문,5,depart,16,10.0,3,3,2025_1,1,0,0,0,0,0,0,0,14.0,6.1,0.0,0,0,0
2025_03_21,효행초등학교정문,5,depart,16,4.0,4,3,2025_1,1,0,0,0,0,0,0,0,10.0,9.6,0.0,0,0,0
2025_03_24,효행초등학교정문,5,depart,16,32.0,0,4,2025_1,1,0,0,0,0,0,0,0,4.0,14.1,0.0,0,0,0
2025_03_25,효행초등학교정문,5,depart,16,6.0,1,4,2025_1,1,0,0,0,0,0,0,0,32.0,13.2,0.0,0,0,0
2025_03_26,효행초등학교정문,5,depart,16,24.0,2,4,2025_1,1,0,0,0,0,0,0,0,6.0,12.6,0.0,0,0,0
2025_03_27,효행초등학교정문,5,depart,16,100.0,3,4,2025_1,1,0,0,0,0,0,1,1,24.0,12.6,1.0,1,0,0
2025_03_28,효행초등학교정문,5,depart,16,20.0,4,4,2025_1,1,0,0,0,0,0,0,0,100.0,6.0,0.0,0,0,0
2025_03_31,효행초등학교정문,5,depart,16,13.0,0,5,2025_1,1,0,0,0,0,0,0,0,20.0,5.2,0.0,0,0,0
2025_04_01,효행초등학교정문,5,depart,16,5.0,1,5,2025_1,1,0,0,0,0,0,0,0,13.0,7.6,0.0,0,0,0
2025_04_02,효행초등학교정문,5,depart,16,9.0,2,5,2025_1,1,0,0,0,0,0,0,0,5.0,7.6,0.6,1,0,0
2025_04_03,효행초등학교정문,5,depart,16,7.0,3,5,2025_1,1,0,0,0,0,0,0,0,9.0,7.8,0.0,0,0,0
2025_04_04,효행초등학교정문,5,depart,16,28.0,4,5,2025_1,1,0,0,0,0,0,0,0,7.0,9.0,0.0,0,0,0
2025_04_07,효행초등학교정문,5,depart,16,13.0,0,6,2025_1,1,0,0,0,1,0,0,0,28.0,10.9,0.0,0,0,0
2025_04_08,효행초등학교정문,5,depart,16,2.0,1,6,2025_1,1,0,0,0,1,0,0,0,13.0,11.1,3.3,1,0,0
2025_04_09,효행초등학교정문,5,depart,16,7.0,2,6,2025_1,1,0,0,0,1,0,0,0,2.0,10.8,0.2,0,0,0
2025_04_10,효행초등학교정문,5,depart,16,28.0,3,6,2025_1,1,0,0,0,1,0,0,0,7.0,11.0,0.0,0,0,0
2025_04_11,효행초등학교정문,5,depart,16,21.0,4,6,2025_1,1,0,0,0,1,0,0,0,28.0,12.8,0.0,0,0,0
2025_04_14,효행초등학교정문,5,depart,16,8.0,0,7,2025_1,1,0,0,0,0,0,0,0,21.0,4.6,8.8,1,1,0
2025_04_15,효행초등학교정문,5,depart,16,13.0,1,7,2025_1,1,0,0,0,0,0,0,0,8.0,5.6,0.0,0,0,0
2025_04_16,효행초등학교정문,5,depart,16,6.0,2,7,2025_1,1,1,1,0,0,0,0,0,13.0,12.2,1.4,1,0,0
2025_04_17,효행초등학교정문,5,depart,16,18.0,3,7,2025_1,1,1,1,0,0,0,0,0,6.0,18.0,0.0,0,0,0
2025_04_18,효행초등학교정문,5,depart,16,7.0,4,7,2025_1,1,1,1,0,0,0,0,0,18.0,16.8,0.0,0,0,0
2025_04_21,효행초등학교정문,5,depart,16,7.0,0,8,2025_1,1,1,1,0,0,0,0,0,7.0,18.0,0.0,0,0,0
2025_04_22,효행초등학교정문,5,depart,16,2.0,1,8,2025_1,1,1,1,0,0,0,0,0,7.0,16.2,25.2,1,0,0
2025_04_23,효행초등학교정문,5,depart,16,4.0,2,8,2025_1,1,1,1,0,0,0,0,0,2.0,15.2,0.0,0,0,0
2025_04_24,효행초등학교정문,5,depart,16,13.0,3,8,2025_1,1,1,1,0,0,0,0,0,4.0,12.3,0.0,0,0,0
2025_04_25,효행초등학교정문,5,depart,16,7.0,4,8,2025_1,1,1,1,0,0,0,0,0,13.0,10.4,0.0,0,0,0
2025_04_28,효행초등학교정문,5,depart,16,9.0,0,9,2025_1,1,1,1,0,0,0,0,0,7.0,12.4,0.0,0,0,0
2025_04_29,효행초등학교정문,5,depart,16,4.0,1,9,2025_1,1,1,1,0,0,0,0,0,9.0,12.0,0.0,0,0,0
2025_04_30,효행초등학교정문,5,depart,16,12.0,2,9,2025_1,1,1,1,0,0,0,0,0,4.0,16.2,0.0,0,0,0
2025_05_01,효행초등학교정문,5,depart,16,12.0,3,9,2025_1,1,0,0,0,0,0,0,0,12.0,12.6,22.3,1,0,0
2025_05_02,효행초등학교정문,5,depart,16,10.0,4,9,2025_1,1,0,0,0,0,0,0,0,12.0,12.1,0.0,0,0,0
2025_05_05,효행초등학교정문,5,depart,16,0.0,0,10,2025_1,1,0,0,0,0,1,0,0,10.0,10.6,0.3,0,0,0
2025_05_06,효행초등학교정문,5,depart,16,3.0,1,10,2025_1,1,0,0,0,0,1,0,0,0.0,12.5,0.0,0,0,0
2025_05_07,효행초등학교정문,5,depart,16,42.0,2,10,2025_1,1,0,0,0,0,0,1,0,3.0,12.6,0.1,0,0,0
2025_05_08,효행초등학교정문,5,depart,16,27.0,3,10,2025_1,1,0,0,0,0,0,0,0,42.0,15.4,0.0,0,0,0
2025_05_09,효행초등학교정문,5,depart,16,14.0,4,10,2025_1,1,0,0,0,0,0,0,0,27.0,13.6,21.7,1,0,0
2025_05_12,효행초등학교정문,5,depart,16,14.0,0,11,2025_1,1,0,0,0,0,0,0,0,14.0,15.0,0.0,0,0,0
2025_05_13,효행초등학교정문,5,depart,16,18.0,1,11,2025_1,1,0,0,0,0,0,0,0,14.0,19.0,0.0,0,0,0
2025_05_14,효행초등학교정문,5,depart,16,9.0,2,11,2025_1,1,0,0,0,0,0,0,0,18.0,20.4,0.1,0,0,0
2025_05_15,효행초등학교정문,5,depart,16,26.0,3,11,2025_1,1,0,0,0,0,0,0,0,9.0,19.4,4.7,1,0,0
2025_05_16,효행초등학교정문,5,depart,16,10.0,4,11,2025_1,1,0,0,0,0,0,0,0,26.0,20.0,16.3,1,0,0
2025_05_19,효행초등학교정문,5,depart,16,16.0,0,12,2025_1,1,0,0,0,0,0,0,0,10.0,15.0,0.0,0,0,0
2025_05_20,효행초등학교정문,5,depart,16,14.0,1,12,2025_1,1,0,0,0,0,0,0,0,16.0,21.3,0.2,0,0,0
2025_05_21,효행초등학교정문,5,depart,16,15.0,2,12,2025_1,1,0,0,0,0,0,0,0,14.0,24.2,0.4,0,0,0
2025_05_22,효행초등학교정문,5,depart,16,6.0,3,12,2025_1,1,0,0,0,0,0,0,0,15.0,22.7,2.6,1,0,0
2025_05_23,효행초등학교정문,5,depart,16,2.0,4,12,2025_1,1,0,0,0,0,0,0,0,6.0,19.3,3.5,1,0,0
2025_05_26,효행초등학교정문,5,depart,16,10.0,0,13,2025_1,1,0,0,0,1,0,0,0,2.0,18.7,0.0,0,0,0
2025_05_27,효행초등학교정문,5,depart,16,31.0,1,13,2025_1,1,0,0,0,1,0,0,0,10.0,19.6,0.0,0,0,0
2025_05_28,효행초등학교정문,5,depart,16,12.0,2,13,2025_1,1,0,0,0,1,0,0,0,31.0,19.5,0.6,1,0,0
2025_05_29,효행초등학교정문,5,depart,16,52.0,3,13,2025_1,1,0,0,0,1,0,1,1,12.0,20.4,0.4,0,0,0
2025_05_30,효행초등학교정문,5,depart,16,14.0,4,13,2025_1,1,0,0,0,1,0,0,0,52.0,21.7,0.0,0,0,0
2025_06_02,효행초등학교정문,5,depart,16,14.0,0,14,2025_1,1,0,0,0,0,0,0,0,14.0,20.2,1.0,1,0,0
2025_06_03,효행초등학교정문,5,depart,16,4.0,1,14,2025_1,1,0,0,0,0,0,0,0,14.0,20.2,0.2,0,0,0
2025_06_04,효행초등학교정문,5,depart,16,12.0,2,14,2025_1,1,1,0,1,0,0,0,0,4.0,19.0,0.0,0,0,0
2025_06_05,효행초등학교정문,5,depart,16,16.0,3,14,2025_1,1,1,0,1,0,0,0,0,12.0,20.0,0.0,0,0,0
2025_06_06,효행초등학교정문,5,depart,16,3.0,4,14,2025_1,1,1,0,1,0,1,0,0,16.0,23.3,0.0,0,0,0
2025_06_09,효행초등학교정문,5,depart,16,8.0,0,15,2025_1,1,1,0,1,0,0,0,0,3.0,24.5,0.2,0,0,0
2025_06_10,효행초등학교정문,5,depart,16,3.0,1,15,2025_1,1,1,0,1,0,0,0,0,8.0,21.0,0.0,0,0,0
2025_06_11,효행초등학교정문,5,depart,16,9.0,2,15,2025_1,1,1,0,1,0,0,0,0,3.0,21.2,0.0,0,0,0
2025_06_12,효행초등학교정문,5,depart,16,7.0,3,15,2025_1,1,1,0,1,0,0,0,0,9.0,23.9,0.0,0,0,0
2025_06_13,효행초등학교정문,5,depart,16,4.0,4,15,2025_1,1,1,0,1,0,0,0,0,7.0,23.2,3.8,1,0,0
2025_06_16,효행초등학교정문,5,depart,16,9.0,0,16,2025_1,1,1,0,1,0,0,0,0,4.0,22.8,16.0,1,0,0
2025_06_17,효행초등학교정문,5,depart,16,6.0,1,16,2025_1,1,1,0,1,0,0,0,0,9.0,23.0,0.4,0,0,0
2025_06_18,효행초등학교정문,5,depart,16,4.0,2,16,2025_1,1,0,0,0,0,0,0,0,6.0,24.2,0.0,0,0,0
2025_06_19,효행초등학교정문,5,depart,16,3.0,3,16,2025_1,1,0,0,0,0,0,0,0,4.0,26.2,0.3,0,0,0
2025_06_20,효행초등학교정문,5,depart,16,1.0,4,16,2025_1,1,0,0,0,0,0,0,0,3.0,23.0,48.9,1,0,0
2025_06_23,효행초등학교정문,5,depart,16,2.0,0,17,2025_1,1,0,0,0,0,0,0,0,1.0,23.3,0.0,0,0,0
2025_08_25,효행초등학교정문,5,depart,16,3.0,0,1,2025_2,2,0,0,0,0,0,0,0,2.0,28.0,21.8,1,0,0
2025_08_26,효행초등학교정문,5,depart,16,3.0,1,1,2025_2,2,0,0,0,0,0,0,0,3.0,26.1,22.2,1,0,0
2025_08_27,효행초등학교정문,5,depart,16,9.0,2,1,2025_2,2,0,0,0,0,0,0,0,3.0,25.9,0.1,0,0,0
2025_08_28,효행초등학교정문,5,depart,16,6.0,3,1,2025_2,2,0,0,0,0,0,0,0,9.0,26.6,1.5,1,0,0
2025_08_29,효행초등학교정문,5,depart,16,4.0,4,1,2025_2,2,0,0,0,0,0,0,0,6.0,27.6,5.9,1,0,0
2025_09_01,효행초등학교정문,5,depart,16,15.0,0,2,2025_2,2,0,0,0,0,0,0,0,4.0,25.7,17.6,1,0,0
2025_09_02,효행초등학교정문,5,depart,16,7.0,1,2,2025_2,2,0,0,0,0,0,0,0,15.0,24.3,0.0,0,0,0
2025_09_03,효행초등학교정문,5,depart,16,24.0,2,2,2025_2,2,0,0,0,0,0,1,0,7.0,25.0,0.0,0,0,0
2025_09_05,효행초등학교정문,5,depart,16,8.0,4,2,2025_2,2,0,0,0,0,0,0,0,24.0,26.1,0.3,0,0,0
2025_09_08,효행초등학교정문,5,depart,16,5.0,0,3,2025_2,2,0,0,0,0,0,0,0,8.0,22.8,0.0,0,0,0
2025_09_09,효행초등학교정문,5,depart,16,0.0,1,3,2025_2,2,0,0,0,0,0,0,0,5.0,23.0,0.7,1,0,0
2025_09_10,효행초등학교정문,5,depart,16,12.0,2,3,2025_2,2,0,0,0,0,0,0,0,0.0,23.8,0.0,0,0,0
2025_09_11,효행초등학교정문,5,depart,16,14.0,3,3,2025_2,2,0,0,0,0,0,0,0,12.0,23.4,0.0,0,0,0
2025_09_12,효행초등학교정문,5,depart,16,4.0,4,3,2025_2,2,0,0,0,0,0,0,0,14.0,22.0,10.2,1,0,0
2026_03_04,효행초등학교정문,5,depart,16,7.0,2,1,2026_1,1,0,0,0,0,0,0,0,4.0,5.0,0.0,0,0,0
2026_03_05,효행초등학교정문,5,depart,16,10.0,3,1,2026_1,1,0,0,0,0,0,0,0,7.0,5.4,14.0,1,0,0
2026_03_06,효행초등학교정문,5,depart,16,1.0,4,1,2026_1,1,0,0,0,0,0,0,0,10.0,1.0,1.6,1,1,0
2026_03_09,효행초등학교정문,5,depart,16,4.0,0,2,2026_1,1,0,0,0,0,0,0,0,1.0,3.0,0.0,0,1,0
2026_03_10,효행초등학교정문,5,depart,16,5.0,1,2,2026_1,1,0,0,0,0,0,0,0,4.0,2.2,0.0,0,1,0
2026_03_11,효행초등학교정문,5,depart,16,16.0,2,2,2026_1,1,0,0,0,0,0,0,0,5.0,3.4,0.0,0,1,0
2026_03_12,효행초등학교정문,5,depart,16,19.0,3,2,2026_1,1,0,0,0,0,0,0,0,16.0,4.9,0.0,0,1,0
2026_03_13,효행초등학교정문,5,depart,16,29.0,4,2,2026_1,1,0,0,0,0,0,0,0,19.0,5.8,0.0,0,0,0
2026_03_16,효행초등학교정문,5,depart,16,19.0,0,3,2026_1,1,0,0,0,0,0,0,0,29.0,5.8,0.0,0,0,0
2026_03_17,효행초등학교정문,5,depart,16,7.0,1,3,2026_1,1,0,0,0,0,0,0,0,19.0,6.0,0.0,0,0,0
2026_03_23,효행초등학교정문,5,depart,16,32.0,0,4,2026_1,1,0,0,0,0,0,1,0,7.0,9.6,0.0,0,0,0
2026_03_24,효행초등학교정문,5,depart,16,10.0,1,4,2026_1,1,0,0,0,0,0,0,0,32.0,10.6,0.0,0,0,0
2026_03_25,효행초등학교정문,5,depart,16,22.0,2,4,2026_1,1,0,0,0,0,0,0,0,10.0,12.0,0.0,0,0,0
2026_03_26,효행초등학교정문,5,depart,16,14.0,3,4,2026_1,1,0,0,0,0,0,0,0,22.0,10.5,0.0,0,0,0
2026_03_27,효행초등학교정문,5,depart,16,7.0,4,4,2026_1,1,0,0,0,0,0,0,0,14.0,11.0,0.1,0,0,0
2026_03_30,효행초등학교정문,5,depart,16,19.0,0,5,2026_1,1,0,0,0,0,0,0,0,7.0,13.7,3.2,1,0,0
2026_03_31,효행초등학교정문,5,depart,16,12.0,1,5,2026_1,1,0,0,0,0,0,0,0,19.0,13.6,9.5,1,0,0
2026_04_01,효행초등학교정문,5,depart,16,35.0,2,5,2026_1,1,0,0,0,0,0,0,0,12.0,11.5,0.1,0,0,0
2026_04_02,효행초등학교정문,5,depart,16,30.0,3,5,2026_1,1,0,0,0,0,0,0,0,35.0,9.6,0.0,0,0,0
2026_04_03,효행초등학교정문,5,depart,16,21.0,4,5,2026_1,1,0,0,0,0,0,0,0,30.0,13.0,0.0,0,0,0
2026_04_06,효행초등학교정문,5,depart,16,10.0,0,6,2026_1,1,0,0,0,1,0,0,0,21.0,9.1,5.5,1,0,0
2026_04_07,효행초등학교정문,5,depart,16,19.0,1,6,2026_1,1,0,0,0,1,0,0,0,10.0,6.4,0.0,0,0,0
2026_04_08,효행초등학교정문,5,depart,16,8.0,2,6,2026_1,1,0,0,0,1,0,0,0,19.0,7.4,0.0,0,0,0
2026_04_09,효행초등학교정문,5,depart,16,29.0,3,6,2026_1,1,0,0,0,1,0,1,0,8.0,9.1,18.9,1,0,0
2026_04_10,효행초등학교정문,5,depart,16,16.0,4,6,2026_1,1,0,0,0,1,0,0,0,29.0,9.8,5.8,1,0,0
2026_04_13,효행초등학교정문,5,depart,16,12.0,0,7,2026_1,1,0,0,0,0,0,0,0,16.0,16.4,0.0,0,0,0
2026_04_14,효행초등학교정문,5,depart,16,22.0,1,7,2026_1,1,0,0,0,0,0,0,0,12.0,19.0,0.0,0,0,0
2026_04_15,효행초등학교정문,5,depart,16,30.0,2,7,2026_1,1,0,0,0,0,0,0,0,22.0,17.6,0.0,0,0,0
2026_04_16,효행초등학교정문,5,depart,16,32.0,3,7,2026_1,1,1,1,0,0,0,1,0,30.0,17.8,0.0,0,0,0
2026_04_17,효행초등학교정문,5,depart,16,14.0,4,7,2026_1,1,1,1,0,0,0,0,0,32.0,16.0,0.2,0,0,0
2026_04_20,효행초등학교정문,5,depart,16,8.0,0,8,2026_1,1,1,1,0,0,0,0,0,14.0,12.2,0.7,1,0,0
2026_04_21,효행초등학교정문,5,depart,16,8.0,1,8,2026_1,1,1,1,0,0,0,0,0,8.0,11.1,0.0,0,0,0
2026_04_22,효행초등학교정문,5,depart,16,11.0,2,8,2026_1,1,1,1,0,0,0,0,0,8.0,13.4,0.0,0,0,0
2026_04_23,효행초등학교정문,5,depart,16,32.0,3,8,2026_1,1,1,1,0,0,0,1,0,11.0,16.1,0.0,0,0,0
2026_04_24,효행초등학교정문,5,depart,16,10.0,4,8,2026_1,1,1,1,0,0,0,0,0,32.0,17.2,0.0,0,0,0
2025_03_05,효행초등학교정문,5,depart,17,7.0,2,1,2025_1,1,0,0,0,0,0,0,0,,3.5,0.2,0,1,0
2025_03_06,효행초등학교정문,5,depart,17,4.0,3,1,2025_1,1,0,0,0,0,0,0,0,7.0,3.4,0.0,0,1,0
2025_03_07,효행초등학교정문,5,depart,17,2.0,4,1,2025_1,1,0,0,0,0,0,0,0,4.0,2.8,0.0,0,1,0
2025_03_10,효행초등학교정문,5,depart,17,11.0,0,2,2025_1,1,0,0,0,0,0,0,0,2.0,6.0,0.0,0,0,0
2025_03_12,효행초등학교정문,5,depart,17,10.0,2,2,2025_1,1,0,0,0,0,0,1,0,11.0,7.3,0.1,0,0,0
2025_03_13,효행초등학교정문,5,depart,17,21.0,3,2,2025_1,1,0,0,0,0,0,0,0,10.0,6.6,0.0,0,0,0
2025_03_14,효행초등학교정문,5,depart,17,7.0,4,2,2025_1,1,0,0,0,0,0,0,0,21.0,10.4,0.0,0,0,0
2025_03_17,효행초등학교정문,5,depart,17,11.0,0,3,2025_1,1,0,0,0,0,0,0,0,7.0,0.3,0.1,0,1,0
2025_03_18,효행초등학교정문,5,depart,17,22.0,1,3,2025_1,1,0,0,0,0,0,0,0,11.0,0.7,4.5,1,1,0
2025_03_19,효행초등학교정문,5,depart,17,10.0,2,3,2025_1,1,0,0,0,0,0,0,0,22.0,-0.8,0.0,0,1,0
2025_03_20,효행초등학교정문,5,depart,17,27.0,3,3,2025_1,1,0,0,0,0,0,0,0,10.0,6.1,0.0,0,0,0
2025_03_21,효행초등학교정문,5,depart,17,5.0,4,3,2025_1,1,0,0,0,0,0,0,0,27.0,9.6,0.0,0,0,0
2025_03_24,효행초등학교정문,5,depart,17,31.0,0,4,2025_1,1,0,0,0,0,0,0,0,5.0,14.1,0.0,0,0,0
2025_03_25,효행초등학교정문,5,depart,17,8.0,1,4,2025_1,1,0,0,0,0,0,0,0,31.0,13.2,0.0,0,0,0
2025_03_26,효행초등학교정문,5,depart,17,32.0,2,4,2025_1,1,0,0,0,0,0,0,0,8.0,12.6,0.0,0,0,0
2025_03_27,효행초등학교정문,5,depart,17,55.0,3,4,2025_1,1,0,0,0,0,0,1,1,32.0,12.6,1.0,1,0,0
2025_03_28,효행초등학교정문,5,depart,17,5.0,4,4,2025_1,1,0,0,0,0,0,0,0,55.0,6.0,0.0,0,0,0
2025_03_31,효행초등학교정문,5,depart,17,13.0,0,5,2025_1,1,0,0,0,0,0,0,0,5.0,5.2,0.0,0,0,0
2025_04_01,효행초등학교정문,5,depart,17,11.0,1,5,2025_1,1,0,0,0,0,0,0,0,13.0,7.6,0.0,0,0,0
2025_04_02,효행초등학교정문,5,depart,17,16.0,2,5,2025_1,1,0,0,0,0,0,0,0,11.0,7.6,0.6,1,0,0
2025_04_03,효행초등학교정문,5,depart,17,7.0,3,5,2025_1,1,0,0,0,0,0,0,0,16.0,7.8,0.0,0,0,0
2025_04_04,효행초등학교정문,5,depart,17,3.0,4,5,2025_1,1,0,0,0,0,0,0,0,7.0,9.0,0.0,0,0,0
2025_04_07,효행초등학교정문,5,depart,17,8.0,0,6,2025_1,1,0,0,0,1,0,0,0,3.0,10.9,0.0,0,0,0
2025_04_08,효행초등학교정문,5,depart,17,6.0,1,6,2025_1,1,0,0,0,1,0,0,0,8.0,11.1,3.3,1,0,0
2025_04_09,효행초등학교정문,5,depart,17,13.0,2,6,2025_1,1,0,0,0,1,0,0,0,6.0,10.8,0.2,0,0,0
2025_04_10,효행초등학교정문,5,depart,17,40.0,3,6,2025_1,1,0,0,0,1,0,1,0,13.0,11.0,0.0,0,0,0
2025_04_11,효행초등학교정문,5,depart,17,7.0,4,6,2025_1,1,0,0,0,1,0,0,0,40.0,12.8,0.0,0,0,0
2025_04_14,효행초등학교정문,5,depart,17,2.0,0,7,2025_1,1,0,0,0,0,0,0,0,7.0,4.6,8.8,1,1,0
2025_04_15,효행초등학교정문,5,depart,17,3.0,1,7,2025_1,1,0,0,0,0,0,0,0,2.0,5.6,0.0,0,0,0
2025_04_16,효행초등학교정문,5,depart,17,14.0,2,7,2025_1,1,1,1,0,0,0,0,0,3.0,12.2,1.4,1,0,0
2025_04_17,효행초등학교정문,5,depart,17,18.0,3,7,2025_1,1,1,1,0,0,0,0,0,14.0,18.0,0.0,0,0,0
2025_04_18,효행초등학교정문,5,depart,17,5.0,4,7,2025_1,1,1,1,0,0,0,0,0,18.0,16.8,0.0,0,0,0
2025_04_21,효행초등학교정문,5,depart,17,4.0,0,8,2025_1,1,1,1,0,0,0,0,0,5.0,18.0,0.0,0,0,0
2025_04_22,효행초등학교정문,5,depart,17,5.0,1,8,2025_1,1,1,1,0,0,0,0,0,4.0,16.2,25.2,1,0,0
2025_04_23,효행초등학교정문,5,depart,17,1.0,2,8,2025_1,1,1,1,0,0,0,0,0,5.0,15.2,0.0,0,0,0
2025_04_24,효행초등학교정문,5,depart,17,6.0,3,8,2025_1,1,1,1,0,0,0,0,0,1.0,12.3,0.0,0,0,0
2025_04_25,효행초등학교정문,5,depart,17,7.0,4,8,2025_1,1,1,1,0,0,0,0,0,6.0,10.4,0.0,0,0,0
2025_04_28,효행초등학교정문,5,depart,17,6.0,0,9,2025_1,1,1,1,0,0,0,0,0,7.0,12.4,0.0,0,0,0
2025_04_29,효행초등학교정문,5,depart,17,9.0,1,9,2025_1,1,1,1,0,0,0,0,0,6.0,12.0,0.0,0,0,0
2025_04_30,효행초등학교정문,5,depart,17,27.0,2,9,2025_1,1,1,1,0,0,0,0,0,9.0,16.2,0.0,0,0,0
2025_05_01,효행초등학교정문,5,depart,17,1.0,3,9,2025_1,1,0,0,0,0,0,0,0,27.0,12.6,22.3,1,0,0
2025_05_02,효행초등학교정문,5,depart,17,4.0,4,9,2025_1,1,0,0,0,0,0,0,0,1.0,12.1,0.0,0,0,0
2025_05_05,효행초등학교정문,5,depart,17,1.0,0,10,2025_1,1,0,0,0,0,1,0,0,4.0,10.6,0.3,0,0,0
2025_05_06,효행초등학교정문,5,depart,17,1.0,1,10,2025_1,1,0,0,0,0,1,0,0,1.0,12.5,0.0,0,0,0
2025_05_07,효행초등학교정문,5,depart,17,18.0,2,10,2025_1,1,0,0,0,0,0,0,0,1.0,12.6,0.1,0,0,0
2025_05_08,효행초등학교정문,5,depart,17,28.0,3,10,2025_1,1,0,0,0,0,0,0,0,18.0,15.4,0.0,0,0,0
2025_05_09,효행초등학교정문,5,depart,17,3.0,4,10,2025_1,1,0,0,0,0,0,0,0,28.0,13.6,21.7,1,0,0
2025_05_12,효행초등학교정문,5,depart,17,5.0,0,11,2025_1,1,0,0,0,0,0,0,0,3.0,15.0,0.0,0,0,0
2025_05_13,효행초등학교정문,5,depart,17,3.0,1,11,2025_1,1,0,0,0,0,0,0,0,5.0,19.0,0.0,0,0,0
2025_05_14,효행초등학교정문,5,depart,17,17.0,2,11,2025_1,1,0,0,0,0,0,0,0,3.0,20.4,0.1,0,0,0
2025_05_15,효행초등학교정문,5,depart,17,21.0,3,11,2025_1,1,0,0,0,0,0,0,0,17.0,19.4,4.7,1,0,0
2025_05_16,효행초등학교정문,5,depart,17,10.0,4,11,2025_1,1,0,0,0,0,0,0,0,21.0,20.0,16.3,1,0,0
2025_05_19,효행초등학교정문,5,depart,17,10.0,0,12,2025_1,1,0,0,0,0,0,0,0,10.0,15.0,0.0,0,0,0
2025_05_20,효행초등학교정문,5,depart,17,6.0,1,12,2025_1,1,0,0,0,0,0,0,0,10.0,21.3,0.2,0,0,0
2025_05_21,효행초등학교정문,5,depart,17,5.0,2,12,2025_1,1,0,0,0,0,0,0,0,6.0,24.2,0.4,0,0,0
2025_05_22,효행초등학교정문,5,depart,17,9.0,3,12,2025_1,1,0,0,0,0,0,0,0,5.0,22.7,2.6,1,0,0
2025_05_23,효행초등학교정문,5,depart,17,3.0,4,12,2025_1,1,0,0,0,0,0,0,0,9.0,19.3,3.5,1,0,0
2025_05_26,효행초등학교정문,5,depart,17,6.0,0,13,2025_1,1,0,0,0,1,0,0,0,3.0,18.7,0.0,0,0,0
2025_05_27,효행초등학교정문,5,depart,17,2.0,1,13,2025_1,1,0,0,0,1,0,0,0,6.0,19.6,0.0,0,0,0
2025_05_28,효행초등학교정문,5,depart,17,10.0,2,13,2025_1,1,0,0,0,1,0,0,0,2.0,19.5,0.6,1,0,0
2025_05_29,효행초등학교정문,5,depart,17,46.0,3,13,2025_1,1,0,0,0,1,0,1,1,10.0,20.4,0.4,0,0,0
2025_05_30,효행초등학교정문,5,depart,17,8.0,4,13,2025_1,1,0,0,0,1,0,0,0,46.0,21.7,0.0,0,0,0
2025_06_02,효행초등학교정문,5,depart,17,17.0,0,14,2025_1,1,0,0,0,0,0,0,0,8.0,20.2,1.0,1,0,0
2025_06_03,효행초등학교정문,5,depart,17,1.0,1,14,2025_1,1,0,0,0,0,0,0,0,17.0,20.2,0.2,0,0,0
2025_06_04,효행초등학교정문,5,depart,17,4.0,2,14,2025_1,1,1,0,1,0,0,0,0,1.0,19.0,0.0,0,0,0
2025_06_05,효행초등학교정문,5,depart,17,38.0,3,14,2025_1,1,1,0,1,0,0,1,0,4.0,20.0,0.0,0,0,0
2025_06_06,효행초등학교정문,5,depart,17,1.0,4,14,2025_1,1,1,0,1,0,1,0,0,38.0,23.3,0.0,0,0,0
2025_06_09,효행초등학교정문,5,depart,17,7.0,0,15,2025_1,1,1,0,1,0,0,0,0,1.0,24.5,0.2,0,0,0
2025_06_10,효행초등학교정문,5,depart,17,7.0,1,15,2025_1,1,1,0,1,0,0,0,0,7.0,21.0,0.0,0,0,0
2025_06_11,효행초등학교정문,5,depart,17,3.0,2,15,2025_1,1,1,0,1,0,0,0,0,7.0,21.2,0.0,0,0,0
2025_06_12,효행초등학교정문,5,depart,17,5.0,3,15,2025_1,1,1,0,1,0,0,0,0,3.0,23.9,0.0,0,0,0
2025_06_13,효행초등학교정문,5,depart,17,6.0,4,15,2025_1,1,1,0,1,0,0,0,0,5.0,23.2,3.8,1,0,0
2025_06_16,효행초등학교정문,5,depart,17,3.0,0,16,2025_1,1,1,0,1,0,0,0,0,6.0,22.8,16.0,1,0,0
2025_06_17,효행초등학교정문,5,depart,17,7.0,1,16,2025_1,1,1,0,1,0,0,0,0,3.0,23.0,0.4,0,0,0
2025_06_18,효행초등학교정문,5,depart,17,3.0,2,16,2025_1,1,0,0,0,0,0,0,0,7.0,24.2,0.0,0,0,0
2025_06_19,효행초등학교정문,5,depart,17,7.0,3,16,2025_1,1,0,0,0,0,0,0,0,3.0,26.2,0.3,0,0,0
2025_06_20,효행초등학교정문,5,depart,17,2.0,4,16,2025_1,1,0,0,0,0,0,0,0,7.0,23.0,48.9,1,0,0
2025_06_23,효행초등학교정문,5,depart,17,5.0,0,17,2025_1,1,0,0,0,0,0,0,0,2.0,23.3,0.0,0,0,0
2025_08_25,효행초등학교정문,5,depart,17,1.0,0,1,2025_2,2,0,0,0,0,0,0,0,5.0,28.0,21.8,1,0,0
2025_08_26,효행초등학교정문,5,depart,17,10.0,1,1,2025_2,2,0,0,0,0,0,0,0,1.0,26.1,22.2,1,0,0
2025_08_27,효행초등학교정문,5,depart,17,3.0,2,1,2025_2,2,0,0,0,0,0,0,0,10.0,25.9,0.1,0,0,0
2025_08_28,효행초등학교정문,5,depart,17,9.0,3,1,2025_2,2,0,0,0,0,0,0,0,3.0,26.6,1.5,1,0,0
2025_08_29,효행초등학교정문,5,depart,17,1.0,4,1,2025_2,2,0,0,0,0,0,0,0,9.0,27.6,5.9,1,0,0
2025_09_01,효행초등학교정문,5,depart,17,6.0,0,2,2025_2,2,0,0,0,0,0,0,0,1.0,25.7,17.6,1,0,0
2025_09_02,효행초등학교정문,5,depart,17,8.0,1,2,2025_2,2,0,0,0,0,0,0,0,6.0,24.3,0.0,0,0,0
2025_09_03,효행초등학교정문,5,depart,17,17.0,2,2,2025_2,2,0,0,0,0,0,0,0,8.0,25.0,0.0,0,0,0
2025_09_05,효행초등학교정문,5,depart,17,5.0,4,2,2025_2,2,0,0,0,0,0,0,0,17.0,26.1,0.3,0,0,0
2025_09_08,효행초등학교정문,5,depart,17,5.0,0,3,2025_2,2,0,0,0,0,0,0,0,5.0,22.8,0.0,0,0,0
2025_09_09,효행초등학교정문,5,depart,17,3.0,1,3,2025_2,2,0,0,0,0,0,0,0,5.0,23.0,0.7,1,0,0
2025_09_10,효행초등학교정문,5,depart,17,16.0,2,3,2025_2,2,0,0,0,0,0,0,0,3.0,23.8,0.0,0,0,0
2025_09_11,효행초등학교정문,5,depart,17,3.0,3,3,2025_2,2,0,0,0,0,0,0,0,16.0,23.4,0.0,0,0,0
2025_09_12,효행초등학교정문,5,depart,17,2.0,4,3,2025_2,2,0,0,0,0,0,0,0,3.0,22.0,10.2,1,0,0
2026_03_04,효행초등학교정문,5,depart,17,0.0,2,1,2026_1,1,0,0,0,0,0,0,0,2.0,5.0,0.0,0,0,0
2026_03_05,효행초등학교정문,5,depart,17,9.0,3,1,2026_1,1,0,0,0,0,0,0,0,0.0,5.4,14.0,1,0,0
2026_03_06,효행초등학교정문,5,depart,17,4.0,4,1,2026_1,1,0,0,0,0,0,0,0,9.0,1.0,1.6,1,1,0
2026_03_09,효행초등학교정문,5,depart,17,2.0,0,2,2026_1,1,0,0,0,0,0,0,0,4.0,3.0,0.0,0,1,0
2026_03_10,효행초등학교정문,5,depart,17,2.0,1,2,2026_1,1,0,0,0,0,0,0,0,2.0,2.2,0.0,0,1,0
2026_03_11,효행초등학교정문,5,depart,17,7.0,2,2,2026_1,1,0,0,0,0,0,0,0,2.0,3.4,0.0,0,1,0
2026_03_12,효행초등학교정문,5,depart,17,13.0,3,2,2026_1,1,0,0,0,0,0,0,0,7.0,4.9,0.0,0,1,0
2026_03_13,효행초등학교정문,5,depart,17,17.0,4,2,2026_1,1,0,0,0,0,0,0,0,13.0,5.8,0.0,0,0,0
2026_03_16,효행초등학교정문,5,depart,17,24.0,0,3,2026_1,1,0,0,0,0,0,0,0,17.0,5.8,0.0,0,0,0
2026_03_17,효행초등학교정문,5,depart,17,22.0,1,3,2026_1,1,0,0,0,0,0,0,0,24.0,6.0,0.0,0,0,0
2026_03_23,효행초등학교정문,5,depart,17,34.0,0,4,2026_1,1,0,0,0,0,0,1,0,22.0,9.6,0.0,0,0,0
2026_03_24,효행초등학교정문,5,depart,17,13.0,1,4,2026_1,1,0,0,0,0,0,0,0,34.0,10.6,0.0,0,0,0
2026_03_25,효행초등학교정문,5,depart,17,11.0,2,4,2026_1,1,0,0,0,0,0,0,0,13.0,12.0,0.0,0,0,0
2026_03_26,효행초등학교정문,5,depart,17,26.0,3,4,2026_1,1,0,0,0,0,0,0,0,11.0,10.5,0.0,0,0,0
2026_03_27,효행초등학교정문,5,depart,17,3.0,4,4,2026_1,1,0,0,0,0,0,0,0,26.0,11.0,0.1,0,0,0
2026_03_30,효행초등학교정문,5,depart,17,3.0,0,5,2026_1,1,0,0,0,0,0,0,0,3.0,13.7,3.2,1,0,0
2026_03_31,효행초등학교정문,5,depart,17,7.0,1,5,2026_1,1,0,0,0,0,0,0,0,3.0,13.6,9.5,1,0,0
2026_04_01,효행초등학교정문,5,depart,17,23.0,2,5,2026_1,1,0,0,0,0,0,0,0,7.0,11.5,0.1,0,0,0
2026_04_02,효행초등학교정문,5,depart,17,39.0,3,5,2026_1,1,0,0,0,0,0,1,0,23.0,9.6,0.0,0,0,0
2026_04_03,효행초등학교정문,5,depart,17,20.0,4,5,2026_1,1,0,0,0,0,0,0,0,39.0,13.0,0.0,0,0,0
2026_04_06,효행초등학교정문,5,depart,17,24.0,0,6,2026_1,1,0,0,0,1,0,0,0,20.0,9.1,5.5,1,0,0
2026_04_07,효행초등학교정문,5,depart,17,4.0,1,6,2026_1,1,0,0,0,1,0,0,0,24.0,6.4,0.0,0,0,0
2026_04_08,효행초등학교정문,5,depart,17,14.0,2,6,2026_1,1,0,0,0,1,0,0,0,4.0,7.4,0.0,0,0,0
2026_04_09,효행초등학교정문,5,depart,17,27.0,3,6,2026_1,1,0,0,0,1,0,0,0,14.0,9.1,18.9,1,0,0
2026_04_10,효행초등학교정문,5,depart,17,2.0,4,6,2026_1,1,0,0,0,1,0,0,0,27.0,9.8,5.8,1,0,0
2026_04_13,효행초등학교정문,5,depart,17,17.0,0,7,2026_1,1,0,0,0,0,0,0,0,2.0,16.4,0.0,0,0,0
2026_04_14,효행초등학교정문,5,depart,17,41.0,1,7,2026_1,1,0,0,0,0,0,1,0,17.0,19.0,0.0,0,0,0
2026_04_15,효행초등학교정문,5,depart,17,8.0,2,7,2026_1,1,0,0,0,0,0,0,0,41.0,17.6,0.0,0,0,0
2026_04_16,효행초등학교정문,5,depart,17,13.0,3,7,2026_1,1,1,1,0,0,0,0,0,8.0,17.8,0.0,0,0,0
2026_04_17,효행초등학교정문,5,depart,17,6.0,4,7,2026_1,1,1,1,0,0,0,0,0,13.0,16.0,0.2,0,0,0
2026_04_20,효행초등학교정문,5,depart,17,9.0,0,8,2026_1,1,1,1,0,0,0,0,0,6.0,12.2,0.7,1,0,0
2026_04_21,효행초등학교정문,5,depart,17,10.0,1,8,2026_1,1,1,1,0,0,0,0,0,9.0,11.1,0.0,0,0,0
2026_04_22,효행초등학교정문,5,depart,17,9.0,2,8,2026_1,1,1,1,0,0,0,0,0,10.0,13.4,0.0,0,0,0
2026_04_23,효행초등학교정문,5,depart,17,14.0,3,8,2026_1,1,1,1,0,0,0,0,0,9.0,16.1,0.0,0,0,0
2026_04_24,효행초등학교정문,5,depart,17,7.0,4,8,2026_1,1,1,1,0,0,0,0,0,14.0,17.2,0.0,0,0,0
2025_03_05,효행초등학교정문,5,depart,18,1.0,2,1,2025_1,1,0,0,0,0,0,0,0,,3.5,0.2,0,1,0
2025_03_06,효행초등학교정문,5,depart,18,5.0,3,1,2025_1,1,0,0,0,0,0,0,0,1.0,3.4,0.0,0,1,0
2025_03_07,효행초등학교정문,5,depart,18,2.0,4,1,2025_1,1,0,0,0,0,0,0,0,5.0,2.8,0.0,0,1,0
2025_03_10,효행초등학교정문,5,depart,18,13.0,0,2,2025_1,1,0,0,0,0,0,0,0,2.0,6.0,0.0,0,0,0
2025_03_12,효행초등학교정문,5,depart,18,6.0,2,2,2025_1,1,0,0,0,0,0,0,0,13.0,7.3,0.1,0,0,0
2025_03_13,효행초등학교정문,5,depart,18,1.0,3,2,2025_1,1,0,0,0,0,0,0,0,6.0,6.6,0.0,0,0,0
2025_03_14,효행초등학교정문,5,depart,18,2.0,4,2,2025_1,1,0,0,0,0,0,0,0,1.0,10.4,0.0,0,0,0
2025_03_17,효행초등학교정문,5,depart,18,2.0,0,3,2025_1,1,0,0,0,0,0,0,0,2.0,0.3,0.1,0,1,0
2025_03_18,효행초등학교정문,5,depart,18,5.0,1,3,2025_1,1,0,0,0,0,0,0,0,2.0,0.7,4.5,1,1,0
2025_03_19,효행초등학교정문,5,depart,18,13.0,2,3,2025_1,1,0,0,0,0,0,0,0,5.0,-0.8,0.0,0,1,0
2025_03_20,효행초등학교정문,5,depart,18,6.0,3,3,2025_1,1,0,0,0,0,0,0,0,13.0,6.1,0.0,0,0,0
2025_03_21,효행초등학교정문,5,depart,18,5.0,4,3,2025_1,1,0,0,0,0,0,0,0,6.0,9.6,0.0,0,0,0
2025_03_24,효행초등학교정문,5,depart,18,0.0,0,4,2025_1,1,0,0,0,0,0,0,0,5.0,14.1,0.0,0,0,0
2025_03_25,효행초등학교정문,5,depart,18,3.0,1,4,2025_1,1,0,0,0,0,0,0,0,0.0,13.2,0.0,0,0,0
2025_03_26,효행초등학교정문,5,depart,18,9.0,2,4,2025_1,1,0,0,0,0,0,0,0,3.0,12.6,0.0,0,0,0
2025_03_27,효행초등학교정문,5,depart,18,13.0,3,4,2025_1,1,0,0,0,0,0,0,0,9.0,12.6,1.0,1,0,0
2025_03_28,효행초등학교정문,5,depart,18,0.0,4,4,2025_1,1,0,0,0,0,0,0,0,13.0,6.0,0.0,0,0,0
2025_03_31,효행초등학교정문,5,depart,18,7.0,0,5,2025_1,1,0,0,0,0,0,0,0,0.0,5.2,0.0,0,0,0
2025_04_01,효행초등학교정문,5,depart,18,4.0,1,5,2025_1,1,0,0,0,0,0,0,0,7.0,7.6,0.0,0,0,0
2025_04_02,효행초등학교정문,5,depart,18,1.0,2,5,2025_1,1,0,0,0,0,0,0,0,4.0,7.6,0.6,1,0,0
2025_04_03,효행초등학교정문,5,depart,18,3.0,3,5,2025_1,1,0,0,0,0,0,0,0,1.0,7.8,0.0,0,0,0
2025_04_04,효행초등학교정문,5,depart,18,2.0,4,5,2025_1,1,0,0,0,0,0,0,0,3.0,9.0,0.0,0,0,0
2025_04_07,효행초등학교정문,5,depart,18,1.0,0,6,2025_1,1,0,0,0,1,0,0,0,2.0,10.9,0.0,0,0,0
2025_04_08,효행초등학교정문,5,depart,18,7.0,1,6,2025_1,1,0,0,0,1,0,0,0,1.0,11.1,3.3,1,0,0
2025_04_09,효행초등학교정문,5,depart,18,5.0,2,6,2025_1,1,0,0,0,1,0,0,0,7.0,10.8,0.2,0,0,0
2025_04_10,효행초등학교정문,5,depart,18,11.0,3,6,2025_1,1,0,0,0,1,0,0,0,5.0,11.0,0.0,0,0,0
2025_04_11,효행초등학교정문,5,depart,18,1.0,4,6,2025_1,1,0,0,0,1,0,0,0,11.0,12.8,0.0,0,0,0
2025_04_14,효행초등학교정문,5,depart,18,3.0,0,7,2025_1,1,0,0,0,0,0,0,0,1.0,4.6,8.8,1,1,0
2025_04_15,효행초등학교정문,5,depart,18,1.0,1,7,2025_1,1,0,0,0,0,0,0,0,3.0,5.6,0.0,0,0,0
2025_04_16,효행초등학교정문,5,depart,18,6.0,2,7,2025_1,1,1,1,0,0,0,0,0,1.0,12.2,1.4,1,0,0
2025_04_17,효행초등학교정문,5,depart,18,5.0,3,7,2025_1,1,1,1,0,0,0,0,0,6.0,18.0,0.0,0,0,0
2025_04_18,효행초등학교정문,5,depart,18,3.0,4,7,2025_1,1,1,1,0,0,0,0,0,5.0,16.8,0.0,0,0,0
2025_04_21,효행초등학교정문,5,depart,18,1.0,0,8,2025_1,1,1,1,0,0,0,0,0,3.0,18.0,0.0,0,0,0
2025_04_22,효행초등학교정문,5,depart,18,1.0,1,8,2025_1,1,1,1,0,0,0,0,0,1.0,16.2,25.2,1,0,0
2025_04_23,효행초등학교정문,5,depart,18,2.0,2,8,2025_1,1,1,1,0,0,0,0,0,1.0,15.2,0.0,0,0,0
2025_04_24,효행초등학교정문,5,depart,18,4.0,3,8,2025_1,1,1,1,0,0,0,0,0,2.0,12.3,0.0,0,0,0
2025_04_25,효행초등학교정문,5,depart,18,3.0,4,8,2025_1,1,1,1,0,0,0,0,0,4.0,10.4,0.0,0,0,0
2025_04_28,효행초등학교정문,5,depart,18,2.0,0,9,2025_1,1,1,1,0,0,0,0,0,3.0,12.4,0.0,0,0,0
2025_04_29,효행초등학교정문,5,depart,18,1.0,1,9,2025_1,1,1,1,0,0,0,0,0,2.0,12.0,0.0,0,0,0
2025_04_30,효행초등학교정문,5,depart,18,9.0,2,9,2025_1,1,1,1,0,0,0,0,0,1.0,16.2,0.0,0,0,0
2025_05_01,효행초등학교정문,5,depart,18,0.0,3,9,2025_1,1,0,0,0,0,0,0,0,9.0,12.6,22.3,1,0,0
2025_05_02,효행초등학교정문,5,depart,18,5.0,4,9,2025_1,1,0,0,0,0,0,0,0,0.0,12.1,0.0,0,0,0
2025_05_05,효행초등학교정문,5,depart,18,2.0,0,10,2025_1,1,0,0,0,0,1,0,0,5.0,10.6,0.3,0,0,0
2025_05_06,효행초등학교정문,5,depart,18,0.0,1,10,2025_1,1,0,0,0,0,1,0,0,2.0,12.5,0.0,0,0,0
2025_05_07,효행초등학교정문,5,depart,18,2.0,2,10,2025_1,1,0,0,0,0,0,0,0,0.0,12.6,0.1,0,0,0
2025_05_08,효행초등학교정문,5,depart,18,5.0,3,10,2025_1,1,0,0,0,0,0,0,0,2.0,15.4,0.0,0,0,0
2025_05_09,효행초등학교정문,5,depart,18,1.0,4,10,2025_1,1,0,0,0,0,0,0,0,5.0,13.6,21.7,1,0,0
2025_05_12,효행초등학교정문,5,depart,18,2.0,0,11,2025_1,1,0,0,0,0,0,0,0,1.0,15.0,0.0,0,0,0
2025_05_13,효행초등학교정문,5,depart,18,6.0,1,11,2025_1,1,0,0,0,0,0,0,0,2.0,19.0,0.0,0,0,0
2025_05_14,효행초등학교정문,5,depart,18,6.0,2,11,2025_1,1,0,0,0,0,0,0,0,6.0,20.4,0.1,0,0,0
2025_05_15,효행초등학교정문,5,depart,18,14.0,3,11,2025_1,1,0,0,0,0,0,0,0,6.0,19.4,4.7,1,0,0
2025_05_16,효행초등학교정문,5,depart,18,1.0,4,11,2025_1,1,0,0,0,0,0,0,0,14.0,20.0,16.3,1,0,0
2025_05_19,효행초등학교정문,5,depart,18,1.0,0,12,2025_1,1,0,0,0,0,0,0,0,1.0,15.0,0.0,0,0,0
2025_05_20,효행초등학교정문,5,depart,18,5.0,1,12,2025_1,1,0,0,0,0,0,0,0,1.0,21.3,0.2,0,0,0
2025_05_21,효행초등학교정문,5,depart,18,0.0,2,12,2025_1,1,0,0,0,0,0,0,0,5.0,24.2,0.4,0,0,0
2025_05_22,효행초등학교정문,5,depart,18,1.0,3,12,2025_1,1,0,0,0,0,0,0,0,0.0,22.7,2.6,1,0,0
2025_05_23,효행초등학교정문,5,depart,18,6.0,4,12,2025_1,1,0,0,0,0,0,0,0,1.0,19.3,3.5,1,0,0
2025_05_26,효행초등학교정문,5,depart,18,0.0,0,13,2025_1,1,0,0,0,1,0,0,0,6.0,18.7,0.0,0,0,0
2025_05_27,효행초등학교정문,5,depart,18,8.0,1,13,2025_1,1,0,0,0,1,0,0,0,0.0,19.6,0.0,0,0,0
2025_05_28,효행초등학교정문,5,depart,18,0.0,2,13,2025_1,1,0,0,0,1,0,0,0,8.0,19.5,0.6,1,0,0
2025_05_29,효행초등학교정문,5,depart,18,12.0,3,13,2025_1,1,0,0,0,1,0,0,0,0.0,20.4,0.4,0,0,0
2025_05_30,효행초등학교정문,5,depart,18,2.0,4,13,2025_1,1,0,0,0,1,0,0,0,12.0,21.7,0.0,0,0,0
2025_06_02,효행초등학교정문,5,depart,18,1.0,0,14,2025_1,1,0,0,0,0,0,0,0,2.0,20.2,1.0,1,0,0
2025_06_03,효행초등학교정문,5,depart,18,3.0,1,14,2025_1,1,0,0,0,0,0,0,0,1.0,20.2,0.2,0,0,0
2025_06_04,효행초등학교정문,5,depart,18,1.0,2,14,2025_1,1,1,0,1,0,0,0,0,3.0,19.0,0.0,0,0,0
2025_06_05,효행초등학교정문,5,depart,18,5.0,3,14,2025_1,1,1,0,1,0,0,0,0,1.0,20.0,0.0,0,0,0
2025_06_06,효행초등학교정문,5,depart,18,0.0,4,14,2025_1,1,1,0,1,0,1,0,0,5.0,23.3,0.0,0,0,0
2025_06_09,효행초등학교정문,5,depart,18,0.0,0,15,2025_1,1,1,0,1,0,0,0,0,0.0,24.5,0.2,0,0,0
2025_06_10,효행초등학교정문,5,depart,18,3.0,1,15,2025_1,1,1,0,1,0,0,0,0,0.0,21.0,0.0,0,0,0
2025_06_11,효행초등학교정문,5,depart,18,0.0,2,15,2025_1,1,1,0,1,0,0,0,0,3.0,21.2,0.0,0,0,0
2025_06_12,효행초등학교정문,5,depart,18,3.0,3,15,2025_1,1,1,0,1,0,0,0,0,0.0,23.9,0.0,0,0,0
2025_06_13,효행초등학교정문,5,depart,18,4.0,4,15,2025_1,1,1,0,1,0,0,0,0,3.0,23.2,3.8,1,0,0
2025_06_16,효행초등학교정문,5,depart,18,2.0,0,16,2025_1,1,1,0,1,0,0,0,0,4.0,22.8,16.0,1,0,0
2025_06_17,효행초등학교정문,5,depart,18,3.0,1,16,2025_1,1,1,0,1,0,0,0,0,2.0,23.0,0.4,0,0,0
2025_06_18,효행초등학교정문,5,depart,18,0.0,2,16,2025_1,1,0,0,0,0,0,0,0,3.0,24.2,0.0,0,0,0
2025_06_19,효행초등학교정문,5,depart,18,0.0,3,16,2025_1,1,0,0,0,0,0,0,0,0.0,26.2,0.3,0,0,0
2025_06_20,효행초등학교정문,5,depart,18,3.0,4,16,2025_1,1,0,0,0,0,0,0,0,0.0,23.0,48.9,1,0,0
2025_06_23,효행초등학교정문,5,depart,18,0.0,0,17,2025_1,1,0,0,0,0,0,0,0,3.0,23.3,0.0,0,0,0
2025_08_25,효행초등학교정문,5,depart,18,0.0,0,1,2025_2,2,0,0,0,0,0,0,0,0.0,28.0,21.8,1,0,0
2025_08_26,효행초등학교정문,5,depart,18,1.0,1,1,2025_2,2,0,0,0,0,0,0,0,0.0,26.1,22.2,1,0,0
2025_08_27,효행초등학교정문,5,depart,18,4.0,2,1,2025_2,2,0,0,0,0,0,0,0,1.0,25.9,0.1,0,0,0
2025_08_28,효행초등학교정문,5,depart,18,0.0,3,1,2025_2,2,0,0,0,0,0,0,0,4.0,26.6,1.5,1,0,0
2025_08_29,효행초등학교정문,5,depart,18,2.0,4,1,2025_2,2,0,0,0,0,0,0,0,0.0,27.6,5.9,1,0,0
2025_09_01,효행초등학교정문,5,depart,18,4.0,0,2,2025_2,2,0,0,0,0,0,0,0,2.0,25.7,17.6,1,0,0
2025_09_02,효행초등학교정문,5,depart,18,4.0,1,2,2025_2,2,0,0,0,0,0,0,0,4.0,24.3,0.0,0,0,0
2025_09_03,효행초등학교정문,5,depart,18,3.0,2,2,2025_2,2,0,0,0,0,0,0,0,4.0,25.0,0.0,0,0,0
2025_09_05,효행초등학교정문,5,depart,18,4.0,4,2,2025_2,2,0,0,0,0,0,0,0,3.0,26.1,0.3,0,0,0
2025_09_08,효행초등학교정문,5,depart,18,0.0,0,3,2025_2,2,0,0,0,0,0,0,0,4.0,22.8,0.0,0,0,0
2025_09_09,효행초등학교정문,5,depart,18,6.0,1,3,2025_2,2,0,0,0,0,0,0,0,0.0,23.0,0.7,1,0,0
2025_09_10,효행초등학교정문,5,depart,18,1.0,2,3,2025_2,2,0,0,0,0,0,0,0,6.0,23.8,0.0,0,0,0
2025_09_11,효행초등학교정문,5,depart,18,1.0,3,3,2025_2,2,0,0,0,0,0,0,0,1.0,23.4,0.0,0,0,0
2025_09_12,효행초등학교정문,5,depart,18,1.0,4,3,2025_2,2,0,0,0,0,0,0,0,1.0,22.0,10.2,1,0,0
2026_03_04,효행초등학교정문,5,depart,18,0.0,2,1,2026_1,1,0,0,0,0,0,0,0,1.0,5.0,0.0,0,0,0
2026_03_05,효행초등학교정문,5,depart,18,7.0,3,1,2026_1,1,0,0,0,0,0,0,0,0.0,5.4,14.0,1,0,0
2026_03_06,효행초등학교정문,5,depart,18,6.0,4,1,2026_1,1,0,0,0,0,0,0,0,7.0,1.0,1.6,1,1,0
2026_03_09,효행초등학교정문,5,depart,18,0.0,0,2,2026_1,1,0,0,0,0,0,0,0,6.0,3.0,0.0,0,1,0
2026_03_10,효행초등학교정문,5,depart,18,0.0,1,2,2026_1,1,0,0,0,0,0,0,0,0.0,2.2,0.0,0,1,0
2026_03_11,효행초등학교정문,5,depart,18,4.0,2,2,2026_1,1,0,0,0,0,0,0,0,0.0,3.4,0.0,0,1,0
2026_03_12,효행초등학교정문,5,depart,18,10.0,3,2,2026_1,1,0,0,0,0,0,0,0,4.0,4.9,0.0,0,1,0
2026_03_13,효행초등학교정문,5,depart,18,8.0,4,2,2026_1,1,0,0,0,0,0,0,0,10.0,5.8,0.0,0,0,0
2026_03_16,효행초등학교정문,5,depart,18,4.0,0,3,2026_1,1,0,0,0,0,0,0,0,8.0,5.8,0.0,0,0,0
2026_03_17,효행초등학교정문,5,depart,18,7.0,1,3,2026_1,1,0,0,0,0,0,0,0,4.0,6.0,0.0,0,0,0
2026_03_23,효행초등학교정문,5,depart,18,2.0,0,4,2026_1,1,0,0,0,0,0,0,0,7.0,9.6,0.0,0,0,0
2026_03_24,효행초등학교정문,5,depart,18,8.0,1,4,2026_1,1,0,0,0,0,0,0,0,2.0,10.6,0.0,0,0,0
2026_03_25,효행초등학교정문,5,depart,18,14.0,2,4,2026_1,1,0,0,0,0,0,0,0,8.0,12.0,0.0,0,0,0
2026_03_26,효행초등학교정문,5,depart,18,11.0,3,4,2026_1,1,0,0,0,0,0,0,0,14.0,10.5,0.0,0,0,0
2026_03_27,효행초등학교정문,5,depart,18,4.0,4,4,2026_1,1,0,0,0,0,0,0,0,11.0,11.0,0.1,0,0,0
2026_03_30,효행초등학교정문,5,depart,18,2.0,0,5,2026_1,1,0,0,0,0,0,0,0,4.0,13.7,3.2,1,0,0
2026_03_31,효행초등학교정문,5,depart,18,9.0,1,5,2026_1,1,0,0,0,0,0,0,0,2.0,13.6,9.5,1,0,0
2026_04_01,효행초등학교정문,5,depart,18,8.0,2,5,2026_1,1,0,0,0,0,0,0,0,9.0,11.5,0.1,0,0,0
2026_04_02,효행초등학교정문,5,depart,18,10.0,3,5,2026_1,1,0,0,0,0,0,0,0,8.0,9.6,0.0,0,0,0
2026_04_03,효행초등학교정문,5,depart,18,6.0,4,5,2026_1,1,0,0,0,0,0,0,0,10.0,13.0,0.0,0,0,0
2026_04_06,효행초등학교정문,5,depart,18,2.0,0,6,2026_1,1,0,0,0,1,0,0,0,6.0,9.1,5.5,1,0,0
2026_04_07,효행초등학교정문,5,depart,18,3.0,1,6,2026_1,1,0,0,0,1,0,0,0,2.0,6.4,0.0,0,0,0
2026_04_08,효행초등학교정문,5,depart,18,16.0,2,6,2026_1,1,0,0,0,1,0,0,0,3.0,7.4,0.0,0,0,0
2026_04_09,효행초등학교정문,5,depart,18,10.0,3,6,2026_1,1,0,0,0,1,0,0,0,16.0,9.1,18.9,1,0,0
2026_04_10,효행초등학교정문,5,depart,18,4.0,4,6,2026_1,1,0,0,0,1,0,0,0,10.0,9.8,5.8,1,0,0
2026_04_13,효행초등학교정문,5,depart,18,6.0,0,7,2026_1,1,0,0,0,0,0,0,0,4.0,16.4,0.0,0,0,0
2026_04_14,효행초등학교정문,5,depart,18,10.0,1,7,2026_1,1,0,0,0,0,0,0,0,6.0,19.0,0.0,0,0,0
2026_04_15,효행초등학교정문,5,depart,18,3.0,2,7,2026_1,1,0,0,0,0,0,0,0,10.0,17.6,0.0,0,0,0
2026_04_16,효행초등학교정문,5,depart,18,11.0,3,7,2026_1,1,1,1,0,0,0,0,0,3.0,17.8,0.0,0,0,0
2026_04_17,효행초등학교정문,5,depart,18,1.0,4,7,2026_1,1,1,1,0,0,0,0,0,11.0,16.0,0.2,0,0,0
2026_04_20,효행초등학교정문,5,depart,18,5.0,0,8,2026_1,1,1,1,0,0,0,0,0,1.0,12.2,0.7,1,0,0
2026_04_21,효행초등학교정문,5,depart,18,9.0,1,8,2026_1,1,1,1,0,0,0,0,0,5.0,11.1,0.0,0,0,0
2026_04_22,효행초등학교정문,5,depart,18,8.0,2,8,2026_1,1,1,1,0,0,0,0,0,9.0,13.4,0.0,0,0,0
2026_04_23,효행초등학교정문,5,depart,18,0.0,3,8,2026_1,1,1,1,0,0,0,0,0,8.0,16.1,0.0,0,0,0
2026_04_24,효행초등학교정문,5,depart,18,6.0,4,8,2026_1,1,1,1,0,0,0,0,0,0.0,17.2,0.0,0,0,0
